Title,Price,screen,screen_size,resolution_width,resolution_height,resolution_pixels,refresh_rate,ram,ram_gb,storage,storage_gb,processor,cpu_clean,cpu_brand,cpu_family,cpu_generation,graphics,gpu_clean,gpu_brand,gpu_model,nvidia_gpu,is_gaming,has_dedicated_gpu,has_nvidia_gpu,has_amd_gpu,has_intel_gpu,os
"Laptop HP OmniBook 3 16-by0028nwx 16"" R5 40 8GB RAM 256GB Dysk SSD Win11 Czarny",1999.0,"16 "",  1920 x 1200 pikseli",16.0,1920,1200,2304000,,8 GB  LPDDR5 5500 Mhz RAM,8,256 GB SSD,256,AMD Ryzen™ 5 40,AMD Ryzen 5 40,AMD,Ryzen 5,,AMD  Radeon™ 610M Graphics,AMD Radeon 610M Graphics,AMD,Radeon 610M,,False,False,False,True,False,Windows 11 Home Edition
"Laptop gamingowy Lenovo LOQ 15IAX9 15,6"" 144Hz i5-12600HX 16GB RAM 512GB Dysk SSD RTX4050 Win11 Szary Funkcje AI",3499.0,"15,6 "",  1920 x 1080 pikseli 144 Hz",15.6,1920,1080,2073600,144,16 GB  DDR5 4800 Mhz RAM,16,512 GB SSD,512,Intel® Core™ i5 12gen 12600HX,Intel Core i5 12gen 12600HX,Intel,Core i5,12,NVIDIA® GeForce RTX™ 4050 + Intel UHD Graphics,NVIDIA GeForce RTX 4050 + Intel UHD Graphics,NVIDIA,GeForce RTX 4050,GeForce RTX 4050,True,True,True,False,True,Windows 11 Home Edition
"Laptop gamingowy Dell Alienware 16 Aurora AC16250 16"" 120Hz Core 5 210H 16GB RAM 512GB Dysk SSD RTX3050 DLSS Win11 Granatowy Funkcje AI",3299.0,"16 "",  2560 x 1600 pikseli 120 Hz",16.0,2560,1600,4096000,120,16 GB  DDR5 5600 Mhz RAM,16,512 GB SSD,512,Intel® Core™ 5 15gen 210H,Intel Core 5 15gen 210H,Intel,Core 5,15,NVIDIA® GeForce RTX™ 3050 + Intel Graphics,NVIDIA GeForce RTX 3050 + Intel Graphics,NVIDIA,GeForce RTX 3050,GeForce RTX 3050,True,True,True,False,True,Windows 11 Home Edition
"Laptop gamingowy ASUS TUF Gaming F16 FX607VJB-RL143W 16"" 144Hz Core 5 210H 16GB RAM 512GB Dysk SSD RTX3050 DLSS3 Win11 Szary Funkcje AI",3299.0,"16 "",  1920 x 1200 pikseli 144 Hz",16.0,1920,1200,2304000,144,16 GB  DDR5 5600 Mhz RAM,16,512 GB SSD,512,Intel® Core™ 5 210H,Intel Core 5 210H,Intel,Core 5,,NVIDIA® GeForce RTX™ 3050 + Intel Graphics,NVIDIA GeForce RTX 3050 + Intel Graphics,NVIDIA,GeForce RTX 3050,GeForce RTX 3050,True,True,True,False,True,Windows 11 Home Edition
"Laptop Lenovo IdeaPad Slim 3 16ARP10 16"" R5 7535HS 24GB RAM 512GB Dysk SSD Win11 Szary",2699.0,"16 "",  1920 x 1200 pikseli 60 Hz",16.0,1920,1200,2304000,60,24 GB  DDR5 4800 Mhz RAM,24,512 GB SSD,512,AMD Ryzen™ 5 7535HS,AMD Ryzen 5 7535HS,AMD,Ryzen 5,,AMD  Radeon™ 660M Graphics,AMD Radeon 660M Graphics,AMD,Radeon 660M,,False,False,False,True,False,Windows 11 Home Edition
"Laptop gamingowy HyperX OMEN 15-gb0075nwx 15,3"" 180Hz R5 240 16GB RAM 512GB Dysk SSD RTX5050 DLSS4 Win11 Czarny",4222.0,"15,3"",  2560 x 1600 pikseli 180 Hz",15.3,2560,1600,4096000,180,16 GB  DDR5 5600 Mhz RAM,16,512 GB SSD,512,AMD Ryzen™ 5 240,AMD Ryzen 5 240,AMD,Ryzen 5,,NVIDIA® GeForce RTX™ 5050 + AMD Radeon™ 760M,NVIDIA GeForce RTX 5050 + AMD Radeon 760M,NVIDIA,GeForce RTX 5050,GeForce RTX 5050,True,True,True,True,False,Windows 11 Home Edition
"Apple MacBook Neo 2026 13"" A18 Pro 8GB RAM 256GB Dysk SSD macOS Indygo Funkcje AI",3199.0,"13 "",  2408 x 1506 pikseli 60 Hz",13.0,2408,1506,3626448,60,8 GB  zunifikowana RAM,8,256 GB SSD,256,Apple A18 Pro,Apple A18 Pro,Apple,A18 Pro,,Apple  A18 Pro (5-rdzeni),Apple A18 Pro (5-rdzeni),Apple,A18 Pro,,False,False,False,False,False,macOS
"Laptop 2w1 HP OmniBook X Flip 14-kc0011nwx OLED 14"" Ryzen AI 7 445 24GB RAM 512GB Dysk SSD Win11 Brązowy Funkcje AI",4999.0,"14 "", ekran dotykowy 1920 x 1200 pikseli 60 Hz",14.0,1920,1200,2304000,60,24 GB  LPDDR5x 8533 Mhz RAM,24,512 GB SSD,512,AMD Ryzen™ AI 7 445,AMD Ryzen AI 7 445,AMD,Ryzen AI 7,,AMD  Radeon™ 840M,AMD Radeon 840M,AMD,Radeon 840M,,False,False,False,True,False,Windows 11 Home Edition
"Laptop Acer Aspire Go 16 AG16-71P 16"" Core 5 120U 32GB RAM 1TB Dysk SSD Win11 Srebrny Funkcje AI",3099.0,"16 "",  1920 x 1200 pikseli 60 Hz",16.0,1920,1200,2304000,60,32 GB  DDR5 RAM,32,1 TB SSD,1024,Intel® Core™ 5 14gen 120U,Intel Core 5 14gen 120U,Intel,Core 5,14,Intel®  Graphics,Intel Graphics,Intel,,,False,False,False,False,True,Windows 11 Home Edition
"Laptop HP 15-fc0217nw 15,6"" AMD Ryzen 7 5825U 16GB RAM 512GB Dysk SSD Win11 Srebrny",2499.0,"15,6 "",  1920 x 1080 pikseli",15.6,1920,1080,2073600,,16 GB  DDR4 3200 MHz RAM,16,512 GB,512,AMD Ryzen™ 7 5825U,AMD Ryzen 7 5825U,AMD,Ryzen 7,,AMD  Radeon™ Graphics,AMD Radeon Graphics,AMD,Radeon,,False,False,False,True,False,Windows 11 Home Edition
"Laptop gamingowy ASUS TUF Gaming F16 FX608JHR-RV094W 16"" 165Hz i5-14450HX 16GB RAM 512GB Dysk SSD RTX5050 DLSS4 Win11 Szary",4099.0,"16 "",  1920 x 1200 pikseli 165 Hz",16.0,1920,1200,2304000,165,16 GB  DDR5 5600 Mhz RAM,16,512 GB SSD,512,Intel® Core™ i5 14gen 14450HX,Intel Core i5 14gen 14450HX,Intel,Core i5,14,NVIDIA® GeForce RTX™ 5050 + Intel UHD Graphics,NVIDIA GeForce RTX 5050 + Intel UHD Graphics,NVIDIA,GeForce RTX 5050,GeForce RTX 5050,True,True,True,False,True,Windows 11 Home Edition
"Laptop chromebook Lenovo IP Slim 3 Chrome 14M868 14"" Kompanio 520 8GB RAM 128GB Dysk SSD ChromeOS Szary",1299.0,"14 "",  1920 x 1080 pikseli 60 Hz",14.0,1920,1080,2073600,60,8 GB   LPDDR4X 3600 RAM,8,128 GB SSD,128,MediaTek™ Kompanio 520,MediaTek Kompanio 520,MediaTek,Kompanio 520,,ARM® Mali G-52,ARM Mali G-52,ARM,Mali G-52,,False,False,False,False,False,Chrome OS
"Laptop gamingowy MSI Katana 17 B13VEK-1449XPL 17,3"" 144Hz i5-13420H 16GB RAM 512GB Dysk SSD RTX4050 Czarny",3599.0,"17,3 "",  1920 x 1080 pikseli 144 Hz",17.3,1920,1080,2073600,144,16 GB  DDR5 5200 Mhz RAM,16,512 GB SSD,512,Intel® Core™ i5 13gen 13420H,Intel Core i5 13gen 13420H,Intel,Core i5,13,NVIDIA® GeForce RTX™ 4050 + Intel UHD Graphics,NVIDIA GeForce RTX 4050 + Intel UHD Graphics,NVIDIA,GeForce RTX 4050,GeForce RTX 4050,True,True,True,False,True,bez systemu
"Laptop gamingowy Lenovo LOQ 15AHP10 15,6"" 144Hz R7 250 16GB RAM 512GB Dysk SSD RTX5050 DLSS4 Win11 Szary Funkcje AI",4099.0,"15,6 "",  1920 x 1080 pikseli 144 Hz",15.6,1920,1080,2073600,144,16 GB  DDR5 5600 Mhz RAM,16,512 GB SSD,512,AMD Ryzen™ 7 250,AMD Ryzen 7 250,AMD,Ryzen 7,,NVIDIA® GeForce RTX™ 5050 + AMD Radeon™ 780M,NVIDIA GeForce RTX 5050 + AMD Radeon 780M,NVIDIA,GeForce RTX 5050,GeForce RTX 5050,True,True,True,True,False,Windows 11 Home Edition
"Laptop gamingowy Lenovo LOQ 15IRX10 15,6"" 144Hz i7-13650HX 16GB RAM 512GB Dysk SSD RTX5060 DLSS4 Win11 Szary Funkcje AI",4599.0,"15,6 "",  1920 x 1080 pikseli 144 Hz",15.6,1920,1080,2073600,144,16 GB  DDR5 4800 Mhz RAM,16,512 GB SSD,512,Intel® Core™ i7 13gen 13650HX,Intel Core i7 13gen 13650HX,Intel,Core i7,13,NVIDIA® GeForce RTX™ 5060 + Intel UHD Graphics,NVIDIA GeForce RTX 5060 + Intel UHD Graphics,NVIDIA,GeForce RTX 5060,GeForce RTX 5060,True,True,True,False,True,Windows 11 Home Edition
"Apple MacBook Air 2025 15,3"" M4 16GB RAM 256GB Dysk macOS Północ Funkcje AI",5499.0,"15,3"",  2880 x 1864 pikseli",15.3,2880,1864,5368320,,16 GB  zunifikowana RAM,16,256 GB SSD,256,Apple M4,Apple M4,Apple,M4,,Apple  M4 (10-rdzeni),Apple M4 (10-rdzeni),Apple,M4,,False,False,False,False,False,macOS Sequoia lub nowszy
"Laptop gamingowy Lenovo Legion Pro 5 16IAX10 OLED 16"" 165Hz Ultra 7 255HX 32GB RAM 1TB Dysk SSD RTX5060 DLSS4 Czarny Funkcje AI",6899.0,"16 "",  2560 x 1600 pikseli 165 Hz",16.0,2560,1600,4096000,165,32 GB  DDR5 5600 Mhz RAM,32,1 TB SSD,1024,Intel® Core™ Ultra 7 15gen 255HX,Intel Core Ultra 7 15gen 255HX,Intel,Core Ultra 7,15,NVIDIA® GeForce RTX™ 5060 + Intel Graphics,NVIDIA GeForce RTX 5060 + Intel Graphics,NVIDIA,GeForce RTX 5060,GeForce RTX 5060,True,True,True,False,True,bez systemu
"Apple MacBook Neo 2026 13"" A18 Pro 8GB RAM 256GB Dysk SSD macOS Subtelny róż Funkcje AI",3199.0,"13 "",  2408 x 1506 pikseli 60 Hz",13.0,2408,1506,3626448,60,8 GB  zunifikowana RAM,8,256 GB SSD,256,Apple A18 Pro,Apple A18 Pro,Apple,A18 Pro,,Apple  A18 Pro (5-rdzeni),Apple A18 Pro (5-rdzeni),Apple,A18 Pro,,False,False,False,False,False,macOS
"Laptop gamingowy MSI Cyborg 15 B13WEKG-628PL 15,6""144Hz i5-13420H 16GB RAM 512GB Dysk SSD RTX5050 DLSS4 Win11 Czarny",3799.0,"15,6 "",  1920 x 1080 pikseli 144 Hz",15.6,1920,1080,2073600,144,16 GB  DDR5 5200 Mhz RAM,16,512 GB SSD,512,Intel® Core™ i5 13gen 13420H,Intel Core i5 13gen 13420H,Intel,Core i5,13,NVIDIA® GeForce RTX™ 5050 + Intel UHD Graphics,NVIDIA GeForce RTX 5050 + Intel UHD Graphics,NVIDIA,GeForce RTX 5050,GeForce RTX 5050,True,True,True,False,True,Windows 11 Home Edition
"Laptop gamingowy Lenovo Legion 5 15AHP11 OLED 15,3"" 165Hz R7 250 16GB RAM 512GB Dysk SSD RTX5060 DLSS4 Win11 Czarny Funkcje AI",5649.0,"15,3"",  2560 x 1600 pikseli 165 Hz",15.3,2560,1600,4096000,165,16 GB  DDR5 5600 Mhz RAM,16,512 GB SSD,512,AMD Ryzen™ 7 250,AMD Ryzen 7 250,AMD,Ryzen 7,,NVIDIA® GeForce RTX™ 5060 + AMD Radeon™ 780M,NVIDIA GeForce RTX 5060 + AMD Radeon 780M,NVIDIA,GeForce RTX 5060,GeForce RTX 5060,True,True,True,True,False,Windows 11 Home Edition
"Laptop Dell 15 DC15255 15,6"" 120Hz R5 7530U 16GB RAM 512GB Dysk SSD Win11 Czarny",2299.0,"15,6 "",  1920 x 1080 pikseli 120 Hz",15.6,1920,1080,2073600,120,16 GB  DDR4 3200 MHz RAM,16,512 GB SSD,512,AMD Ryzen™ 5 7530U,AMD Ryzen 5 7530U,AMD,Ryzen 5,,AMD  Radeon™ Graphics,AMD Radeon Graphics,AMD,Radeon,,False,False,False,True,False,Windows 11 Home Edition
"Laptop Lenovo IdeaPad Slim 5 16IMH10 16"" Core Ultra 5 135H 16GB RAM 512GB Dysk SSD Win11 Szary Funkcje AI",2879.0,"16 "",  1920 x 1200 pikseli 60 Hz",16.0,1920,1200,2304000,60,16 GB  DDR5 5600 Mhz RAM,16,512 GB SSD,512,Intel® Core™ Ultra 5 14gen 135H,Intel Core Ultra 5 14gen 135H,Intel,Core Ultra 5,14,Intel®  Arc Graphics,Intel Arc Graphics,Intel,Arc,,False,False,False,False,True,Windows 11 Home Edition
"Laptop HP 17-cp3216nw 17,3"" R7 7730U 16GB RAM 512GB Dysk SSD Win11 Srebrny",2666.0,"17,3 "",  1920 x 1080 pikseli",17.3,1920,1080,2073600,,16 GB  DDR4 3200 MHz RAM,16,512 GB SSD,512,AMD Ryzen™ 7 7730U,AMD Ryzen 7 7730U,AMD,Ryzen 7,,AMD  Radeon™ Graphics,AMD Radeon Graphics,AMD,Radeon,,False,False,False,True,False,Windows 11 Home Edition
"Laptop Lenovo Yoga 7 14ILL10 OLED 14"" Ultra 5 226V 16GB RAM 512GB Dysk SSD Win11 Funkcje AI",4099.0,"14 "", ekran dotykowy 1920 x 1200 pikseli 60 Hz",14.0,1920,1200,2304000,60,16 GB  LPDDR5x 7467 Mhz RAM,16,512 GB SSD,512,Intel® Core™ Ultra 5 14gen 226V,Intel Core Ultra 5 14gen 226V,Intel,Core Ultra 5,14,Intel®  Arc Graphics,Intel Arc Graphics,Intel,Arc,,False,False,False,False,True,Windows 11 Home Edition
"Laptop gamingowy ASUS ROG Strix G16 G614PR-R9161W 16"" 165Hz R9 8940HX 16GB RAM 1TB Dysk SSD RTX5070Ti DLSS4 Win11 Szary Funkcje AI",8999.0,"16 "",  1920 x 1200 pikseli 165 Hz",16.0,1920,1200,2304000,165,16 GB  DDR5 5200 Mhz RAM,16,1 TB SSD,1024,AMD Ryzen™ 9 8940HX,AMD Ryzen 9 8940HX,AMD,Ryzen 9,,NVIDIA® GeForce RTX™ 5070 Ti + AMD Radeon™ 610M,NVIDIA GeForce RTX 5070 Ti + AMD Radeon 610M,NVIDIA,GeForce RTX 5070 Ti,GeForce RTX 5070 Ti,True,True,True,True,False,Windows 11 Home Edition
"Laptop ASUS Vivobook 16 M1605NAQ-MB114W 16"" Ryzen 5 150 16GB RAM 512GB Dysk SSD Win11 Srebrny Funkcje AI",2599.0,"16 "",  1920 x 1200 pikseli 60 Hz",16.0,1920,1200,2304000,60,16 GB  DDR5 RAM,16,512 GB SSD,512,AMD Ryzen™ 5 150,AMD Ryzen 5 150,AMD,Ryzen 5,,AMD  Radeon™ 660M,AMD Radeon 660M,AMD,Radeon 660M,,False,False,False,True,False,Windows 11 Home Edition
"Laptop gamingowy Lenovo LOQ 15IAX9 15,6"" 144Hz i5-12450HX 16GB RAM 512GB Dysk SSD RTX3050 Win11 Szary",3299.0,"15,6 "",  1920 x 1080 pikseli 144 Hz",15.6,1920,1080,2073600,144,16 GB  DDR5 4800 Mhz RAM,16,512 GB SSD,512,Intel® Core™ i5 12gen 12450HX,Intel Core i5 12gen 12450HX,Intel,Core i5,12,NVIDIA® GeForce RTX™ 3050 + Intel UHD Graphics,NVIDIA GeForce RTX 3050 + Intel UHD Graphics,NVIDIA,GeForce RTX 3050,GeForce RTX 3050,True,True,True,False,True,Windows 11 Home Edition
"Laptop gamingowy Lenovo LOQ 15ARP9 15,6"" 144Hz R5 7235HS 16GB RAM 512GB Dysk SSD RTX4050 DLSS3 Win11 Szary Funkcje AI + Mysz",3799.0,"15,6 "",  1920 x 1080 pikseli 144 Hz",15.6,1920,1080,2073600,144,16 GB  DDR5 4800 Mhz RAM,16,512 GB SSD,512,AMD Ryzen™ 5 7235HS,AMD Ryzen 5 7235HS,AMD,Ryzen 5,,NVIDIA® GeForce RTX™ 4050,NVIDIA GeForce RTX 4050,NVIDIA,GeForce RTX 4050,GeForce RTX 4050,True,True,True,False,False,Windows 11 Home Edition
"Laptop gamingowy MSI Katana 15 HX B14WFK-822PL 15,6"" 144Hz i7-14650HX 16GB RAM 1TB Dysk SSD RTX5060 DLSS4 Win11 Czarny",4749.0,"15,6 "",  1920 x 1080 pikseli 144 Hz",15.6,1920,1080,2073600,144,16 GB  DDR5 5600 Mhz RAM,16,1 TB SSD,1024,Intel® Core™ i7 14gen 14650HX,Intel Core i7 14gen 14650HX,Intel,Core i7,14,NVIDIA® GeForce RTX™ 5060 + Intel UHD Graphics,NVIDIA GeForce RTX 5060 + Intel UHD Graphics,NVIDIA,GeForce RTX 5060,GeForce RTX 5060,True,True,True,False,True,Windows 11 Home Edition
"Laptop HP OmniBook 5 16-ag1223nw 16"" Ryzen AI 5 340 16GB RAM 512GB Dysk SSD Win11 Srebrny Funkcje AI",2666.0,"16 "",  1920 x 1200 pikseli",16.0,1920,1200,2304000,,16 GB  LPDDR5x 7500 Mhz RAM,16,512 GB SSD,512,AMD Ryzen™ AI 5 340,AMD Ryzen AI 5 340,AMD,Ryzen AI 5,,AMD  Radeon™ 840M,AMD Radeon 840M,AMD,Radeon 840M,,False,False,False,True,False,Windows 11 Home Edition
"Laptop Acer Nitro V 16 ANV16-41 16"" 165Hz R5 8645HS 16GB RAM 512GB Dysk SSD RTX4050 DLSS3 Win11 Czarny Funkcje AI",3999.0,"16 "",  1920 x 1200 pikseli 165 Hz",16.0,1920,1200,2304000,165,16 GB  DDR5 5600 Mhz RAM,16,512 GB SSD,512,AMD Ryzen™ 5 8645HS,AMD Ryzen 5 8645HS,AMD,Ryzen 5,,NVIDIA® GeForce RTX™ 4050 + AMD Radeon™ 760M,NVIDIA GeForce RTX 4050 + AMD Radeon 760M,NVIDIA,GeForce RTX 4050,GeForce RTX 4050,False,True,True,True,False,Windows 11 Home Edition
"Laptop HP OmniBook 5 16-af1068nw 16"" Ultra 5 225U 16GB RAM 512GB Dysk SSD Win11 Srebrny Funkcje AI",3799.0,"16 "",  1920 x 1200 pikseli",16.0,1920,1200,2304000,,16 GB  LPDDR5 7467 Mhz RAM,16,512 GB SSD,512,Intel® Core™ Ultra 5 15gen 225U,Intel Core Ultra 5 15gen 225U,Intel,Core Ultra 5,15,Intel®  Graphics,Intel Graphics,Intel,,,False,False,False,False,True,Windows 11 Home Edition
"Apple MacBook Air 2026 13,6"" M5 10/8 16GB RAM 512GB Dysk macOS Północ Funkcje AI",5999.0,"13,6 "",  2560 x 1664 pikseli",13.6,2560,1664,4259840,,16 GB  zunifikowana RAM,16,512 GB SSD,512,Apple M5,Apple M5,Apple,M5,,Apple  M5 (8-rdzeni),Apple M5 (8-rdzeni),Apple,M5,,False,False,False,False,False,macOS
"Laptop 2w1 HP OmniBook 5 Flip 14-fp0220nw 14"" Core 5 120U 16GB RAM 512GB Dysk SSD Win11 Srebrny",2999.0,"14 "", ekran dotykowy 1920 x 1200 pikseli",14.0,1920,1200,2304000,,16 GB  LPDDR5 5200 Mhz RAM,16,512 GB SSD,512,Intel® Core™ 5 14gen 120U,Intel Core 5 14gen 120U,Intel,Core 5,14,Intel®  Graphics,Intel Graphics,Intel,,,False,False,False,False,True,Windows 11 Home Edition
"Laptop 2w1 HP OmniBook X Flip 14-fk0020nw OLED 14"" Ryzen AI 5 340 16GB RAM 512GB Dysk SSD Win11 Srebrny Funkcje AI",3699.0,"14 "", ekran dotykowy 1920 x 1200 pikseli",14.0,1920,1200,2304000,,16 GB  LPDDR5x 7500 Mhz RAM,16,512 GB SSD,512,AMD Ryzen™ AI 5 340,AMD Ryzen AI 5 340,AMD,Ryzen AI 5,,AMD  Radeon™ 840M,AMD Radeon 840M,AMD,Radeon 840M,,False,False,False,True,False,Windows 11 Home Edition
"Laptop gamingowy Lenovo LOQ 15IRX10 15,6"" 144Hz i5-13450HX 16GB RAM 512GB Dysk SSD RTX5060 Win11 Szary Funkcje AI",4299.0,"15,6 "",  1920 x 1080 pikseli 144 Hz",15.6,1920,1080,2073600,144,16 GB  DDR5 4800 Mhz RAM,16,512 GB SSD,512,Intel® Core™ i5 13gen 13450HX,Intel Core i5 13gen 13450HX,Intel,Core i5,13,NVIDIA® GeForce RTX™ 5060 + Intel UHD Graphics,NVIDIA GeForce RTX 5060 + Intel UHD Graphics,NVIDIA,GeForce RTX 5060,GeForce RTX 5060,True,True,True,False,True,Windows 11 Home Edition
"Laptop gamingowy ASUS TUF Gaming A16 FA608UHI-R7165 16"" 144Hz Ryzen 7 260 16GB RAM 512GB Dysk SSD RTX5050 DLSS4 Szary Funkcje AI",3699.0,"16 "",  1920 x 1200 pikseli 144 Hz",16.0,1920,1200,2304000,144,16 GB  DDR5 5600 Mhz RAM,16,512 GB SSD,512,AMD Ryzen™ 7 260,AMD Ryzen 7 260,AMD,Ryzen 7,,NVIDIA® GeForce RTX™ 5050 + 	AMD Radeon™ 780M,NVIDIA GeForce RTX 5050 + AMD Radeon 780M,NVIDIA,GeForce RTX 5050,GeForce RTX 5050,True,True,True,True,False,bez systemu
Laptop gamingowy ASUS TUF Gaming A18 FA808UM-S9016W 18'' 240Hz Ryzen 7 260 16GB RAM 512GB Dysk SSD RTX5060 DLSS4 Win11 Szary Funkcje AI,5999.0,"18 "",  2560 x 1600 pikseli 240 Hz",18.0,2560,1600,4096000,240,16 GB  DDR5 5600 Mhz RAM,16,512 GB SSD,512,AMD Ryzen™ 7 260,AMD Ryzen 7 260,AMD,Ryzen 7,,NVIDIA® GeForce RTX 5060,NVIDIA GeForce RTX 5060,NVIDIA,GeForce RTX 5060,GeForce RTX 5060,True,True,True,False,False,Windows 11 Home Edition
"Laptop HP OmniBook 5 16-ag1030nw 16"" Ryzen AI 7 350 24GB RAM 512GB Dysk SSD Win11 Srebrny Funkcje AI",2799.0,"16 "",  1920 x 1200 pikseli",16.0,1920,1200,2304000,,24 GB  LPDDR5x 7500 Mhz RAM,24,512 GB SSD,512,AMD Ryzen™ AI 7 350,AMD Ryzen AI 7 350,AMD,Ryzen AI 7,,AMD  Radeon™ 860M,AMD Radeon 860M,AMD,Radeon 860M,,False,False,False,True,False,Windows 11 Home Edition
"Laptop gamingowy HP Victus 15-fb3081nw 15,6"" 144Hz R5 240 24GB RAM 512GB Dysk SSD RTX5050 DLSS4 Win11 Czarno-srebrny Funkcje AI",4199.0,"15,6 "",  1920 x 1080 pikseli 144 Hz",15.6,1920,1080,2073600,144,24 GB  DDR5 5600 Mhz RAM,24,512 GB SSD,512,AMD Ryzen™ 5 240,AMD Ryzen 5 240,AMD,Ryzen 5,,NVIDIA® GeForce RTX™ 5050 + AMD Radeon™ 760M,NVIDIA GeForce RTX 5050 + AMD Radeon 760M,NVIDIA,GeForce RTX 5050,GeForce RTX 5050,True,True,True,True,False,Windows 11 Home Edition
"Apple MacBook Pro 2023 14,2"" M3 8GB RAM 512GB Dysk macOS Srebrny US",6299.0,"14,2 "",  3024 x 1964 pikseli 120 Hz",14.2,3024,1964,5939136,120,8 GB  zunifikowana RAM,8,512 GB SSD,512,Apple M3,Apple M3,Apple,M3,,Apple  M3 (10-rdzeni),Apple M3 (10-rdzeni),Apple,M3,,False,False,False,False,False,macOS Sonoma lub nowszy
"Apple MacBook Neo 2026 Touch ID 13"" A18 Pro 8GB RAM 512GB Dysk SSD macOS Subtelny róż Funkcje AI",3749.0,"13 "",  2408 x 1506 pikseli 60 Hz",13.0,2408,1506,3626448,60,8 GB  zunifikowana RAM,8,512 GB SSD,512,Apple A18 Pro,Apple A18 Pro,Apple,A18 Pro,,Apple  A18 Pro (5-rdzeni),Apple A18 Pro (5-rdzeni),Apple,A18 Pro,,False,False,False,False,False,macOS
"Laptop ASUS Zenbook A16 UX3607OA-SQ013W OLED 16"" 120Hz Snapdragon X2 Elite X2E94100 48GB RAM 1TB Dysk SSD Win11 Beżowy AI",8544.99,"16 "",  2880 x 1800 pikseli 120 Hz",16.0,2880,1800,5184000,120,48 GB  LPDDR5X RAM,48,1 TB SSD,1024,Qualcomm® Snapdragon® X2 Elite Extreme X2E94100,Qualcomm Snapdragon X2 Elite Extreme X2E94100,Qualcomm,Snapdragon X2 Elite Extreme,,Qualcomm®  Adreno™ Graphics,Qualcomm Adreno Graphics,Qualcomm,Adreno,,False,False,False,False,False,Windows 11 Home Edition
"Laptop 2w1 Lenovo Yoga 7 2-in-1 14AKP10 OLED 14"" Ryzen AI 5 340 16GB RAM 1TB Dysk SSD Win11 Zielony Funkcje AI",4399.0,"14 "", ekran dotykowy 1920 x 1200 pikseli 60 Hz",14.0,1920,1200,2304000,60,16 GB  LPDDR5 6400 Mhz RAM,16,1 TB SSD,1024,AMD Ryzen™ AI 5 340,AMD Ryzen AI 5 340,AMD,Ryzen AI 5,,AMD  Radeon™ 840M Graphics,AMD Radeon 840M Graphics,AMD,Radeon 840M,,False,False,False,True,False,Windows 11 Home Edition
"Laptop ultrabook ASUS Zenbook 14 UM3406GA-QD013W OLED 14"" Ryzen AI 5 430 16GB RAM 512GB Dysk SSD Win11 Czarny Funkcje AI",3649.0,"14 "",  1920 x 1200 pikseli 60 Hz",14.0,1920,1200,2304000,60,16 GB  LPDDR5X RAM,16,512 GB SSD,512,AMD Ryzen™ AI 5 430,AMD Ryzen AI 5 430,AMD,Ryzen AI 5,,AMD  Radeon™ 840M Graphics,AMD Radeon 840M Graphics,AMD,Radeon 840M,,False,False,False,True,False,Windows 11 Home Edition
"Laptop HP 17-cn4009nw 17,3"" Core 5 120U 16GB RAM 512GB Dysk SSD Win11 Srebrny",2899.0,"17,3 "",  1920 x 1080 pikseli",17.3,1920,1080,2073600,,16 GB  DDR4 3200 MHz RAM,16,512 GB SSD,512,Intel® Core™ 5 14gen 120U,Intel Core 5 14gen 120U,Intel,Core 5,14,Intel®  Graphics,Intel Graphics,Intel,,,False,False,False,False,True,Windows 11 Home Edition
"Laptop gamingowy Gigabyte Gaming A16 3VHK3EE893SD 16"" 165Hz R7 260 16GB RAM 512GB Dysk SSD RTX5060 DLSS4 Czarny Funkcje AI",4339.99,"16 "",  1920 x 1200 pikseli 165 Hz",16.0,1920,1200,2304000,165,16 GB  DDR5 5600 Mhz RAM,16,512 GB SSD,512,AMD Ryzen™ 7 260,AMD Ryzen 7 260,AMD,Ryzen 7,,NVIDIA® GeForce RTX 5060 + AMD Radeon™ 780M,NVIDIA GeForce RTX 5060 + AMD Radeon 780M,NVIDIA,GeForce RTX 5060,GeForce RTX 5060,True,True,True,True,False,bez systemu
"Laptop gamingowy Lenovo Legion Pro 5 16IAX10 OLED 16"" 165Hz Ultra 7 255HX 32GB RAM 1TB Dysk SSD RTX5070 DLSS4 Czarny Funkcje AI",8069.99,"16 "",  2560 x 1600 pikseli 165 Hz",16.0,2560,1600,4096000,165,32 GB  DDR5 5600 Mhz RAM,32,1 TB SSD,1024,Intel® Core™ Ultra 7 15gen 255HX,Intel Core Ultra 7 15gen 255HX,Intel,Core Ultra 7,15,NVIDIA® GeForce RTX™ 5070 + Intel Graphics,NVIDIA GeForce RTX 5070 + Intel Graphics,NVIDIA,GeForce RTX 5070,GeForce RTX 5070,True,True,True,False,True,bez systemu
"Laptop ASUS Vivobook 16 M1605NAQ-SH118W OLED 16"" Ryzen 5 150 16GB RAM 512GB Dysk SSD Win11 Czarny Funkcje AI",2699.0,"16 "",  1920 x 1200 pikseli 60 Hz",16.0,1920,1200,2304000,60,16 GB  DDR5 RAM,16,512 GB SSD,512,AMD Ryzen™ 5 150,AMD Ryzen 5 150,AMD,Ryzen 5,,AMD  Radeon™ 660M,AMD Radeon 660M,AMD,Radeon 660M,,False,False,False,True,False,Windows 11 Home Edition
"Laptop gamingowy Gigabyte Gaming A18 3THK3EEC93SD 18"" 165Hz R7 260 16GB RAM 512GB Dysk SSD RTX5050 DLSS4 Czarny Funkcje AI",4299.0,"18 "",  2560 x 1600 pikseli 165 Hz",18.0,2560,1600,4096000,165,16 GB  DDR5 5600 Mhz RAM,16,512 GB SSD,512,AMD Ryzen™ 7 260,AMD Ryzen 7 260,AMD,Ryzen 7,,NVIDIA® GeForce RTX 5050 + AMD Radeon™ 780M,NVIDIA GeForce RTX 5050 + AMD Radeon 780M,NVIDIA,GeForce RTX 5050,GeForce RTX 5050,True,True,True,True,False,bez systemu
"Laptop Lenovo IdeaPad Slim 3 16ARP10 16"" R5 150 24GB RAM 512GB Dysk SSD Win11 Szary",2799.0,"16 "",  1920 x 1200 pikseli 60 Hz",16.0,1920,1200,2304000,60,24 GB  DDR5 4800 Mhz RAM,24,512 GB SSD,512,AMD Ryzen™ 5 150,AMD Ryzen 5 150,AMD,Ryzen 5,,AMD  Radeon™ 660M Graphics,AMD Radeon 660M Graphics,AMD,Radeon 660M,,False,False,False,True,False,Windows 11 Home Edition
"Laptop gamingowy Lenovo Legion Pro 5 16AFR10 OLED 16"" 165Hz R9 9955HX 32GB RAM 1TB Dysk SSD RTX5070 DLSS4 Czarny Funkcje AI",8299.0,"16 "",  2560 x 1600 pikseli 165 Hz",16.0,2560,1600,4096000,165,32 GB  DDR5 5600 Mhz RAM,32,1 TB SSD,1024,AMD Ryzen™ 9 9955HX,AMD Ryzen 9 9955HX,AMD,Ryzen 9,,NVIDIA® GeForce RTX™ 5070 + AMD Radeon™ 610M,NVIDIA GeForce RTX 5070 + AMD Radeon 610M,NVIDIA,GeForce RTX 5070,GeForce RTX 5070,True,True,True,True,False,bez systemu
"Apple MacBook Neo 2026 13"" A18 Pro 8GB RAM 256GB Dysk SSD macOS Srebrny Funkcje AI",3199.0,"13 "",  2408 x 1506 pikseli 60 Hz",13.0,2408,1506,3626448,60,8 GB  zunifikowana RAM,8,256 GB SSD,256,Apple A18 Pro,Apple A18 Pro,Apple,A18 Pro,,Apple  A18 Pro (5-rdzeni),Apple A18 Pro (5-rdzeni),Apple,A18 Pro,,False,False,False,False,False,macOS
"Laptop gamingowy HP Victus 15-fb3074nw 15,6"" 144Hz Ryzen AI 7 350 24GB RAM 512GB Dysk SSD RTX5060 DLSS4 Win11 Czarno-srebrny Funkcje AI",4555.0,"15,6 "",  1920 x 1080 pikseli 144 Hz",15.6,1920,1080,2073600,144,24 GB  DDR5 5600 Mhz RAM,24,512 GB SSD,512,AMD Ryzen™ AI 7 350,AMD Ryzen AI 7 350,AMD,Ryzen AI 7,,NVIDIA® GeForce RTX™ 5060 + AMD Radeon™ 860M,NVIDIA GeForce RTX 5060 + AMD Radeon 860M,NVIDIA,GeForce RTX 5060,GeForce RTX 5060,True,True,True,True,False,Windows 11 Home Edition
"Laptop gamingowy MSI Katana 15 HX B14WFK-020XPL 15,6"" 165Hz i7-14650HX 16GB RAM 512GB Dysk SSD RTX5060 DLSS4 Czarny",4699.0,"15,6 "",  2560 x 1440 pikseli 165 Hz",15.6,2560,1440,3686400,165,16 GB  DDR5 5600 Mhz RAM,16,512 GB SSD,512,Intel® Core™ i7 14gen 14650HX,Intel Core i7 14gen 14650HX,Intel,Core i7,14,NVIDIA® GeForce RTX™ 5060 + Intel UHD Graphics,NVIDIA GeForce RTX 5060 + Intel UHD Graphics,NVIDIA,GeForce RTX 5060,GeForce RTX 5060,True,True,True,False,True,bez systemu
"Laptop gamingowy HP OMEN 17-db1041nw 17,3"" 144Hz Ryzen AI 7 350 32GB RAM 1TB Dysk SSD RTX5060 Win11 Czarny Funkcje AI",6499.0,"17,3 "",  1920 x 1080 pikseli 144 Hz",17.3,1920,1080,2073600,144,32 GB  DDR5 5600 Mhz RAM,32,1 TB SSD,1024,AMD Ryzen™ AI 7 350,AMD Ryzen AI 7 350,AMD,Ryzen AI 7,,NVIDIA® GeForce RTX 5060 + AMD Radeon™ 860M,NVIDIA GeForce RTX 5060 + AMD Radeon 860M,NVIDIA,GeForce RTX 5060,GeForce RTX 5060,True,True,True,True,False,Windows 11 Home Edition
"Laptop gamingowy MSI Katana 17 HX B14WGK-036XPL 17,3"" 240Hz i7-14650HX 16GB RAM 1TB Dysk SSD RTX5070 DLSS4 Czarny",6299.0,"17,3 "",  2560 x 1440 pikseli 240 Hz",17.3,2560,1440,3686400,240,16 GB  DDR5 5600 Mhz RAM,16,1 TB SSD,1024,Intel® Core™ i7 14gen 14650HX,Intel Core i7 14gen 14650HX,Intel,Core i7,14,NVIDIA® GeForce RTX™ 5070 + Intel UHD Graphics,NVIDIA GeForce RTX 5070 + Intel UHD Graphics,NVIDIA,GeForce RTX 5070,GeForce RTX 5070,True,True,True,False,True,bez systemu
"Apple MacBook Air 2026 13,6"" M5 10/10 24GB RAM 1TB Dysk macOS Północ Funkcje AI",8399.0,"13,6 "",  2560 x 1664 pikseli",13.6,2560,1664,4259840,,24 GB  zunifikowana RAM,24,1 TB SSD,1024,Apple M5,Apple M5,Apple,M5,,Apple  M5 (10-rdzeni),Apple M5 (10-rdzeni),Apple,M5,,False,False,False,False,False,macOS
"Laptop gamingowy Gigabyte Gaming A16 CVHI3EE894SD 16"" 165Hz i7-13620H 16GB RAM 1TB Dysk SSD RTX5060 DLSS4 Czarny",4229.99,"16 "",  1920 x 1200 pikseli 165 Hz",16.0,1920,1200,2304000,165,16 GB  DDR5 5200 Mhz RAM,16,1 TB SSD,1024,Intel® Core™ i7 13gen 13620H,Intel Core i7 13gen 13620H,Intel,Core i7,13,NVIDIA® GeForce RTX 5060 + Intel UHD Graphics,NVIDIA GeForce RTX 5060 + Intel UHD Graphics,NVIDIA,GeForce RTX 5060,GeForce RTX 5060,True,True,True,False,True,bez systemu
"Laptop gamingowy ASUS ROG Strix Scar 16 G635LX-U9644X 16"" 240Hz Ultra 9 275HX 64GB RAM 4TB Dysk SSD RTX5090 DLSS4 Win11 Pro Czarny AI",19944.99,"16 "",  2560 x 1600 pikseli 240 Hz",16.0,2560,1600,4096000,240,64 GB  DDR5 5600 Mhz RAM,64,4 TB SSD,4096,Intel® Core™ Ultra 9 15gen 275HX,Intel Core Ultra 9 15gen 275HX,Intel,Core Ultra 9,15,NVIDIA® Geforce RTX™ 5090 + Intel Graphics,NVIDIA Geforce RTX 5090 + Intel Graphics,NVIDIA,GeForce RTX 5090,GeForce RTX 5090,True,True,True,False,True,Windows 11 Professional
"Laptop biznesowy Lenovo ThinkPad T16 Gen 4 16"" Ultra 5 225U 16GB RAM 512GB Dysk SSD Win11 Pro Czarny Funkcje AI",7024.99,"16 "",  1920 x 1200 pikseli 60 Hz",16.0,1920,1200,2304000,60,16 GB  DDR5 5600 Mhz RAM,16,512 GB SSD,512,Intel® Core™ Ultra 5 15gen 225U,Intel Core Ultra 5 15gen 225U,Intel,Core Ultra 5,15,Intel®  Graphics,Intel Graphics,Intel,,,False,False,False,False,True,Windows 11 Professional
"Apple MacBook Air 2025 15,3"" M4 16GB RAM 512GB Dysk macOS Błękitny Funkcje AI",5999.0,"15,3"",  2880 x 1864 pikseli",15.3,2880,1864,5368320,,16 GB  zunifikowana RAM,16,512 GB SSD,512,Apple M4,Apple M4,Apple,M4,,Apple  M4 (10-rdzeni),Apple M4 (10-rdzeni),Apple,M4,,False,False,False,False,False,macOS Sequoia lub nowszy
"Laptop chromebook Acer Chromebook 315 CB315-6H-TCO 15,6"" N150 8GB RAM 128GB Dysk ChromeOS Srebrny",1599.0,"15,6 "",  1920 x 1080 pikseli 60 Hz",15.6,1920,1080,2073600,60,8 GB  LPDDR5X RAM,8,128 GB SSD,128,Intel®  N150,Intel N150,Intel,N150,,Intel®  Graphics,Intel Graphics,Intel,,,False,False,False,False,True,Chrome OS
"Laptop HP OmniBook 3 14-hu0012nwx 14"" Core 3 100U 8GB RAM 256GB Dysk SSD Win11 Srebrny",1999.0,"14 "",  1920 x 1200 pikseli",14.0,1920,1200,2304000,,8 GB  DDR5 5200 Mhz RAM,8,256 GB SSD,256,Intel® Core™ 3 14gen 100U,Intel Core 3 14gen 100U,Intel,Core 3,14,Intel®  Graphics,Intel Graphics,Intel,,,False,False,False,False,True,Windows 11 Home Edition
"Laptop gamingowy MSI Katana 17 B13VEK-1261XPL 17,3"" 144Hz i7-13620H 16GB RAM 1TB Dysk SSD RTX4050 DLSS3 Czarny",4299.0,"17,3 "",  1920 x 1080 pikseli 144 Hz",17.3,1920,1080,2073600,144,16 GB  DDR5 5200 Mhz RAM,16,1 TB SSD,1024,Intel® Core™ i7 13gen 13620H,Intel Core i7 13gen 13620H,Intel,Core i7,13,NVIDIA® GeForce RTX™ 4050 + Intel UHD Graphics,NVIDIA GeForce RTX 4050 + Intel UHD Graphics,NVIDIA,GeForce RTX 4050,GeForce RTX 4050,True,True,True,False,True,bez systemu
"Apple MacBook Pro 2026 14,2"" M5 Pro 15/16 24GB RAM 1TB Dysk macOS Gwiezdna Czerń Funkcje AI",11299.0,"14,2 "",  3024 x 1964 pikseli 120 Hz",14.2,3024,1964,5939136,120,24 GB  zunifikowana RAM,24,1 TB SSD,1024,Apple M5 Pro,Apple M5 Pro,Apple,M5 Pro,,Apple  M5 Pro (16-rdzeni),Apple M5 Pro (16-rdzeni),Apple,M5 Pro,,False,False,False,False,False,macOS
"Laptop ASUS Vivobook 14 M1407GA-LY011W 14"" Ryzen AI 7 445 16GB RAM 512GB Dysk SSD Win11 Złoty Funkcje AI",2999.0,"14 "",  1920 x 1200 pikseli 60 Hz",14.0,1920,1200,2304000,60,16 GB  DDR5 RAM,16,512 GB SSD,512,AMD Ryzen™ AI 7 445,AMD Ryzen AI 7 445,AMD,Ryzen AI 7,,AMD  Radeon™ 840M,AMD Radeon 840M,AMD,Radeon 840M,,False,False,False,True,False,Windows 11 Home Edition
"Laptop gamingowy MSI Vector A18 HX A9WIG-069PL 18"" 240Hz R9 9955HX 32GB RAM 2TB Dysk SSD RTX5080 DLSS4 Win11 Szary Funkcje AI",16499.0,"18 "",  2560 x 1600 pikseli 240 Hz",18.0,2560,1600,4096000,240,32 GB  DDR5 5600 Mhz RAM,32,2 TB SSD,2048,AMD Ryzen™ 9 9955HX,AMD Ryzen 9 9955HX,AMD,Ryzen 9,,NVIDIA® GeForce RTX™ 5080 + AMD Radeon™ 610M,NVIDIA GeForce RTX 5080 + AMD Radeon 610M,NVIDIA,GeForce RTX 5080,GeForce RTX 5080,True,True,True,True,False,Windows 11 Home Edition
"Apple MacBook Neo 2026 Touch ID 13"" A18 Pro 8GB RAM 512GB Dysk SSD macOS Srebrny Funkcje AI",3749.0,"13 "",  2408 x 1506 pikseli 60 Hz",13.0,2408,1506,3626448,60,8 GB  zunifikowana RAM,8,512 GB SSD,512,Apple A18 Pro,Apple A18 Pro,Apple,A18 Pro,,Apple  A18 Pro (5-rdzeni),Apple A18 Pro (5-rdzeni),Apple,A18 Pro,,False,False,False,False,False,macOS
"Laptop gamingowy Acer Nitro 18 AI AN18-61 18"" 165Hz Ryzen AI 7 350 32GB RAM 1TB Dysk SSD RTX5060 DLSS4 Czarny Funkcje AI",7309.99,"18 "",  2560 x 1600 pikseli 165 Hz",18.0,2560,1600,4096000,165,32 GB  DDR5 5600 Mhz RAM,32,1 TB SSD,1024,AMD Ryzen™ AI 7 350,AMD Ryzen AI 7 350,AMD,Ryzen AI 7,,NVIDIA® GeForce RTX™ 5060 + AMD Radeon™ 860M,NVIDIA GeForce RTX 5060 + AMD Radeon 860M,NVIDIA,GeForce RTX 5060,GeForce RTX 5060,True,True,True,True,False,bez systemu
"Laptop Lenovo V17 G4 IRU 17,3"" i7-13620H 16GB RAM 512GB Dysk SSD Win11 Pro Szary",3999.0,"17,3 "",  1920 x 1080 pikseli 60 Hz",17.3,1920,1080,2073600,60,16 GB  DDR4 3200 MHz RAM,16,512 GB SSD,512,Intel® Core™ i7 13gen 13620H,Intel Core i7 13gen 13620H,Intel,Core i7,13,Intel®  UHD Graphics,Intel UHD Graphics,Intel,UHD,,False,False,False,False,True,Windows 11 Professional
"Laptop gamingowy Lenovo LOQ 15AHP9 15,6"" 144Hz R7 7445HS 16GB RAM 512GB Dysk SSD RTX3050 DLSS Win11 Szary",3699.0,"15,6 "",  1920 x 1080 pikseli 144 Hz",15.6,1920,1080,2073600,144,16 GB  DDR5 5600 Mhz RAM,16,512 GB SSD,512,AMD Ryzen™ 7 7445HS,AMD Ryzen 7 7445HS,AMD,Ryzen 7,,NVIDIA® GeForce RTX™ 3050 + AMD Radeon™ 740M,NVIDIA GeForce RTX 3050 + AMD Radeon 740M,NVIDIA,GeForce RTX 3050,GeForce RTX 3050,True,True,True,True,False,Windows 11 Home Edition
"Laptop 2w1 HP OmniBook X Flip AI 16-ar0216nw OLED 16"" Ryzen AI 7 350 24GB RAM 1TB Dysk SSD Win11 Srebrny Funkcje AI",4999.0,"16 "", ekran dotykowy 2880 x 1800 pikseli 120 Hz",16.0,2880,1800,5184000,120,24 GB  LPDDR5x 8533 Mhz RAM,24,1 TB SSD,1024,AMD Ryzen™ AI 7 350,AMD Ryzen AI 7 350,AMD,Ryzen AI 7,,AMD  Radeon™ 860M,AMD Radeon 860M,AMD,Radeon 860M,,False,False,False,True,False,Windows 11 Home Edition
"Laptop gamingowy Gigabyte Gaming A18 3WHK3EEC94SD 18"" 165Hz R7 260 16GB RAM 1TB Dysk SSD RTX5070 DLSS4 Czarny Funkcje AI",5599.0,"18 "",  2560 x 1600 pikseli 165 Hz",18.0,2560,1600,4096000,165,16 GB  DDR5 5600 Mhz RAM,16,1 TB SSD,1024,AMD Ryzen™ 7 260,AMD Ryzen 7 260,AMD,Ryzen 7,,NVIDIA® GeForce RTX 5070 + AMD Radeon™ 780M,NVIDIA GeForce RTX 5070 + AMD Radeon 780M,NVIDIA,GeForce RTX 5070,GeForce RTX 5070,True,True,True,True,False,bez systemu
Laptop ASUS Zenbook 14 OLED UX3405CA-QD009W 14'' Ultra 5 225H 16GB RAM 512GB Dysk SSD Win11 Niebieski Funkcje AI,4999.0,"14 "",  1920 x 1200 pikseli 60 Hz",14.0,1920,1200,2304000,60,16 GB  LPDDR5X RAM,16,512 GB SSD,512,Intel® Core™ Ultra 5 15gen 225H,Intel Core Ultra 5 15gen 225H,Intel,Core Ultra 5,15,Intel®   Arc™ 130T,Intel Arc 130T,Intel,Arc 130T,,False,False,False,False,True,Windows 11 Home Edition
"Laptop gamingowy Acer Nitro V 15 ANV15-52 15,6"" 165Hz i9-13900H 16GB RAM 512GB Dysk SSD RTX5060 Win11 Czarny",5099.0,"15,6 "",  1920 x 1080 pikseli 165 Hz",15.6,1920,1080,2073600,165,16 GB  DDR4 RAM,16,512 GB SSD,512,Intel® Core™ i9 13gen 13900H,Intel Core i9 13gen 13900H,Intel,Core i9,13,NVIDIA® GeForce RTX™ 5060 + Intel Iris Xe Graphics (działający jako Intel® UHD Graphics),NVIDIA GeForce RTX 5060 + Intel Iris Xe Graphics (działający jako Intel UHD Graphics),NVIDIA,GeForce RTX 5060,GeForce RTX 5060,True,True,True,False,True,Windows 11 Home Edition
"Laptop MSI Prestige 14 AI+ D3MG-060PL OLED 14"" Ultra X7 358H 32GB RAM 1TB Dysk SSD Win11 Pro Szary Funkcje AI",6299.0,"14 "",  1920 x 1200 pikseli 60 Hz",14.0,1920,1200,2304000,60,32 GB  LPDDR5X RAM,32,1 TB SSD,1024,Intel® Core™ Ultra X7 Series 3 358H,Intel Core Ultra X7 Series 3 358H,Intel,Core Ultra X7,,Intel®  Arc™ B390 Graphics,Intel Arc B390 Graphics,Intel,Arc,,False,False,False,False,True,Windows 11 Professional
"Laptop biznesowy Lenovo ThinkPad L14 Gen 6 14"" Ultra 7 255U 16GB RAM 512GB Dysk SSD Win11 Pro Czarny Funkcje AI",5999.0,"14 "",  1920 x 1200 pikseli 60 Hz",14.0,1920,1200,2304000,60,16 GB  DDR5 5600 Mhz RAM,16,512 GB SSD,512,Intel® Core™ Ultra 7 15gen 255U,Intel Core Ultra 7 15gen 255U,Intel,Core Ultra 7,15,Intel®  Graphics,Intel Graphics,Intel,,,False,False,False,False,True,Windows 11 Professional
"Laptop gamingowy HyperX OMEN 15-ga0004nw 15,3"" 180Hz i7-14650HX 24GB RAM 1TB Dysk SSD RTX5060 DLSS4 Win11 Czarny",5888.0,"15,3"",  2560 x 1600 pikseli 180 Hz",15.3,2560,1600,4096000,180,24 GB  DDR5 5600 Mhz RAM,24,1 TB SSD,1024,Intel® Core™ i7 14gen 14650HX,Intel Core i7 14gen 14650HX,Intel,Core i7,14,NVIDIA® GeForce RTX™ 5060 + Intel UHD Graphics,NVIDIA GeForce RTX 5060 + Intel UHD Graphics,NVIDIA,GeForce RTX 5060,GeForce RTX 5060,True,True,True,False,True,Windows 11 Home Edition
"Laptop gamingowy Acer Nitro V 14 AI ANV14-62 14,5"" 165Hz Ryzen AI 7 350 16GB RAM 1TB Dysk SSD RTX5060 DLSS4 Biały Funkcje AI",6349.0,"14,5 "",  2560 x 1600 pikseli 165 Hz",14.5,2560,1600,4096000,165,16 GB  DDR5 5600 Mhz RAM,16,1 TB SSD,1024,AMD Ryzen™ AI 7 350,AMD Ryzen AI 7 350,AMD,Ryzen AI 7,,NVIDIA® GeForce RTX™ 5060 + AMD Radeon™ 860M,NVIDIA GeForce RTX 5060 + AMD Radeon 860M,NVIDIA,GeForce RTX 5060,GeForce RTX 5060,True,True,True,True,False,bez systemu
"Laptop HP OmniBook 3 16-bu0029nwx 16"" Core 3 100U 8GB RAM 256GB Dysk SSD Win11 Czarny",1999.0,"16 "",  1920 x 1200 pikseli",16.0,1920,1200,2304000,,8 GB  DDR5 5200 Mhz RAM,8,256 GB SSD,256,Intel® Core™ 3 14gen 100U,Intel Core 3 14gen 100U,Intel,Core 3,14,Intel®  Graphics,Intel Graphics,Intel,,,False,False,False,False,True,Windows 11 Home Edition
Laptop gamingowy ASUS V16 V3607VH-RP011W 16'' 144Hz Core 5 210H 16GB RAM 512G Dysk SSD RTX5050 DLSS4 Win11 Czarny Funkcje AI,3899.0,"16 "",  1920 x 1200 pikseli 144 Hz",16.0,1920,1200,2304000,144,16 GB  DDR5 RAM,16,512 GB SSD,512,Intel® Core™ 5 210H,Intel Core 5 210H,Intel,Core 5,,NVIDIA® GeForce RTX 5050 + Intel Graphics,NVIDIA GeForce RTX 5050 + Intel Graphics,NVIDIA,GeForce RTX 5050,GeForce RTX 5050,True,True,True,False,True,Windows 11 Home Edition
"Apple MacBook Pro 2025 14,2"" M5 16GB RAM 1TB Dysk macOS Gwiezdna Czerń Funkcje AI",8849.0,"14,2 "",  3024 x 1964 pikseli 120 Hz",14.2,3024,1964,5939136,120,16 GB  zunifikowana RAM,16,1 TB SSD,1024,Apple M5,Apple M5,Apple,M5,,Apple  M5 (10-rdzeni),Apple M5 (10-rdzeni),Apple,M5,,False,False,False,False,False,macOS Spotlight lub nowszy
"Laptop ultrabook Lenovo Yoga Slim 7 14AGP11 OLED 14"" Ryzen AI 7 445 16GB RAM 512GB Dysk SSD Win11 Zielony",4299.0,"14 "",  1920 x 1200 pikseli 60 Hz",14.0,1920,1200,2304000,60,16 GB  LPDDR5x 8000 Mhz RAM,16,512 GB SSD,512,AMD Ryzen™ AI 7 445,AMD Ryzen AI 7 445,AMD,Ryzen AI 7,,AMD  Radeon™ 840M,AMD Radeon 840M,AMD,Radeon 840M,,False,False,False,True,False,Windows 11 Home Edition
"Laptop gamingowy Dell Alienware 16X Aurora AC16251 16"" 240Hz Ultra 7 255HX 32GB RAM 1TB Dysk SSD RTX5060 DLSS4 Win11 Granatowy Funkcje AI",9499.0,"16 "",  2560 x 1600 pikseli 240 Hz",16.0,2560,1600,4096000,240,32 GB  DDR5 5600 Mhz RAM,32,1 TB SSD,1024,Intel® Core™ Ultra 7 15gen 255HX,Intel Core Ultra 7 15gen 255HX,Intel,Core Ultra 7,15,NVIDIA® GeForce RTX™ 5060 + Intel Graphics,NVIDIA GeForce RTX 5060 + Intel Graphics,NVIDIA,GeForce RTX 5060,GeForce RTX 5060,True,True,True,False,True,Windows 11 Home Edition
"Laptop HP 17-cn4006nw 17,3"" Core 7 150U 16GB RAM 1TB Dysk SSD Win11 Srebrny",2899.0,"17,3 "",  1920 x 1080 pikseli",17.3,1920,1080,2073600,,16 GB  DDR4 3200 MHz RAM,16,1 TB SSD,1024,Intel® Core™ 7 14gen 150U,Intel Core 7 14gen 150U,Intel,Core 7,14,Intel®  Graphics,Intel Graphics,Intel,,,False,False,False,False,True,Windows 11 Home Edition
"Laptop gamingowy Gigabyte Gaming A16 3THK3EE893SD 16"" 165Hz R7 260 16GB RAM 512GB Dysk SSD RTX5050 DLSS4 Czarny Funkcje AI",3799.0,"16 "",  1920 x 1200 pikseli 165 Hz",16.0,1920,1200,2304000,165,16 GB  DDR5 5600 Mhz RAM,16,512 GB SSD,512,AMD Ryzen™ 7 260,AMD Ryzen 7 260,AMD,Ryzen 7,,NVIDIA® GeForce RTX 5050 + AMD Radeon™ 780M,NVIDIA GeForce RTX 5050 + AMD Radeon 780M,NVIDIA,GeForce RTX 5050,GeForce RTX 5050,True,True,True,True,False,bez systemu
Laptop ASUS Zenbook 14 OLED UX3405CA-QD1247W 14'' Ultra 5 225H 16GB RAM 512GB Dysk SSD Win11 Srebrny Funkcje AI,4099.0,"14 "",  1920 x 1200 pikseli 60 Hz",14.0,1920,1200,2304000,60,16 GB  LPDDR5X RAM,16,512 GB SSD,512,Intel® Core™ Ultra 5 15gen 225H,Intel Core Ultra 5 15gen 225H,Intel,Core Ultra 5,15,Intel®   Arc™ 130T,Intel Arc 130T,Intel,Arc 130T,,False,False,False,False,True,Windows 11 Home Edition
"Laptop ASUS Zenbook S16 UM5606GA-SS281X OLED 16"" 120Hz Ryzen AI 9 465 32GB RAM 1TB Dysk SSD Win11 Pro Szary Funkcje AI",9684.99,"16 "",  2880 x 1800 pikseli 120 Hz",16.0,2880,1800,5184000,120,32 GB  LPDDR5X RAM,32,1 TB SSD,1024,AMD Ryzen™ AI 9 465,AMD Ryzen AI 9 465,AMD,Ryzen AI 9,,AMD  Radeon™ 880M,AMD Radeon 880M,AMD,Radeon 880M,,False,False,False,True,False,Windows 11 Professional
"Laptop ASUS Vivobook 16 M1605NAQ-MB113W 16"" Ryzen 5 150 16GB RAM 512GB Dysk SSD Win11 Czarny Funkcje AI",2429.0,"16 "",  1920 x 1200 pikseli 60 Hz",16.0,1920,1200,2304000,60,16 GB  DDR5 RAM,16,512 GB SSD,512,AMD Ryzen™ 5 150,AMD Ryzen 5 150,AMD,Ryzen 5,,AMD  Radeon™ 660M,AMD Radeon 660M,AMD,Radeon 660M,,False,False,False,True,False,Windows 11 Home Edition
"Laptop gamingowy Dell Alienware 16 Aurora AC16250 16"" 120Hz Core 7 240H 16GB RAM 1TB Dysk SSD RTX4050 DLSS3 Win11 Granatowy Funkcje AI",5699.0,"16 "",  2560 x 1600 pikseli 120 Hz",16.0,2560,1600,4096000,120,16 GB  DDR5 5600 Mhz RAM,16,1 TB SSD,1024,Intel® Core™ 7 15gen 240H,Intel Core 7 15gen 240H,Intel,Core 7,15,NVIDIA® GeForce RTX™ 4050 + Intel Graphics,NVIDIA GeForce RTX 4050 + Intel Graphics,NVIDIA,GeForce RTX 4050,GeForce RTX 4050,True,True,True,False,True,Windows 11 Home Edition
"Laptop ASUS Zenbook Duo UX8407AA-SN169X OLED 14"" 144Hz Ultra X9 388H 32GB RAM 1TB Dysk SSD Win11 Pro Szary Funkcje AI",13294.99,"14 "", ekran dotykowy 2880 x 1800 pikseli 144 Hz",14.0,2880,1800,5184000,144,32 GB  LPDDR5X RAM,32,1 TB SSD,1024,Intel® Core™ Ultra X9 Series 3 388H,Intel Core Ultra X9 Series 3 388H,Intel,Core Ultra X9,,Intel®  Arc™ B390,Intel Arc B390,Intel,Arc,,False,False,False,False,True,Windows 11 Professional
"Laptop gamingowy ASUS ROG Strix G16 G615LW-U9R321W 16"" 300Hz Ultra 9 290HX Plus 32GB RAM 1TB Dysk SSD RTX5080 DLSS4 Win11 Szary AI",14199.0,"16 "",  2560 x 1600 pikseli 300 Hz",16.0,2560,1600,4096000,300,32 GB  DDR5 5600 Mhz RAM,32,1 TB SSD,1024,Intel® Core™ Ultra 9 15gen 290HX Plus,Intel Core Ultra 9 15gen 290HX Plus,Intel,Core Ultra 9,15,NVIDIA® GeForce RTX™ 5080 + Intel Graphics,NVIDIA GeForce RTX 5080 + Intel Graphics,NVIDIA,GeForce RTX 5080,GeForce RTX 5080,True,True,True,False,True,Windows 11 Home Edition
"Laptop Dell Inspiron 3530 15,6"" i5-1334U 16GB RAM 1TB Dysk SSD Win11 Srebrny",2899.0,"15,6 "",  1920 x 1080 pikseli",15.6,1920,1080,2073600,,16 GB  DDR4 2666 MHz RAM,16,1 TB SSD,1024,Intel® Core™ i5 13gen 1334U,Intel Core i5 13gen 1334U,Intel,Core i5,13,Intel®  Iris Xe Graphics (działający jako Intel® UHD Graphics),Intel Iris Xe Graphics (działający jako Intel UHD Graphics),Intel,Iris Xe,,False,False,False,False,True,Windows 11 Home Edition
"Laptop gamingowy Lenovo Legion 5 15AGP11 OLED 15,3"" 165Hz Ryzen AI 7 450 16GB RAM 512GB Dysk SSD RTX5060 DLSS4 Win11 Biały Funkcje AI",7024.99,"15,3"",  2560 x 1600 pikseli 165 Hz",15.3,2560,1600,4096000,165,16 GB  DDR5 5600 Mhz RAM,16,512 GB SSD,512,AMD Ryzen™ AI 7 450,AMD Ryzen AI 7 450,AMD,Ryzen AI 7,,NVIDIA® GeForce RTX™ 5060 + AMD Radeon™ 860M,NVIDIA GeForce RTX 5060 + AMD Radeon 860M,NVIDIA,GeForce RTX 5060,GeForce RTX 5060,True,True,True,True,False,Windows 11 Home Edition
"Laptop ASUS Vivobook 18 M1807GA-S8002W 18"" 144Hz Ryzen AI 5 430 16GB RAM 512GB Dysk SSD Win11 Niebieski Funkcje AI",3544.99,"18 "",  1920 x 1200 pikseli 144 Hz",18.0,1920,1200,2304000,144,16 GB  DDR5 RAM,16,512 GB SSD,512,AMD Ryzen™ AI 5 430,AMD Ryzen AI 5 430,AMD,Ryzen AI 5,,AMD  Radeon™ 840M,AMD Radeon 840M,AMD,Radeon 840M,,False,False,False,True,False,Windows 11 Home Edition
"Laptop ASUS ProArt PX13 HN7306EA-LX005X OLED 13,3"" Ryzen AI Max+ 395 128GB RAM 1TB Dysk SSD Win11Pro Czarny Funkcje AI",13999.0,"13,3 "", ekran dotykowy 2880 x 1800 pikseli 60 Hz",13.3,2880,1800,5184000,60,128 GB  LPDDR5X RAM,128,1 TB SSD,1024,AMD Ryzen™ AI Max+ 395,AMD Ryzen AI Max+ 395,AMD,Ryzen AI Max+,,AMD  Radeon™ 8060S,AMD Radeon 8060S,AMD,Radeon 8060S,,False,False,False,True,False,Windows 11 Professional
"Laptop HP OmniBook 7 17-dc0219nw 17,3"" Ultra 5 226V 16GB RAM 1TB Dysk SSD Win11 Srebrny Funkcje AI",3649.0,"17,3 "", ekran dotykowy 1920 x 1080 pikseli",17.3,1920,1080,2073600,,16 GB  LPDDR5x 8533 Mhz RAM,16,1 TB SSD,1024,Intel® Core™ Ultra 5 15gen 226V,Intel Core Ultra 5 15gen 226V,Intel,Core Ultra 5,15,Intel®  Arc 130V,Intel Arc 130V,Intel,Arc 130V,,False,False,False,False,True,Windows 11 Home Edition
"Laptop gamingowy ASUS TUF Gaming F16 FX608JPR-I7161 16"" 165Hz i7-14650HX 16GB RAM 1TB Dysk SSD RTX5070 DLSS4 Szary",6999.0,"16 "",  1920 x 1200 pikseli 165 Hz",16.0,1920,1200,2304000,165,16 GB  DDR5 5600 Mhz RAM,16,1 TB SSD,1024,Intel® Core™ i7 14gen 14650HX,Intel Core i7 14gen 14650HX,Intel,Core i7,14,NVIDIA® GeForce RTX™ 5070 + Intel UHD Graphics,NVIDIA GeForce RTX 5070 + Intel UHD Graphics,NVIDIA,GeForce RTX 5070,GeForce RTX 5070,True,True,True,False,True,bez systemu
"Apple MacBook Neo 2026 Touch ID 13"" A18 Pro 8GB RAM 512GB Dysk SSD macOS Indygo Funkcje AI",3749.0,"13 "",  2408 x 1506 pikseli 60 Hz",13.0,2408,1506,3626448,60,8 GB  zunifikowana RAM,8,512 GB SSD,512,Apple A18 Pro,Apple A18 Pro,Apple,A18 Pro,,Apple  A18 Pro (5-rdzeni),Apple A18 Pro (5-rdzeni),Apple,A18 Pro,,False,False,False,False,False,macOS
"Laptop ASUS Zenbook A14 UX3407NA-QD166W OLED 14"" Snapdragon X2 Elite X2E-88-100 16GB RAM 512GB Dysk SSD Win11 Beżowy Funkcje AI",5499.0,"14 "",  1920 x 1200 pikseli 60 Hz",14.0,1920,1200,2304000,60,16 GB  LPDDR5X RAM,16,512 GB SSD,512,Qualcomm® Snapdragon® X2 Elite X2E-88-100,Qualcomm Snapdragon X2 Elite X2E-88-100,Qualcomm,Snapdragon X2 Elite,,Qualcomm®  Adreno™ Graphics,Qualcomm Adreno Graphics,Qualcomm,Adreno,,False,False,False,False,False,Windows 11 Home Edition
"Laptop HP OmniBook 5 16-bc1219nw 16"" R5 8540U 16GB RAM 512GB Dysk SSD Win11 Srebrny Funkcje AI",2899.0,"16 "",  1920 x 1200 pikseli",16.0,1920,1200,2304000,,16 GB  LPDDR5 6400 Mhz RAM,16,512 GB SSD,512,AMD Ryzen™ 5 8540U,AMD Ryzen 5 8540U,AMD,Ryzen 5,,AMD  Radeon™ 740M,AMD Radeon 740M,AMD,Radeon 740M,,False,False,False,True,False,Windows 11 Home Edition
Laptop gamingowy ASUS V16 V3607VM-RP016W 16'' 144Hz Core 5 210H 16GB RAM 512G Dysk SSD RTX5060 DLSS4 Win11 Czarny Funkcje AI,4599.0,"16 "",  1920 x 1200 pikseli 144 Hz",16.0,1920,1200,2304000,144,16 GB  DDR5 RAM,16,512 GB SSD,512,Intel® Core™ 5 210H,Intel Core 5 210H,Intel,Core 5,,NVIDIA® GeForce RTX 5060 + Intel Graphics,NVIDIA GeForce RTX 5060 + Intel Graphics,NVIDIA,GeForce RTX 5060,GeForce RTX 5060,True,True,True,False,True,Windows 11 Home Edition
"Laptop Dell 14 Plus 1425-2815 14"" Ultra 7 256V 16GB RAM 512GB Dysk SSD Win11 Niebieski Funkcje AI",4999.0,"14 "",  2560 x 1600 pikseli 90 Hz",14.0,2560,1600,4096000,90,16 GB  LPDDR5x 8533 Mhz RAM,16,512 GB SSD,512,Intel® Core™ Ultra 7 15gen 256V,Intel Core Ultra 7 15gen 256V,Intel,Core Ultra 7,15,Intel®  Arc Graphics,Intel Arc Graphics,Intel,Arc,,False,False,False,False,True,Windows 11 Home Edition
"Laptop gamingowy MSI Cyborg 15 B13WFKG-625XPL 15,6""144Hz i5-13420H 16GB RAM 512GB Dysk SSD RTX5060 DLSS4 Czarny",3799.0,"15,6 "",  1920 x 1080 pikseli 144 Hz",15.6,1920,1080,2073600,144,16 GB  DDR5 5200 Mhz RAM,16,512 GB SSD,512,Intel® Core™ i5 13gen 13420H,Intel Core i5 13gen 13420H,Intel,Core i5,13,NVIDIA® GeForce RTX™ 5060 + Intel UHD Graphics,NVIDIA GeForce RTX 5060 + Intel UHD Graphics,NVIDIA,GeForce RTX 5060,GeForce RTX 5060,True,True,True,False,True,bez systemu
"Laptop gamingowy MSI Katana 17 HX B14WFK-400XPL 17,3"" 144Hz i7-14650HX 16GB RAM 512GB Dysk SSD RTX5060 DLSS4 Czarny",4749.0,"17,3 "",  1920 x 1080 pikseli 144 Hz",17.3,1920,1080,2073600,144,16 GB  DDR5 5600 Mhz RAM,16,512 GB SSD,512,Intel® Core™ i7 14gen 14650HX,Intel Core i7 14gen 14650HX,Intel,Core i7,14,NVIDIA® GeForce RTX™ 5060 + Intel UHD Graphics,NVIDIA GeForce RTX 5060 + Intel UHD Graphics,NVIDIA,GeForce RTX 5060,GeForce RTX 5060,True,True,True,False,True,bez systemu
Laptop gamingowy ASUS TUF Gaming A18 FA808UH-S8021 18'' 144Hz Ryzen 7 260 16GB RAM 512GB Dysk SSD RTX5050 DLSS4 Szary Funkcje AI,4999.0,"18 "",  1920 x 1200 pikseli 144 Hz",18.0,1920,1200,2304000,144,16 GB  DDR5 5600 Mhz RAM,16,512 GB SSD,512,AMD Ryzen™ 7 260,AMD Ryzen 7 260,AMD,Ryzen 7,,NVIDIA® GeForce RTX 5050 + AMD Radeon™ 780M,NVIDIA GeForce RTX 5050 + AMD Radeon 780M,NVIDIA,GeForce RTX 5050,GeForce RTX 5050,True,True,True,True,False,bez systemu
"Laptop Acer Swift X 14 SFX14-73G OLED 14,5"" Ultra 7 255H 32GB RAM 1TB Dysk SSD RTX5060 DLSS4 Win11 Szary Funkcje AI",6929.99,"14,5 "", ekran dotykowy 2880 x 1800 pikseli 120 Hz",14.5,2880,1800,5184000,120,32 GB  LPDDR5X RAM,32,1 TB SSD,1024,Intel® Core™ Ultra 7 15gen 255H,Intel Core Ultra 7 15gen 255H,Intel,Core Ultra 7,15,NVIDIA® GeForce RTX 5060 + Intel Arc Graphics 140T,NVIDIA GeForce RTX 5060 + Intel Arc Graphics 140T,NVIDIA,GeForce RTX 5060,GeForce RTX 5060,False,True,True,False,True,Windows 11 Home Edition
"Laptop gamingowy MSI Crosshair A16 HX D8WFKG-023XPL 16"" 240Hz Ryzen 7 8840HX 16GB RAM 1TB Dysk SSD RTX5060 DLSS4 Szary Funkcje AI",6264.99,"16 "",  2560 x 1600 pikseli 240 Hz",16.0,2560,1600,4096000,240,16 GB  DDR5 5200 Mhz RAM,16,1 TB SSD,1024,AMD Ryzen™ 7 8840HX,AMD Ryzen 7 8840HX,AMD,Ryzen 7,,NVIDIA® GeForce RTX™ 5060 + AMD Radeon™ 610M,NVIDIA GeForce RTX 5060 + AMD Radeon 610M,NVIDIA,GeForce RTX 5060,GeForce RTX 5060,True,True,True,True,False,bez systemu
"Laptop Dell 16 DC16250 16"" Core 5 120U 16GB RAM 1TB Dysk SSD Win11 Czarny Funkcje AI",2899.0,"16 "",  1920 x 1200 pikseli 60 Hz",16.0,1920,1200,2304000,60,16 GB  DDR5 5200 Mhz RAM,16,1 TB SSD,1024,Intel® Core™ 5 14gen 120U,Intel Core 5 14gen 120U,Intel,Core 5,14,Intel®  Graphics,Intel Graphics,Intel,,,False,False,False,False,True,Windows 11 Home Edition
"Laptop biznesowy Lenovo ThinkBook 16 G8 IAL 16"" Ultra 7 255H 16GB RAM 512GB Dysk SSD Win11 Pro Szary Funkcje AI",4499.0,"16 "",  1920 x 1200 pikseli 60 Hz",16.0,1920,1200,2304000,60,16 GB  DDR5 5600 Mhz RAM,16,512 GB SSD,512,Intel® Core™ Ultra 7 15gen 255H,Intel Core Ultra 7 15gen 255H,Intel,Core Ultra 7,15,Intel®  Arc Graphics (działający jako Intel® Graphics),Intel Arc Graphics (działający jako Intel Graphics),Intel,Arc,,False,False,False,False,True,Windows 11 Professional
"Laptop gamingowy ASUS ROG Zephyrus G14 GU405AR-SY003W OLED 14"" 120Hz Ultra 9 386H 32GB RAM 1TB Dysk SSD RTX5070Ti DLSS4 Win11 Biały AI",15299.0,"14 "",  2880 x 1800 pikseli 120 Hz",14.0,2880,1800,5184000,120,32 GB  LPDDR5x 8533 Mhz RAM,32,1 TB SSD,1024,Intel® Core™ Ultra 9 Series 3 386H,Intel Core Ultra 9 Series 3 386H,Intel,Core Ultra 9,,NVIDIA® GeForce RTX 5070 Ti + Intel Graphics,NVIDIA GeForce RTX 5070 Ti + Intel Graphics,NVIDIA,GeForce RTX 5070 Ti,GeForce RTX 5070 Ti,True,True,True,False,True,Windows 11 Home Edition
"Laptop gamingowy HP Victus 15-fb3015nw 15,6"" 144Hz Ryzen AI 7 350 16GB RAM 1TB Dysk SSD RTX5060 DLSS4 Win11 Czarno-srebrny Funkcje AI",4699.0,"15,6 "",  1920 x 1080 pikseli 144 Hz",15.6,1920,1080,2073600,144,16 GB  DDR5 5600 Mhz RAM,16,1 TB SSD,1024,AMD Ryzen™ AI 7 350,AMD Ryzen AI 7 350,AMD,Ryzen AI 7,,NVIDIA® GeForce RTX™ 5060 + AMD Radeon™ 860M,NVIDIA GeForce RTX 5060 + AMD Radeon 860M,NVIDIA,GeForce RTX 5060,GeForce RTX 5060,True,True,True,True,False,Windows 11 Home Edition
"Laptop gamingowy Acer Nitro V 16 AI ANV16-42 16"" 180Hz R7 260 16GB RAM 1TB Dysk SSD RTX5070 DLSS4 Czarny Funkcje AI",5839.99,"16 "",  2560 x 1600 pikseli 180 Hz",16.0,2560,1600,4096000,180,16 GB  DDR5 5600 Mhz RAM,16,1 TB SSD,1024,AMD Ryzen™ 7 260,AMD Ryzen 7 260,AMD,Ryzen 7,,NVIDIA® GeForce RTX™ 5070 + AMD Radeon™ 780M,NVIDIA GeForce RTX 5070 + AMD Radeon 780M,NVIDIA,GeForce RTX 5070,GeForce RTX 5070,True,True,True,True,False,bez systemu
"Apple MacBook Neo 2026 Touch ID 13"" A18 Pro 8GB RAM 512GB Dysk SSD macOS Cytrusowożółty Funkcje AI",3749.0,"13 "",  2408 x 1506 pikseli 60 Hz",13.0,2408,1506,3626448,60,8 GB  zunifikowana RAM,8,512 GB SSD,512,Apple A18 Pro,Apple A18 Pro,Apple,A18 Pro,,Apple  A18 Pro (5-rdzeni),Apple A18 Pro (5-rdzeni),Apple,A18 Pro,,False,False,False,False,False,macOS
"Laptop biznesowy Lenovo ThinkBook 14 G9 IRL 14"" Core 5 210H 16GB RAM 512GB Dysk SSD Win11 Pro Szary Funkcje AI",3799.0,"14 "",  1920 x 1200 pikseli 60 Hz",14.0,1920,1200,2304000,60,16 GB  DDR5 5600 Mhz RAM,16,512 GB SSD,512,Intel® Core™ 5 15gen 210H,Intel Core 5 15gen 210H,Intel,Core 5,15,Intel®  Graphics,Intel Graphics,Intel,,,False,False,False,False,True,Windows 11 Professional
"Apple MacBook Pro 2026 14,2"" M5 Pro 15/16 24GB RAM 1TB Dysk macOS Srebrny Funkcje AI",11299.0,"14,2 "",  3024 x 1964 pikseli 120 Hz",14.2,3024,1964,5939136,120,24 GB  zunifikowana RAM,24,1 TB SSD,1024,Apple M5 Pro,Apple M5 Pro,Apple,M5 Pro,,Apple  M5 Pro (16-rdzeni),Apple M5 Pro (16-rdzeni),Apple,M5 Pro,,False,False,False,False,False,macOS
"Laptop biznesowy Lenovo IdeaPad 5 2-in-1 14Q8X9 OLED 14"" Snapdragon X Plus X1P-42-100 16GB RAM 512GB Dysk SSD Win11 Pro Szary Funkcje AI",3599.0,"14 "", ekran dotykowy 1920 x 1200 pikseli 60 Hz",14.0,1920,1200,2304000,60,16 GB  LPDDR5x 8448 Mhz RAM,16,512 GB SSD,512,Qualcomm® Snapdragon® X Plus X1P-42-100,Qualcomm Snapdragon X Plus X1P-42-100,Qualcomm,Snapdragon X Plus,,Qualcomm®  Adreno™ Graphics,Qualcomm Adreno Graphics,Qualcomm,Adreno,,False,False,False,False,False,Windows 11 Professional
"Laptop ASUS Zenbook S 14 OLED UX5406SA-QJ501W 14"" Ultra 7 256V 16GB RAM 512GB Dysk SSD Win11 Szary Funkcje AI",5999.0,"14 "",  1920 x 1200 pikseli 60 Hz",14.0,1920,1200,2304000,60,16 GB  LPDDR5X RAM,16,512 GB SSD,512,Intel® Core™ Ultra 7 15gen 256V,Intel Core Ultra 7 15gen 256V,Intel,Core Ultra 7,15,Intel®  Arc™ Graphics 140V,Intel Arc Graphics 140V,Intel,Arc Graphics 140V,,False,False,False,False,True,Windows 11 Home Edition
"Laptop gamingowy ASUS ROG Strix G18 G815LW-U9321W 18"" 240Hz Ultra 9 275HX 32GB RAM 1TB Dysk SSD RTX5080 DLSS4 Win11 Szary Funkcje AI",15499.0,"18 "",  2560 x 1600 pikseli 240 Hz",18.0,2560,1600,4096000,240,32 GB  DDR5 5600 Mhz RAM,32,1 TB SSD,1024,Intel® Core™ Ultra 9 15gen 275HX,Intel Core Ultra 9 15gen 275HX,Intel,Core Ultra 9,15,NVIDIA® Geforce RTX™ 5080 + Intel Graphics,NVIDIA Geforce RTX 5080 + Intel Graphics,NVIDIA,GeForce RTX 5080,GeForce RTX 5080,True,True,True,False,True,Windows 11 Home Edition
"Laptop Lenovo IdeaPad Flex 5 14ABR8 14"" R7 7730U 16GB RAM 512GB Dysk SSD Win11 Szary Funkcje AI",3299.0,"14 "", ekran dotykowy 1920 x 1200 pikseli 60 Hz",14.0,1920,1200,2304000,60,16 GB  LPDDR4x 4266 MHz RAM,16,512 GB SSD,512,AMD Ryzen™ 7 7730U,AMD Ryzen 7 7730U,AMD,Ryzen 7,,AMD  Radeon™ Graphics,AMD Radeon Graphics,AMD,Radeon,,False,False,False,True,False,Windows 11 Home Edition
"Apple MacBook Air 2026 13,6"" M5 10/8 16GB RAM 512GB Dysk macOS Księżycowa Poświata Funkcje AI",5999.0,"13,6 "",  2560 x 1664 pikseli",13.6,2560,1664,4259840,,16 GB  zunifikowana RAM,16,512 GB SSD,512,Apple M5,Apple M5,Apple,M5,,Apple  M5 (8-rdzeni),Apple M5 (8-rdzeni),Apple,M5,,False,False,False,False,False,macOS
"Laptop ultrabook ASUS Zenbook 14 UM3406GA-QD054W OLED 14"" Ryzen AI 7 445 16GB RAM 512GB Dysk SSD Win11 Czarny Funkcje AI",5940.68,"14 "",  1920 x 1200 pikseli 60 Hz",14.0,1920,1200,2304000,60,16 GB  LPDDR5X RAM,16,512 GB SSD,512,AMD Ryzen™ AI 7 445,AMD Ryzen AI 7 445,AMD,Ryzen AI 7,,AMD  Radeon™ 840M Graphics,AMD Radeon 840M Graphics,AMD,Radeon 840M,,False,False,False,True,False,Windows 11 Home Edition
"Laptop gamingowy MSI Cyborg 15 B13WEKG-626XPL 15,6"" 144Hz i7-13620H 16GB RAM 512GB Dysk SSD RTX5050 DLSS4 Czarny",3999.0,"15,6 "",  1920 x 1080 pikseli 144 Hz",15.6,1920,1080,2073600,144,16 GB  DDR5 5200 Mhz RAM,16,512 GB SSD,512,Intel® Core™ i7 13gen 13620H,Intel Core i7 13gen 13620H,Intel,Core i7,13,NVIDIA® GeForce RTX™ 5050 + Intel UHD Graphics,NVIDIA GeForce RTX 5050 + Intel UHD Graphics,NVIDIA,GeForce RTX 5050,GeForce RTX 5050,True,True,True,False,True,bez systemu
Laptop 2w1 HP OmniBook Ultra Flip 14-fh0217nw OLED 14'' 120Hz Ultra 7 258V 32GB RAM 1TB Dysk SSD Win11 Szary Funkcje AI,6199.0,"14 "", ekran dotykowy 2880 x 1800 pikseli 120 Hz",14.0,2880,1800,5184000,120,32 GB  LPDDR5x 8533 Mhz RAM,32,1 TB SSD,1024,Intel® Core™ Ultra 7 15gen 258V,Intel Core Ultra 7 15gen 258V,Intel,Core Ultra 7,15,Intel®  Arc Graphics 140V,Intel Arc Graphics 140V,Intel,Arc Graphics 140V,,False,False,False,False,True,Windows 11 Home Edition
"Laptop gamingowy Acer Nitro 16S AI AN16S-61 16"" 180Hz Ryzen AI 7 350 16GB RAM 1TB Dysk SSD RTX5070Ti DLSS4 Czarny Funkcje AI",6999.0,"16 "",  2560 x 1600 pikseli 180 Hz",16.0,2560,1600,4096000,180,16 GB  DDR5 5600 Mhz RAM,16,1 TB SSD,1024,AMD Ryzen™ AI 7 350,AMD Ryzen AI 7 350,AMD,Ryzen AI 7,,NVIDIA® GeForce RTX™ 5070 Ti + AMD Radeon™ 860M,NVIDIA GeForce RTX 5070 Ti + AMD Radeon 860M,NVIDIA,GeForce RTX 5070 Ti,GeForce RTX 5070 Ti,True,True,True,True,False,bez systemu
"Laptop Acer Aspire 17 A17-51M 17,3"" i9-13900H 16GB RAM 512 Dysk SSD Win11 Szary",2999.0,"17,3 "",  1920 x 1080 pikseli 60 Hz",17.3,1920,1080,2073600,60,16 GB  LPDDR5 RAM,16,512 GB SSD,512,Intel® Core™ i9 13gen 13900H,Intel Core i9 13gen 13900H,Intel,Core i9,13,Intel®  Iris Xe Graphics,Intel Iris Xe Graphics,Intel,Iris Xe,,False,False,False,False,True,Windows 11 Home Edition
"Laptop ASUS Zenbook S 14 OLED UX5406SA-QJ502W 14"" Ultra 7 256V 16GB RAM 512GB Dysk SSD Win11 Biały Funkcje AI",5999.0,"14 "",  1920 x 1200 pikseli 60 Hz",14.0,1920,1200,2304000,60,16 GB  LPDDR5X RAM,16,512 GB SSD,512,Intel® Core™ Ultra 7 15gen 256V,Intel Core Ultra 7 15gen 256V,Intel,Core Ultra 7,15,Intel®  Arc™ Graphics 140V,Intel Arc Graphics 140V,Intel,Arc Graphics 140V,,False,False,False,False,True,Windows 11 Home Edition
"Apple MacBook Air 2025 15,3"" M4 24GB RAM 512GB Dysk macOS Błękitny 70W Funkcje AI",6699.0,"15,3"",  2880 x 1864 pikseli",15.3,2880,1864,5368320,,24 GB  zunifikowana RAM,24,512 GB SSD,512,Apple M4,Apple M4,Apple,M4,,Apple  M4 (10-rdzeni),Apple M4 (10-rdzeni),Apple,M4,,False,False,False,False,False,macOS Sequoia lub nowszy
"Laptop ASUS Vivobook 17 X1704VA-AU1068W 17,3"" Core 5 120U 16GB RAM 512GB Dysk SSD Win11 Niebieski",3199.0,"17,3 "",  1920 x 1080 pikseli 60 Hz",17.3,1920,1080,2073600,60,16 GB  DDR5 RAM,16,512 GB SSD,512,Intel® Core™ 5 14gen 120U,Intel Core 5 14gen 120U,Intel,Core 5,14,Intel®  Graphics,Intel Graphics,Intel,,,False,False,False,False,True,Windows 11 Home Edition
"Apple MacBook Air 2026 13,6"" M5 10/8 16GB RAM 512GB Dysk macOS Błękitny Funkcje AI",5999.0,"13,6 "",  2560 x 1664 pikseli",13.6,2560,1664,4259840,,16 GB  zunifikowana RAM,16,512 GB SSD,512,Apple M5,Apple M5,Apple,M5,,Apple  M5 (8-rdzeni),Apple M5 (8-rdzeni),Apple,M5,,False,False,False,False,False,macOS
"Laptop gamingowy HP Victus 15-fa2030nwx 15,6"" 144Hz i5-13420H 16GB RAM 512GB Dysk SSD RTX3050 Win11 Różowy",4499.0,"15,6 "",  1920 x 1080 pikseli 144 Hz",15.6,1920,1080,2073600,144,16 GB  DDR5 5200 Mhz RAM,16,512 GB SSD,512,Intel® Core™ i5 13gen 13420H,Intel Core i5 13gen 13420H,Intel,Core i5,13,NVIDIA® GeForce RTX™ 3050 + Intel UHD Graphics,NVIDIA GeForce RTX 3050 + Intel UHD Graphics,NVIDIA,GeForce RTX 3050,GeForce RTX 3050,True,True,True,False,True,Windows 11 Home Edition
"Laptop gamingowy Dell Alienware 16X Aurora AC16251 16"" 240Hz Ultra 9 275HX 64GB RAM 4TB Dysk SSD RTX5070 DLSS4 Win11 Granatowy Funkcje AI",12499.0,"16 "",  2560 x 1600 pikseli 240 Hz",16.0,2560,1600,4096000,240,64 GB  DDR5 5600 Mhz RAM,64,4 TB SSD,4096,Intel® Core™ Ultra 9 15gen 275HX,Intel Core Ultra 9 15gen 275HX,Intel,Core Ultra 9,15,NVIDIA® GeForce RTX™ 5070 + Intel Graphics,NVIDIA GeForce RTX 5070 + Intel Graphics,NVIDIA,GeForce RTX 5070,GeForce RTX 5070,True,True,True,False,True,Windows 11 Home Edition
"Apple MacBook Pro 2024 16,2"" M4 Pro 24GB RAM 512GB Dysk macOS Gwiezdna Czerń Funkcje AI",11449.0,"16,2 "",  3456 x 2234 pikseli 120 Hz",16.2,3456,2234,7720704,120,24 GB  zunifikowana RAM,24,512 GB SSD,512,Apple M4 Pro,Apple M4 Pro,Apple,M4 Pro,,Apple  M4 Pro (20-rdzeni),Apple M4 Pro (20-rdzeni),Apple,M4 Pro,,False,False,False,False,False,macOS Sequoia lub nowszy
"Laptop gamingowy Lenovo LOQ 15AHP11 15,3"" 165Hz R7 250 16GB RAM 512GB Dysk SSD RTX5050 DLSS4 Win11 Zielony Funkcje AI",5694.99,"15,3"",  1920 x 1200 pikseli 165 Hz",15.3,1920,1200,2304000,165,16 GB  DDR5 5600 Mhz RAM,16,512 GB SSD,512,AMD Ryzen™ 7 250,AMD Ryzen 7 250,AMD,Ryzen 7,,NVIDIA® GeForce RTX™ 5050 + AMD Radeon™ 780M,NVIDIA GeForce RTX 5050 + AMD Radeon 780M,NVIDIA,GeForce RTX 5050,GeForce RTX 5050,True,True,True,True,False,Windows 11 Home Edition
"Apple MacBook Pro 2024 16,2"" M4 Max 48GB RAM 1TB Dysk macOS Gwiezdna Czerń Funkcje AI",18999.0,"16,2 "",  3456 x 2234 pikseli 120 Hz",16.2,3456,2234,7720704,120,48 GB  zunifikowana RAM,48,1 TB SSD,1024,Apple M4 Max,Apple M4 Max,Apple,M4 Max,,Apple  M4 Max (40-rdzeni),Apple M4 Max (40-rdzeni),Apple,M4 Max,,False,False,False,False,False,macOS Sequoia lub nowszy
Laptop gamingowy HP OMEN MAX 16-ah0222nw OLED 16'' 240Hz Ultra 9 275HX 32GB RAM 1TB Dysk SSD RTX5070Ti DLSS4 Win11 Czarny Funkcje AI,11849.0,"16 "",  2560 x 1600 pikseli 240 Hz",16.0,2560,1600,4096000,240,32 GB  DDR5 5600 Mhz RAM,32,1 TB SSD,1024,Intel® Core™ Ultra 9 15gen 275HX,Intel Core Ultra 9 15gen 275HX,Intel,Core Ultra 9,15,NVIDIA® GeForce RTX™ 5070 Ti + Intel Graphics,NVIDIA GeForce RTX 5070 Ti + Intel Graphics,NVIDIA,GeForce RTX 5070 Ti,GeForce RTX 5070 Ti,True,True,True,False,True,Windows 11 Home Edition
"Apple MacBook Air 2026 13,6"" M5 10/10 24GB RAM 1TB Dysk macOS Srebrny Funkcje AI",8399.0,"13,6 "",  2560 x 1664 pikseli",13.6,2560,1664,4259840,,24 GB  zunifikowana RAM,24,1 TB SSD,1024,Apple M5,Apple M5,Apple,M5,,Apple  M5 (10-rdzeni),Apple M5 (10-rdzeni),Apple,M5,,False,False,False,False,False,macOS
"Apple MacBook Neo 2026 13"" A18 Pro 8GB RAM 256GB Dysk SSD macOS Cytrusowożółty Funkcje AI",3199.0,"13 "",  2408 x 1506 pikseli 60 Hz",13.0,2408,1506,3626448,60,8 GB  zunifikowana RAM,8,256 GB SSD,256,Apple A18 Pro,Apple A18 Pro,Apple,A18 Pro,,Apple  A18 Pro (5-rdzeni),Apple A18 Pro (5-rdzeni),Apple,A18 Pro,,False,False,False,False,False,macOS
"Laptop ASUS Vivobook 16 M1605NAQ-MB115W 16"" Ryzen 7 170 16GB RAM 512GB Dysk SSD Win11 Srebrny Funkcje AI",2799.0,"16 "",  1920 x 1200 pikseli 60 Hz",16.0,1920,1200,2304000,60,16 GB  DDR5 RAM,16,512 GB SSD,512,AMD Ryzen™ 7 170,AMD Ryzen 7 170,AMD,Ryzen 7,,AMD  Radeon™ 680M,AMD Radeon 680M,AMD,Radeon 680M,,False,False,False,True,False,Windows 11 Home Edition
"Laptop ASUS ProArt PX13 HN7306EA-LX003X OLED 13,3"" Ryzen AI Max+ 388 32GB RAM 1TB Dysk SSD Win11Pro Czarny Funkcje AI",8999.0,"13,3 "", ekran dotykowy 2880 x 1800 pikseli 60 Hz",13.3,2880,1800,5184000,60,32 GB  LPDDR5X RAM,32,1 TB SSD,1024,AMD Ryzen™ AI Max+ 388,AMD Ryzen AI Max+ 388,AMD,Ryzen AI Max+,,AMD  Radeon™ 8060S,AMD Radeon 8060S,AMD,Radeon 8060S,,False,False,False,True,False,Windows 11 Professional
"Laptop ASUS Vivobook 14 X1407AA-LY011W 14"" Ultra 5 325 16GB RAM 512GB Dysk SSD Win11 Srebrny Funkcje AI",3399.0,"14 "",  1920 x 1200 pikseli 60 Hz",14.0,1920,1200,2304000,60,16 GB  DDR5 RAM,16,512 GB SSD,512,Intel® Core™ Ultra 5 Series 3 325,Intel Core Ultra 5 Series 3 325,Intel,Core Ultra 5,,Intel®  Graphics,Intel Graphics,Intel,,,False,False,False,False,True,Windows 11 Home Edition
"Laptop gamingowy ASUS ROG Zephyrus G16 GU606AX-U9322X OLED 16"" 240Hz Ultra 9 386H 32GB RAM 2TB Dysk SSD RTX5090 Win11Pro Szary Funkcje AI",23364.99,"16 "",  2560 x 1600 pikseli 240 Hz",16.0,2560,1600,4096000,240,32 GB  LPDDR5x 8533 Mhz RAM,32,2 TB SSD,2048,Intel® Core™ Ultra 9 Series 3 386H,Intel Core Ultra 9 Series 3 386H,Intel,Core Ultra 9,,NVIDIA® GeForce RTX™ 5090 + Intel Graphics,NVIDIA GeForce RTX 5090 + Intel Graphics,NVIDIA,GeForce RTX 5090,GeForce RTX 5090,True,True,True,False,True,Windows 11 Professional
"Laptop HP OmniBook 7 17-dc0216nw 17,3"" Ultra 7 258V 32GB RAM 1TB Dysk SSD RTX4050 Win11 Srebrny Funkcje AI",5999.0,"17,3 "", ekran dotykowy 1920 x 1080 pikseli",17.3,1920,1080,2073600,,32 GB  LPDDR5x 8533 Mhz RAM,32,1 TB SSD,1024,Intel® Core™ Ultra 7 15gen 258V,Intel Core Ultra 7 15gen 258V,Intel,Core Ultra 7,15,NVIDIA® GeForce RTX 4050 + Intel  Arc 140V,NVIDIA GeForce RTX 4050 + Intel Arc 140V,NVIDIA,GeForce RTX 4050,GeForce RTX 4050,False,True,True,False,True,Windows 11 Home Edition
"Laptop 2w1 HP OmniBook X Flip 14-fk0216nw OLED 14"" Ryzen AI 7 350 24GB RAM 1TB Dysk SSD Win11 Srebrny Funkcje AI",5499.0,"14 "", ekran dotykowy 2880 x 1800 pikseli 120 Hz",14.0,2880,1800,5184000,120,24 GB  LPDDR5x 7500 Mhz RAM,24,1 TB SSD,1024,AMD Ryzen™ AI 7 350,AMD Ryzen AI 7 350,AMD,Ryzen AI 7,,AMD  Radeon™ 860M,AMD Radeon 860M,AMD,Radeon 860M,,False,False,False,True,False,Windows 11 Home Edition
"Laptop ASUS Zenbook A14 UX3407NA-QD174W OLED 14"" Snapdragon X2 Elite X2E-88-100 16GB RAM 512GB Dysk SSD Win11 Szary Funkcje AI",5499.0,"14 "",  1920 x 1200 pikseli 60 Hz",14.0,1920,1200,2304000,60,16 GB  LPDDR5X RAM,16,512 GB SSD,512,Qualcomm® Snapdragon® X2 Elite X2E-88-100,Qualcomm Snapdragon X2 Elite X2E-88-100,Qualcomm,Snapdragon X2 Elite,,Qualcomm®  Adreno™ Graphics,Qualcomm Adreno Graphics,Qualcomm,Adreno,,False,False,False,False,False,Windows 11 Home Edition
"Laptop gamingowy HP OMEN 16-am0027nw 16"" 240Hz Ultra 7 255H 32GB RAM 1TB Dysk SSD RTX5070 DLSS4 Win11 Czarny Funkcje AI",8299.0,"16 "",  2560 x 1600 pikseli 240 Hz",16.0,2560,1600,4096000,240,32 GB  DDR5 5600 Mhz RAM,32,1 TB SSD,1024,Intel® Core™ Ultra 7 15gen 255H,Intel Core Ultra 7 15gen 255H,Intel,Core Ultra 7,15,NVIDIA® GeForce RTX™ 5070 + Intel Arc 140T Graphics,NVIDIA GeForce RTX 5070 + Intel Arc 140T Graphics,NVIDIA,GeForce RTX 5070,GeForce RTX 5070,True,True,True,False,True,Windows 11 Home Edition
Laptop gamingowy ASUS TUF Gaming A16 FA608UMI-R7165W 16'' 144Hz Ryzen 7 260 16GB RAM 512GB Dysk SSD RTX5060 DLSS4 Win11 Szary Funkcje AI,7799.0,"16 "",  1920 x 1200 pikseli 144 Hz",16.0,1920,1200,2304000,144,16 GB  DDR5 5600 Mhz RAM,16,512 GB SSD,512,AMD Ryzen™ 7 260,AMD Ryzen 7 260,AMD,Ryzen 7,,NVIDIA® GeForce RTX 5060 + AMD Radeon™ 780M,NVIDIA GeForce RTX 5060 + AMD Radeon 780M,NVIDIA,GeForce RTX 5060,GeForce RTX 5060,True,True,True,True,False,Windows 11 Home Edition
"Laptop Dell 16 DC16251 16"" Core 7 150U 32GB RAM 1TB Dysk SSD Win11 Szary Funkcje AI",5179.0,"16 "",  1920 x 1200 pikseli 60 Hz",16.0,1920,1200,2304000,60,32 GB  DDR5 5200 Mhz RAM,32,1 TB SSD,1024,Intel® Core™ 7 14gen 150U,Intel Core 7 14gen 150U,Intel,Core 7,14,Intel®  Graphics,Intel Graphics,Intel,,,False,False,False,False,True,Windows 11 Home Edition
"Apple MacBook Air 2026 15,3"" M5 10/10 16GB RAM 512GB Dysk macOS Północ Funkcje AI",6999.0,"15,3"",  2880 x 1864 pikseli",15.3,2880,1864,5368320,,16 GB  zunifikowana RAM,16,512 GB SSD,512,Apple M5,Apple M5,Apple,M5,,Apple  M5 (10-rdzeni),Apple M5 (10-rdzeni),Apple,M5,,False,False,False,False,False,macOS
Laptop gamingowy ASUS TUF Gaming A18 FA808UH-S8013W 18'' 144Hz Ryzen 7 260 16GB RAM 512GB Dysk SSD RTX5050 DLSS4 Win11 Szary Funkcje AI,5399.0,"18 "",  1920 x 1200 pikseli 144 Hz",18.0,1920,1200,2304000,144,16 GB  DDR5 5600 Mhz RAM,16,512 GB SSD,512,AMD Ryzen™ 7 260,AMD Ryzen 7 260,AMD,Ryzen 7,,NVIDIA® GeForce RTX 5050 + AMD Radeon™ 780M,NVIDIA GeForce RTX 5050 + AMD Radeon 780M,NVIDIA,GeForce RTX 5050,GeForce RTX 5050,True,True,True,True,False,Windows 11 Home Edition
Laptop gamingowy HP OMEN Slim 16-an0011nw 16'' 144Hz Ultra 9 285H 32GB RAM 1TB Dysk SSD RTX5070 DLSS4 Win11 Czarny Funkcje AI,8069.99,"16 "",  1920 x 1200 pikseli 144 Hz",16.0,1920,1200,2304000,144,32 GB  DDR5 5600 Mhz RAM,32,1 TB SSD,1024,Intel® Core™ Ultra 9 15gen 285H,Intel Core Ultra 9 15gen 285H,Intel,Core Ultra 9,15,NVIDIA® GeForce RTX™ 5070 + Intel Arc 140T,NVIDIA GeForce RTX 5070 + Intel Arc 140T,NVIDIA,GeForce RTX 5070,GeForce RTX 5070,True,True,True,False,True,Windows 11 Home Edition
"Apple MacBook Air 2026 15,3"" M5 10/10 24GB RAM 1TB Dysk macOS Północ Funkcje AI",9399.0,"15,3"",  2880 x 1864 pikseli",15.3,2880,1864,5368320,,24 GB  zunifikowana RAM,24,1 TB SSD,1024,Apple M5,Apple M5,Apple,M5,,Apple  M5 (10-rdzeni),Apple M5 (10-rdzeni),Apple,M5,,False,False,False,False,False,macOS
"Laptop biznesowy Lenovo ThinkPad E14 Gen 7 14"" R7 250 16GB RAM 512GB Dysk SSD Win11 Pro Czarny Funkcje AI",5659.0,"14 "",  1920 x 1200 pikseli 60 Hz",14.0,1920,1200,2304000,60,16 GB  DDR5 5600 Mhz RAM,16,512 GB SSD,512,AMD Ryzen™ 7 250,AMD Ryzen 7 250,AMD,Ryzen 7,,AMD  Radeon™ 780M Graphics,AMD Radeon 780M Graphics,AMD,Radeon 780M,,False,False,False,True,False,Windows 11 Professional
"Laptop biznesowy Lenovo ThinkPad E16 Gen 3 16"" R7 260 16GB RAM 512GB Dysk SSD Win11 Pro Czarny Funkcje AI",5699.0,"16 "",  1920 x 1200 pikseli 60 Hz",16.0,1920,1200,2304000,60,16 GB  DDR5 5600 Mhz RAM,16,512 GB SSD,512,AMD Ryzen™ 7 250,AMD Ryzen 7 250,AMD,Ryzen 7,,AMD  Radeon™ 780M,AMD Radeon 780M,AMD,Radeon 780M,,False,False,False,True,False,Windows 11 Professional
"Laptop gamingowy MSI Crosshair 17 HX AI D2XWGKG-006XPL 17"" 240Hz Ultra 9 275HX 16GB RAM 1TB Dysk SSD RTX5070 DLSS4 Szary Funkcje AI",8399.0,"17 "",  2560 x 1600 pikseli 240 Hz",17.0,2560,1600,4096000,240,16 GB  DDR5 5600 Mhz RAM,16,1 TB SSD,1024,Intel® Core™ Ultra 9 15gen 275HX,Intel Core Ultra 9 15gen 275HX,Intel,Core Ultra 9,15,NVIDIA® GeForce RTX™ 5070 + Intel Graphics,NVIDIA GeForce RTX 5070 + Intel Graphics,NVIDIA,GeForce RTX 5070,GeForce RTX 5070,True,True,True,False,True,bez systemu
"Laptop gamingowy MSI Cyborg 15 A13VE-1067XPL 15,6""144Hz i7-13620H 16GB RAM 512GB Dysk SSD RTX4050 DLSS3 Czarny",3799.0,"15,6 "",  1920 x 1080 pikseli 144 Hz",15.6,1920,1080,2073600,144,16 GB  DDR5 5200 Mhz RAM,16,512 GB SSD,512,Intel® Core™ i7 13gen 13620H,Intel Core i7 13gen 13620H,Intel,Core i7,13,NVIDIA® GeForce RTX™ 4050 + Intel UHD Graphics,NVIDIA GeForce RTX 4050 + Intel UHD Graphics,NVIDIA,GeForce RTX 4050,GeForce RTX 4050,True,True,True,False,True,bez systemu
"Laptop gamingowy MSI Cyborg 15 B2RWFKG-038XPL 15,6"" 144Hz Core 7 240H 16GB RAM 512GB Dysk SSD RTX5060 DLSS4 Czarny Funkcje AI",4299.0,"15,6 "",  1920 x 1080 pikseli 144 Hz",15.6,1920,1080,2073600,144,16 GB  DDR5 RAM,16,512 GB SSD,512,Intel® Core™ 7 15gen 240H,Intel Core 7 15gen 240H,Intel,Core 7,15,NVIDIA® GeForce RTX™ 5060 + Intel Graphics,NVIDIA GeForce RTX 5060 + Intel Graphics,NVIDIA,GeForce RTX 5060,GeForce RTX 5060,True,True,True,False,True,bez systemu
"Laptop gamingowy MSI Vector 18 HX AI A2XWIG-691PL 18"" 240Hz Ultra 9 275HX 32GB RAM 2TB Dysk SSD RTX5080 DLSS4 Win11 Szary Funkcje AI",13999.0,"18 "",  2560 x 1600 pikseli 240 Hz",18.0,2560,1600,4096000,240,32 GB  DDR5 6400 Mhz RAM,32,2 TB SSD,2048,Intel® Core™ Ultra 9 15gen 275HX,Intel Core Ultra 9 15gen 275HX,Intel,Core Ultra 9,15,NVIDIA® GeForce RTX™ 5080 + Intel Graphics,NVIDIA GeForce RTX 5080 + Intel Graphics,NVIDIA,GeForce RTX 5080,GeForce RTX 5080,True,True,True,False,True,Windows 11 Home Edition
"Laptop ASUS Vivobook 16 M1607GA-MB003W 16"" Ryzen AI 7 445 16GB RAM 512GB Dysk SSD Win11 Srebrny Funkcje AI",3099.0,"16 "",  1920 x 1200 pikseli 60 Hz",16.0,1920,1200,2304000,60,16 GB  DDR5 RAM,16,512 GB SSD,512,AMD Ryzen™ AI 7 745,AMD Ryzen AI 7 745,AMD,Ryzen AI 7,,AMD  Radeon™ 840M,AMD Radeon 840M,AMD,Radeon 840M,,False,False,False,True,False,Windows 11 Home Edition
"Laptop gamingowy MSI Cyborg 17 B13WGKG-203XPL 17,3"" 144Hz i7-13620H 16GB RAM 1TB Dysk SSD RTX5070 DLSS4 Czarny Funkcje AI",5099.0,"17,3 "",  1920 x 1080 pikseli 144 Hz",17.3,1920,1080,2073600,144,16 GB  DDR5 5200 Mhz RAM,16,1 TB SSD,1024,Intel® Core™ i7 13gen 13620H,Intel Core i7 13gen 13620H,Intel,Core i7,13,NVIDIA® GeForce RTX™ 5070 + Intel UHD Graphics,NVIDIA GeForce RTX 5070 + Intel UHD Graphics,NVIDIA,GeForce RTX 5070,GeForce RTX 5070,True,True,True,False,True,bez systemu
"Laptop biznesowy Lenovo ThinkPad E14 Gen 7 14"" R5 220 16GB RAM 512GB Dysk SSD Win11 Pro Czarny Funkcje AI",5149.0,"14 "",  1920 x 1200 pikseli 60 Hz",14.0,1920,1200,2304000,60,16 GB  DDR5 5600 Mhz RAM,16,512 GB SSD,512,AMD Ryzen™ 5 220,AMD Ryzen 5 220,AMD,Ryzen 5,,AMD  Radeon™ 740M Graphics,AMD Radeon 740M Graphics,AMD,Radeon 740M,,False,False,False,True,False,Windows 11 Professional
"Laptop ASUS Vivobook 17 X1704VA-AU1069W 17,3"" Core 5 120U 16GB RAM 512GB Dysk SSD Win11 Srebrny",3199.0,"17,3 "",  1920 x 1080 pikseli 60 Hz",17.3,1920,1080,2073600,60,16 GB  DDR5 RAM,16,512 GB SSD,512,Intel® Core™ 5 14gen 120U,Intel Core 5 14gen 120U,Intel,Core 5,14,Intel®  Graphics,Intel Graphics,Intel,,,False,False,False,False,True,Windows 11 Home Edition
"Laptop Lenovo IdeaPad Slim 3 15IPH11 15,3"" Core Ultra 5 322 16GB RAM 512GB Dysk SSD Win11 Szary",2999.0,"15,3"",  1920 x 1200 pikseli 60 Hz",15.3,1920,1200,2304000,60,16 GB  DDR5 5600 Mhz RAM,16,512 GB SSD,512,Intel® Core™ Ultra 5 Series 3 322,Intel Core Ultra 5 Series 3 322,Intel,Core Ultra 5,,Intel®  Graphics,Intel Graphics,Intel,,,False,False,False,False,True,Windows 11 Home Edition
"Apple MacBook Pro 2025 14,2"" M5 24GB RAM 1TB Dysk macOS Gwiezdna Czerń Funkcje AI",10499.0,"14,2 "",  3024 x 1964 pikseli 120 Hz",14.2,3024,1964,5939136,120,24 GB  zunifikowana RAM,24,1 TB SSD,1024,Apple M5,Apple M5,Apple,M5,,Apple  M5 (10-rdzeni),Apple M5 (10-rdzeni),Apple,M5,,False,False,False,False,False,macOS Spotlight lub nowszy
"Laptop Acer Aspire 16 AI A16-61M OLED 16"" Ryzen AI 7 350 32GB RAM 1TB Dysk SSD Win11 Szary Funkcje AI",4499.99,"16 "",  1920 x 1200 pikseli 60 Hz",16.0,1920,1200,2304000,60,32 GB  LPDDR5X RAM,32,1 TB SSD,1024,AMD Ryzen™ AI 7 350,AMD Ryzen AI 7 350,AMD,Ryzen AI 7,,AMD  Radeon™ 860M,AMD Radeon 860M,AMD,Radeon 860M,,False,False,False,True,False,Windows 11 Home Edition
"Laptop Dell 16 Plus 1625-2914 16"" Ultra 7 256V 16GB RAM 512GB Dysk SSD Win11 Niebieski Funkcje AI",5599.0,"16 "",  2560 x 1600 pikseli",16.0,2560,1600,4096000,,16 GB  LPDDR5x 8533 Mhz RAM,16,512 GB SSD,512,Intel® Core™ Ultra 7 15gen 256V,Intel Core Ultra 7 15gen 256V,Intel,Core Ultra 7,15,Intel®  Arc Graphics,Intel Arc Graphics,Intel,Arc,,False,False,False,False,True,Windows 11 Home Edition
"Laptop gamingowy Gigabyte Gaming A18 3WHK3EEC64SH 18"" 165Hz R7 260 32GB RAM 1TB Dysk SSD RTX5070 DLSS4 Win11 Czarny Funkcje AI",8199.0,"18 "",  2560 x 1600 pikseli 165 Hz",18.0,2560,1600,4096000,165,32 GB  DDR5 5600 Mhz RAM,32,1 TB SSD,1024,AMD Ryzen™ 7 260,AMD Ryzen 7 260,AMD,Ryzen 7,,NVIDIA® GeForce RTX 5070 + AMD Radeon™ 780M,NVIDIA GeForce RTX 5070 + AMD Radeon 780M,NVIDIA,GeForce RTX 5070,GeForce RTX 5070,True,True,True,True,False,Windows 11 Home Edition
"Laptop Lenovo ThinkPad T14 Gen 5 14"" R7 Pro 8840U 16GB RAM 512GB Dysk SSD Win11 Pro Czarny Funkcje AI",7499.0,"14 "",  1920 x 1200 pikseli 60 Hz",14.0,1920,1200,2304000,60,16 GB  DDR5 5600 Mhz RAM,16,512 GB SSD,512,AMD Ryzen™ 7 Pro 8840U,AMD Ryzen 7 Pro 8840U,AMD,Ryzen 7,,AMD  Radeon™ 780M Graphics,AMD Radeon 780M Graphics,AMD,Radeon 780M,,False,False,False,True,False,Windows 11 Professional
"Laptop gamingowy Gigabyte Gaming A18 3VHK3EEC93SD 18"" 165Hz R7 260 16GB RAM 512GB Dysk SSD RTX5060 DLSS4 Czarny Funkcje AI",4599.0,"18 "",  2560 x 1600 pikseli 165 Hz",18.0,2560,1600,4096000,165,16 GB  DDR5 5600 Mhz RAM,16,512 GB SSD,512,AMD Ryzen™ 7 260,AMD Ryzen 7 260,AMD,Ryzen 7,,NVIDIA® GeForce RTX 5060 + AMD Radeon™ 780M,NVIDIA GeForce RTX 5060 + AMD Radeon 780M,NVIDIA,GeForce RTX 5060,GeForce RTX 5060,True,True,True,True,False,bez systemu
"Laptop gamingowy Gigabyte Gaming A18 3WHK3EEC94SH 18"" 165Hz R7 260 16GB RAM 1TB Dysk SSD RTX5070 DLSS4 Win11 Czarny Funkcje AI",5999.0,"18 "",  2560 x 1600 pikseli 165 Hz",18.0,2560,1600,4096000,165,16 GB  DDR5 5600 Mhz RAM,16,1 TB SSD,1024,AMD Ryzen™ 7 260,AMD Ryzen 7 260,AMD,Ryzen 7,,NVIDIA® GeForce RTX 5070 + AMD Radeon™ 780M,NVIDIA GeForce RTX 5070 + AMD Radeon 780M,NVIDIA,GeForce RTX 5070,GeForce RTX 5070,True,True,True,True,False,Windows 11 Home Edition
"Laptop ASUS Zenbook S16 UM5606GA-SR323W OLED 16"" 120Hz Ryzen AI 7 445 16GB RAM 1TB Dysk SSD Win11 Szary Funkcje AI",8199.0,"16 "", ekran dotykowy 2880 x 1800 pikseli 120 Hz",16.0,2880,1800,5184000,120,16 GB  LPDDR5X RAM,16,1 TB SSD,1024,AMD Ryzen™ AI 7 445,AMD Ryzen AI 7 445,AMD,Ryzen AI 7,,AMD  Radeon™ 840M,AMD Radeon 840M,AMD,Radeon 840M,,False,False,False,True,False,Windows 11 Home Edition
"Laptop ASUS Vivobook 16 X1607QA-MB055W 16"" Snapdragon X X1-26-100 16GB RAM 512GB Dysk SSD Win11 Srebrny Funkcje AI",3499.0,"16 "",  1920 x 1200 pikseli 60 Hz",16.0,1920,1200,2304000,60,16 GB  LPDDR5X RAM,16,512 GB SSD,512,Qualcomm® Snapdragon® X X1-26-100,Qualcomm Snapdragon X X1-26-100,Qualcomm,Snapdragon X,,Qualcomm®  Adreno,Qualcomm Adreno,Qualcomm,Adreno,,False,False,False,False,False,Windows 11 Home Edition
"Laptop Dell 15 DC15250 15,6"" i5-1334U 16GB RAM 1TB Dysk SSD Win11 Srebrny",3199.0,"15,6 "",  1920 x 1080 pikseli 120 Hz",15.6,1920,1080,2073600,120,16 GB  DDR4 3200 MHz RAM,16,1 TB SSD,1024,Intel® Core™ i5 13gen 1334U,Intel Core i5 13gen 1334U,Intel,Core i5,13,Intel®  Iris Xe Graphics (działający jako Intel® UHD Graphics),Intel Iris Xe Graphics (działający jako Intel UHD Graphics),Intel,Iris Xe,,False,False,False,False,True,Windows 11 Home Edition
"Laptop Acer Swift X 14 AI SFX14-61G OLED 14,5"" Ryzen AI 7 350 32GB RAM 1TB Dysk SSD RTX5060 DLSS4 Win11 Szary Funkcje AI",7784.99,"14,5 "", ekran dotykowy 2880 x 1800 pikseli 120 Hz",14.5,2880,1800,5184000,120,32 GB  LPDDR5X RAM,32,1 TB SSD,1024,AMD Ryzen™ AI 7 350,AMD Ryzen AI 7 350,AMD,Ryzen AI 7,,NVIDIA® GeForce RTX 5060 + AMD Radeon™ 860M,NVIDIA GeForce RTX 5060 + AMD Radeon 860M,NVIDIA,GeForce RTX 5060,GeForce RTX 5060,False,True,True,True,False,Windows 11 Home Edition
Laptop gamingowy HP OMEN MAX 16-ah0216nw OLED 16'' 240Hz Ultra 9 275HX 64GB RAM 1TB Dysk SSD RTX5090 DLSS4 Win11 Czarny Funkcje AI,16999.0,"16 "",  2560 x 1600 pikseli 240 Hz",16.0,2560,1600,4096000,240,64 GB  DDR5 5600 Mhz RAM,64,1 TB SSD,1024,Intel® Core™ Ultra 9 15gen 275HX,Intel Core Ultra 9 15gen 275HX,Intel,Core Ultra 9,15,NVIDIA® GeForce RTX™ 5090 + Intel Graphics,NVIDIA GeForce RTX 5090 + Intel Graphics,NVIDIA,GeForce RTX 5090,GeForce RTX 5090,True,True,True,False,True,Windows 11 Home Edition
"Laptop biznesowy Lenovo V14 G5 IRL 14"" i5-13420H 16GB RAM 512GB Dysk SSD Win11 Pro Czarny",2989.99,"14 "",  1920 x 1080 pikseli 60 Hz",14.0,1920,1080,2073600,60,16 GB  DDR5 5200 Mhz RAM,16,512 GB SSD,512,Intel® Core™ i5 13gen 13420H,Intel Core i5 13gen 13420H,Intel,Core i5,13,Intel®  UHD Graphics,Intel UHD Graphics,Intel,UHD,,False,False,False,False,True,Windows 11 Professional
Laptop ASUS Zenbook 14 OLED UX3405CA-SU864X 14'' 120Hz Ultra 9 285H 32GB RAM 1TB Dysk SSD Win11 Pro Niebieski Funkcje AI,9599.0,"14 "", ekran dotykowy 2880 x 1800 pikseli 120 Hz",14.0,2880,1800,5184000,120,32 GB  LPDDR5X RAM,32,1 TB SSD,1024,Intel® Core™ Ultra 9 15gen 285H,Intel Core Ultra 9 15gen 285H,Intel,Core Ultra 9,15,Intel®   Arc™ 140T,Intel Arc 140T,Intel,Arc 140T,,False,False,False,False,True,Windows 11 Professional
"Laptop gamingowy HP OMEN 16-ap0218nw 16"" 240Hz Ryzen AI 7 350 32GB RAM 1TB Dysk SSD RTX5070 DLSS4 Win11 Czarny Funkcje AI",7999.0,"16 "",  2560 x 1600 pikseli 240 Hz",16.0,2560,1600,4096000,240,32 GB  DDR5 5600 Mhz RAM,32,1 TB SSD,1024,AMD Ryzen™ AI 7 350,AMD Ryzen AI 7 350,AMD,Ryzen AI 7,,NVIDIA® GeForce RTX™ 5070 + AMD Radeon™ 860M,NVIDIA GeForce RTX 5070 + AMD Radeon 860M,NVIDIA,GeForce RTX 5070,GeForce RTX 5070,True,True,True,True,False,Windows 11 Home Edition
"Laptop Acer Aspire 16 AI A16-52M OLED 16"" Ultra 5 226V 16GB RAM 1TB Dysk SSD Win11 Szary Funkcje AI",3779.99,"16 "",  1920 x 1200 pikseli 60 Hz",16.0,1920,1200,2304000,60,16 GB  LPDDR5X RAM,16,1 TB SSD,1024,Intel® Core™ Ultra 5 15gen 226V,Intel Core Ultra 5 15gen 226V,Intel,Core Ultra 5,15,Intel®  Arc™ Graphics 130V,Intel Arc Graphics 130V,Intel,Arc Graphics 130V,,False,False,False,False,True,Windows 11 Home Edition
"Laptop gamingowy HP OMEN 16-am0015nw 16"" 144Hz i7-14650HX 16GB RAM 1TB Dysk SSD RTX5060 DLSS4 Win11 Czarny",6299.0,"16 "",  1920 x 1080 pikseli 144 Hz",16.0,1920,1080,2073600,144,16 GB  DDR5 5600 Mhz RAM,16,512 GB SSD,512,Intel® Core™ i7 14gen 14650HX,Intel Core i7 14gen 14650HX,Intel,Core i7,14,NVIDIA® GeForce RTX™ 5060 + Intel UHD Graphics,NVIDIA GeForce RTX 5060 + Intel UHD Graphics,NVIDIA,GeForce RTX 5060,GeForce RTX 5060,True,True,True,False,True,Windows 11 Home Edition
"Laptop HP OmniBook 5 16-ag1025nw OLED 16"" Ryzen AI 7 350 32GB RAM 1TB Dysk SSD Win11 Srebrny Funkcje AI",4849.0,"16 "",  1920 x 1200 pikseli",16.0,1920,1200,2304000,,32 GB  LPDDR5x 7500 Mhz RAM,32,1 TB SSD,1024,AMD Ryzen™ AI 7 350,AMD Ryzen AI 7 350,AMD,Ryzen AI 7,,AMD  Radeon™ 860M,AMD Radeon 860M,AMD,Radeon 860M,,False,False,False,True,False,Windows 11 Home Edition
"Apple MacBook Air 2025 15,3"" M4 24GB RAM 512GB Dysk macOS Błękitny Funkcje AI",6999.0,"15,3"",  2880 x 1864 pikseli",15.3,2880,1864,5368320,,24 GB  zunifikowana RAM,24,512 GB SSD,512,Apple M4,Apple M4,Apple,M4,,Apple  M4 (10-rdzeni),Apple M4 (10-rdzeni),Apple,M4,,False,False,False,False,False,macOS Sequoia lub nowszy
"Laptop ASUS Vivobook 16 M1605NAQ-SH119W OLED 16"" Ryzen 5 150 16GB RAM 512GB Dysk SSD Win11 Srebrny Funkcje AI",2799.0,"16 "",  1920 x 1200 pikseli 60 Hz",16.0,1920,1200,2304000,60,16 GB  DDR5 RAM,16,512 GB SSD,512,AMD Ryzen™ 5 150,AMD Ryzen 5 150,AMD,Ryzen 5,,AMD  Radeon™ 660M,AMD Radeon 660M,AMD,Radeon 660M,,False,False,False,True,False,Windows 11 Home Edition
"Laptop ASUS Vivobook S14 M3407GA-SF013W OLED 14"" Ryzen AI 7 445 16GB RAM 512GB Dysk SSD Win11 Srebrny Funkcje AI",3799.0,"14 "",  1920 x 1200 pikseli 60 Hz",14.0,1920,1200,2304000,60,16 GB  DDR5 RAM,16,512 GB SSD,512,AMD Ryzen™ AI 7 445,AMD Ryzen AI 7 445,AMD,Ryzen AI 7,,AMD  Radeon™ 840M,AMD Radeon 840M,AMD,Radeon 840M,,False,False,False,True,False,Windows 11 Home Edition
"Laptop gamingowy MSI Crosshair 18 HX AI A2XWGXKG-078PL 18"" 240Hz Ultra 9 275HX 32GB RAM 1TB Dysk SSD RTX5070 DLSS4 Win11 Czarny AI",10999.0,"18 "",  2560 x 1600 pikseli 240 Hz",18.0,2560,1600,4096000,240,32 GB  DDR5 6400 Mhz RAM,32,1 TB SSD,1024,Intel® Core™ Ultra 9 Series 2 275HX,Intel Core Ultra 9 Series 2 275HX,Intel,Core Ultra 9,,NVIDIA® GeForce RTX™ 5070 + Intel Graphics,NVIDIA GeForce RTX 5070 + Intel Graphics,NVIDIA,GeForce RTX 5070,GeForce RTX 5070,True,True,True,False,True,Windows 10 Home Edition
"Laptop gamingowy Acer Nitro 16S AI AN16S-61 16"" 180Hz Ryzen AI 9 365 32GB RAM 1TB Dysk SSD RTX5060 DLSS4 Czarny Funkcje AI",6799.0,"16 "",  2560 x 1600 pikseli 180 Hz",16.0,2560,1600,4096000,180,32 GB  DDR5 5600 Mhz RAM,32,1 TB SSD,1024,AMD Ryzen™ AI 9 365,AMD Ryzen AI 9 365,AMD,Ryzen AI 9,,NVIDIA® GeForce RTX™ 5060 + AMD Radeon™ 880M,NVIDIA GeForce RTX 5060 + AMD Radeon 880M,NVIDIA,GeForce RTX 5060,GeForce RTX 5060,True,True,True,True,False,bez systemu
"Apple MacBook Pro 2024 16,2"" M4 Max 36GB RAM 1TB Dysk macOS Srebrny Funkcje AI",15999.0,"16,2 "",  3456 x 2234 pikseli 120 Hz",16.2,3456,2234,7720704,120,36 GB  zunifikowana RAM,36,1 TB SSD,1024,Apple M4 Max,Apple M4 Max,Apple,M4 Max,,Apple  M4 Max (32-rdzenie),Apple M4 Max (32-rdzenie),Apple,M4 Max,,False,False,False,False,False,macOS Sequoia lub nowszy
"Laptop HP OmniBook 5 16-af1219nw OLED 16"" Ultra 5 225U 16GB RAM 512GB Dysk SSD Win11 Srebrny Funkcje AI",3419.99,"16 "",  1920 x 1200 pikseli",16.0,1920,1200,2304000,,16 GB  LPDDR5x 7500 Mhz RAM,16,512 GB SSD,512,Intel® Core™ Ultra 5 15gen 225U,Intel Core Ultra 5 15gen 225U,Intel,Core Ultra 5,15,Intel®  Graphics,Intel Graphics,Intel,,,False,False,False,False,True,Windows 11 Home Edition
Laptop biznesowy ASUS ExpertBook B9 OLED B9403CVAR-KM0897X 14'' Core 5 120U 16GB RAM 1TB Dysk SSD Win11 Pro Czarny Funkcje AI,4799.0,"14 "",  2880 x 1800 pikseli 90 Hz",14.0,2880,1800,5184000,90,16 GB  LPDDR5X RAM,16,1 TB SSD,1024,Intel® Core™ 5 120U,Intel Core 5 120U,Intel,Core 5,,Intel®  Graphics,Intel Graphics,Intel,,,False,False,False,False,True,Windows 11 Professional
"Laptop gamingowy Acer Nitro 18 AI AN18-61 18"" 165Hz Ryzen AI 7 350 32GB RAM 1TB Dysk SSD RTX5060 DLSS4 Win11 Pro Czarny Funkcje AI",8069.99,"18 "",  2560 x 1600 pikseli 165 Hz",18.0,2560,1600,4096000,165,32 GB  DDR5 5600 Mhz RAM,32,1 TB SSD,1024,AMD Ryzen™ AI 7 350,AMD Ryzen AI 7 350,AMD,Ryzen AI 7,,NVIDIA® GeForce RTX™ 5060 + AMD Radeon™ 860M,NVIDIA GeForce RTX 5060 + AMD Radeon 860M,NVIDIA,GeForce RTX 5060,GeForce RTX 5060,True,True,True,True,False,Windows 11 Professional
"Laptop gamingowy Gigabyte Gaming A16 Pro 16"" 165Hz Core 7 240H 32GB RAM 1TB Dysk SSD RTX5080 DLSS4 Czarny Funkcje AI",9499.0,"16 "",  2560 x 1600 pikseli 165 Hz",16.0,2560,1600,4096000,165,32 GB  LPDDR5x 5600 Mhz RAM,32,1 TB SSD,1024,Intel® Core™ 7 15gen 240H,Intel Core 7 15gen 240H,Intel,Core 7,15,NVIDIA® GeForce RTX 5080 + Intel Graphics,NVIDIA GeForce RTX 5080 + Intel Graphics,NVIDIA,GeForce RTX 5080,GeForce RTX 5080,True,True,True,False,True,bez systemu
"Laptop Acer Aspire 16 AI A16-52M OLED 16"" Ultra 9 288V 32GB RAM 1TB Dysk SSD Win11 Szary Funkcje AI",5219.99,"16 "",  1920 x 1200 pikseli 60 Hz",16.0,1920,1200,2304000,60,32 GB  LPDDR5X RAM,32,1 TB SSD,1024,Intel® Core™ Ultra 9 15gen 288V,Intel Core Ultra 9 15gen 288V,Intel,Core Ultra 9,15,Intel®  Arc™ Graphics 140V,Intel Arc Graphics 140V,Intel,Arc Graphics 140V,,False,False,False,False,True,Windows 11 Home Edition
"Laptop ASUS Vivobook 16 X1607AA-MB017W 16"" Ultra 5 325 32GB RAM 1TB Dysk SSD Win11 Niebieski Funkcje AI",5499.0,"16 "",  1920 x 1200 pikseli 60 Hz",16.0,1920,1200,2304000,60,32 GB  DDR5 RAM,32,1 TB SSD,1024,Intel® Core™ Ultra 5 Series 3 325,Intel Core Ultra 5 Series 3 325,Intel,Core Ultra 5,,Intel®  Graphics,Intel Graphics,Intel,,,False,False,False,False,True,Windows 11 Home Edition
"Laptop 2w1 HP OmniBook X Flip AI 16-ar0016nw OLED 16"" Ryzen AI 5 340 16GB RAM 1TB Dysk SSD Win11 Srebrny Funkcje AI",4799.0,"16 "", ekran dotykowy 1920 x 1200 pikseli",16.0,1920,1200,2304000,,16 GB  LPDDR5x 7500 Mhz RAM,16,1 TB SSD,1024,AMD Ryzen™ AI 5 340,AMD Ryzen AI 5 340,AMD,Ryzen AI 5,,AMD  Radeon™ 840M,AMD Radeon 840M,AMD,Radeon 840M,,False,False,False,True,False,Windows 11 Home Edition
"Laptop gamingowy Acer Nitro 16 AI AN16-61 16"" 180Hz Ryzen AI 7 350 16GB RAM 1TB Dysk SSD RTX5070Ti DLSS4 Czarny Funkcje AI",7299.0,"16 "",  2560 x 1600 pikseli 180 Hz",16.0,2560,1600,4096000,180,16 GB  DDR5 5600 Mhz RAM,16,1 TB SSD,1024,AMD Ryzen™ AI 7 350,AMD Ryzen AI 7 350,AMD,Ryzen AI 7,,NVIDIA® GeForce RTX™ 5070 Ti + AMD Radeon™ 860M,NVIDIA GeForce RTX 5070 Ti + AMD Radeon 860M,NVIDIA,GeForce RTX 5070 Ti,GeForce RTX 5070 Ti,True,True,True,True,False,bez systemu
"Laptop gamingowy Gigabyte AORUS MASTER 16 BYH OLED 16"" 240Hz Ultra 9 275HX 32GB RAM 1TB Dysk SSD RTX5080 DLSS4 Win11 Pro Czarny AI",13999.0,"16 "",  2560 x 1600 pikseli 240 Hz",16.0,2560,1600,4096000,240,32 GB  DDR5 5600 Mhz RAM,32,1 TB SSD,1024,Intel® Core™ Ultra 9 15gen 275HX,Intel Core Ultra 9 15gen 275HX,Intel,Core Ultra 9,15,NVIDIA® GeForce RTX 5080 + Intel Graphics,NVIDIA GeForce RTX 5080 + Intel Graphics,NVIDIA,GeForce RTX 5080,GeForce RTX 5080,True,True,True,False,True,Windows 11 Professional
"Laptop 2w1 HP OmniBook 5 Flip 14-fp0004nw 14"" Core 5 120U 16GB RAM 512GB Dysk SSD Win11 Niebieski",3649.0,"14 "", ekran dotykowy 1920 x 1200 pikseli",14.0,1920,1200,2304000,,16 GB  LPDDR5 5200 Mhz RAM,16,512 GB SSD,512,Intel® Core™ 5 14gen 120U,Intel Core 5 14gen 120U,Intel,Core 5,14,Intel®  Graphics,Intel Graphics,Intel,,,False,False,False,False,True,Windows 11 Home Edition
"Laptop gamingowy MSI Crosshair 17 HX AI D2XWFKG-008XPL 17"" 240Hz Ultra 7 255HX 16GB RAM 1TB Dysk SSD RTX5060 DLSS4 Szary Funkcje AI",5999.0,"17 "",  2560 x 1600 pikseli 240 Hz",17.0,2560,1600,4096000,240,16 GB  DDR5 5600 Mhz RAM,16,1 TB SSD,1024,Intel® Core™ Ultra 7 15gen 255HX,Intel Core Ultra 7 15gen 255HX,Intel,Core Ultra 7,15,NVIDIA® GeForce RTX™ 5060 + Intel Graphics,NVIDIA GeForce RTX 5060 + Intel Graphics,NVIDIA,GeForce RTX 5060,GeForce RTX 5060,True,True,True,False,True,bez systemu
"Laptop gamingowy ASUS ROG Strix G18 G815LW-SA303W 18"" 240Hz Ultra 9 290HX Plus 32GB RAM 2TB Dysk SSD RTX5080 DLSS4 Win11 Szary Funkcje AI",16999.0,"18 "",  2560 x 1600 pikseli 240 Hz",18.0,2560,1600,4096000,240,32 GB  DDR5 5600 Mhz RAM,32,2 TB SSD,2048,Intel® Core™ Ultra 9 15gen 290HX Plus,Intel Core Ultra 9 15gen 290HX Plus,Intel,Core Ultra 9,15,NVIDIA® Geforce RTX™ 5080 + Intel Graphics,NVIDIA Geforce RTX 5080 + Intel Graphics,NVIDIA,GeForce RTX 5080,GeForce RTX 5080,True,True,True,False,True,Windows 11 Home Edition
"Laptop ASUS Vivobook 16 X1607AA-MB009W 16"" Ultra 5 325 16GB RAM 512GB Dysk SSD Win11 Niebieski Funkcje AI",3499.0,"16 "",  1920 x 1200 pikseli 60 Hz",16.0,1920,1200,2304000,60,16 GB  DDR5 RAM,16,512 GB SSD,512,Intel® Core™ Ultra 5 Series 3 325,Intel Core Ultra 5 Series 3 325,Intel,Core Ultra 5,,Intel®  Graphics,Intel Graphics,Intel,,,False,False,False,False,True,Windows 11 Home Edition
"Laptop gamingowy HP Victus 15-fa2036nw 15,6"" 144Hz i7-13620H 16GB RAM 1TB Dysk SSD RTX5060 DLSS4 Win11 Czarno-srebrny",4699.0,"15,6 "",  1920 x 1080 pikseli 144 Hz",15.6,1920,1080,2073600,144,16 GB  DDR5 5200 Mhz RAM,16,1 TB SSD,1024,Intel® Core™ i7 13gen 13620H,Intel Core i7 13gen 13620H,Intel,Core i7,13,NVIDIA® GeForce RTX™ 5060 + Intel UHD Graphics,NVIDIA GeForce RTX 5060 + Intel UHD Graphics,NVIDIA,GeForce RTX 5060,GeForce RTX 5060,True,True,True,False,True,Windows 11 Home Edition
"Laptop gamingowy MSI Cyborg 17 B2RWFKG-066XPL 17,3"" 144Hz Core 7 240H 16GB RAM 512GB Dysk SSD RTX5060 DLSS4 Czarny Funkcje AI",4549.0,"17,3 "",  1920 x 1080 pikseli 144 Hz",17.3,1920,1080,2073600,144,16 GB  DDR5 RAM,16,512 GB SSD,512,Intel® Core™ 7 15gen 240H,Intel Core 7 15gen 240H,Intel,Core 7,15,NVIDIA® GeForce RTX™ 5060 + Intel Graphics,NVIDIA GeForce RTX 5060 + Intel Graphics,NVIDIA,GeForce RTX 5060,GeForce RTX 5060,True,True,True,False,True,bez systemu
"Apple MacBook Air 2026 15,3"" M5 10/10 16GB RAM 512GB Dysk macOS Księzycowa Poświata Funkcje AI",6999.0,"15,3"",  2880 x 1864 pikseli",15.3,2880,1864,5368320,,16 GB  zunifikowana RAM,16,512 GB SSD,512,Apple M5,Apple M5,Apple,M5,,Apple  M5 (10-rdzeni),Apple M5 (10-rdzeni),Apple,M5,,False,False,False,False,False,macOS
"Laptop ASUS Vivobook 15 M1502NAQ-BQ037W 15,6"" Ryzen 7 170 16GB RAM 512GB Dysk SSD Win11 Srebrny Funkcje AI",2599.0,"15,6 "",  1920 x 1080 pikseli 60 Hz",15.6,1920,1080,2073600,60,16 GB  DDR5 RAM,16,512 GB SSD,512,AMD Ryzen™ 7 170,AMD Ryzen 7 170,AMD,Ryzen 7,,AMD  Radeon™ 680M,AMD Radeon 680M,AMD,Radeon 680M,,False,False,False,True,False,Windows 11 Home Edition
"Apple MacBook Pro 2026 14,2"" M5 Pro 18/20 24GB RAM 2TB Dysk macOS Gwiezdna Czerń Funkcje AI",13999.0,"14,2 "",  3024 x 1964 pikseli 120 Hz",14.2,3024,1964,5939136,120,24 GB  zunifikowana RAM,24,2 TB SSD,2048,Apple M5 Pro,Apple M5 Pro,Apple,M5 Pro,,Apple  M5 Pro (20-rdzeni),Apple M5 Pro (20-rdzeni),Apple,M5 Pro,,False,False,False,False,False,macOS
"Laptop biznesowy Lenovo V15 G4 AMN 15,6"" R5 7520U 16GB RAM 512GB Dysk SSD Win11 Pro Czarny",2699.0,"15,6 "",  1920 x 1080 pikseli 60 Hz",15.6,1920,1080,2073600,60,16 GB  LPDDR5 5500 Mhz RAM,16,512 GB SSD,512,AMD Ryzen™ 5 7520U,AMD Ryzen 5 7520U,AMD,Ryzen 5,,AMD  Radeon™ 610M Graphics,AMD Radeon 610M Graphics,AMD,Radeon 610M,,False,False,False,True,False,Windows 11 Professional
"Laptop ASUS Vivobook S16 S3607VA-RP097W 16"" 144Hz Core 5 210H 16GB RAM 512GB Dysk SSD Win11 Srebrny Funkcje AI",2749.0,"16 "",  1920 x 1200 pikseli 144 Hz",16.0,1920,1200,2304000,144,16 GB  DDR5 RAM,16,512 GB SSD,512,Intel® Core™ 5 15gen 210H,Intel Core 5 15gen 210H,Intel,Core 5,15,Intel®  Graphics,Intel Graphics,Intel,,,False,False,False,False,True,Windows 11 Home Edition
"Laptop Acer Aspire Go 16 AG16-71P 16"" Core 5 120U 16GB RAM 1TB Dysk SSD Win11 Srebrny Funkcje AI",2899.0,"16 "",  1920 x 1200 pikseli 60 Hz",16.0,1920,1200,2304000,60,16 GB  DDR5 RAM,16,1 TB SSD,1024,Intel® Core™ 5 14gen 120U,Intel Core 5 14gen 120U,Intel,Core 5,14,Intel®  Graphics,Intel Graphics,Intel,,,False,False,False,False,True,Windows 11 Home Edition
"Laptop biznesowy ASUS ExpertBook PM3 PM3406CKA-LY0285X 14"" Ryzen AI 5 330 16GB RAM 512GB Dysk SSD Win11 Pro Szary Funkcje AI",3649.0,"14 "",  1920 x 1200 pikseli 60 Hz",14.0,1920,1200,2304000,60,16 GB  DDR5 RAM,16,512 GB SSD,512,AMD Ryzen™ AI 5 330,AMD Ryzen AI 5 330,AMD,Ryzen AI 5,,AMD  Radeon™ 820M,AMD Radeon 820M,AMD,Radeon 820M,,False,False,False,True,False,Windows 11 Professional
"Laptop ASUS Vivobook 14 Flip TP3407SA-SG146W OLED 14"" Ultra 5 226V 16GB RAM 512GB Dysk SSD Win11 Szary Funkcje AI",4149.0,"14 "", ekran dotykowy 1920 x 1200 pikseli 60 Hz",14.0,1920,1200,2304000,60,16 GB  LPDDR5X RAM,16,512 GB SSD,512,Intel® Core™ Ultra 5 15gen 226V,Intel Core Ultra 5 15gen 226V,Intel,Core Ultra 5,15,Intel®  Arc Graphics 130V,Intel Arc Graphics 130V,Intel,Arc Graphics 130V,,False,False,False,False,True,Windows 11 Home Edition
"Laptop gamingowy MSI Katana 15 HX B14WGK-821XPL 15,6"" 144Hz i7-14650HX 16GB RAM 1TB Dysk SSD RTX5070 DLSS4 Czarny",5549.0,"15,6 "",  1920 x 1080 pikseli 144 Hz",15.6,1920,1080,2073600,144,16 GB  DDR5 5600 Mhz RAM,16,1 TB SSD,1024,Intel® Core™ i7 14gen 14650HX,Intel Core i7 14gen 14650HX,Intel,Core i7,14,NVIDIA® GeForce RTX™ 5070 + Intel UHD Graphics,NVIDIA GeForce RTX 5070 + Intel UHD Graphics,NVIDIA,GeForce RTX 5070,GeForce RTX 5070,True,True,True,False,True,bez systemu
"Laptop ASUS Zenbook Duo UX8407AA-SN129X OLED 14"" 144Hz Ultra 7 355 32GB RAM 1TB Dysk SSD Win11 Pro Szary Funkcje AI",12999.0,"14 "", ekran dotykowy 2880 x 1800 pikseli 144 Hz",14.0,2880,1800,5184000,144,32 GB  LPDDR5X RAM,32,1 TB SSD,1024,Intel® Core™ Ultra 7 Series 3 355,Intel Core Ultra 7 Series 3 355,Intel,Core Ultra 7,,Intel®  Graphics,Intel Graphics,Intel,,,False,False,False,False,True,Windows 11 Professional
"Laptop ASUS Vivobook S16 S3607NA-PL013W 16"" 144Hz Snapdragon X2 Elite X2E88100 16GB RAM 512GB Dysk SSD Win11 Niebieski AI",4499.0,"16 "",  2560 x 1600 pikseli 144 Hz",16.0,2560,1600,4096000,144,16 GB  LPDDR5X RAM,16,512 GB SSD,512,Qualcomm® Snapdragon® X2 Elite X2E88100,Qualcomm Snapdragon X2 Elite X2E88100,Qualcomm,Snapdragon X2 Elite,,Qualcomm®  Adreno™ Graphics,Qualcomm Adreno Graphics,Qualcomm,Adreno,,False,False,False,False,False,Windows 11 Home Edition
"Laptop Acer Swift Go 16 AI SFG16-61-R16U OLED 16"" Ryzen AI 7 350 32GB RAM 1TB Dysk SSD Win11 Szary Funkcje AI",5449.0,"16 "",  2048 x 1280 pikseli 120 Hz",16.0,2048,1280,2621440,120,32 GB  LPDDR5x 8000 Mhz RAM,32,1 TB SSD,1024,AMD Ryzen™ AI 7 350,AMD Ryzen AI 7 350,AMD,Ryzen AI 7,,AMD  Radeon™ 860M,AMD Radeon 860M,AMD,Radeon 860M,,False,False,False,True,False,Windows 11 Home Edition
"Laptop Dell 14 DC14255 14"" R7 250 16GB RAM 512GB Dysk SSD Win11 Czarny Funkcje AI",3999.0,"14 "",  1920 x 1200 pikseli 60 Hz",14.0,1920,1200,2304000,60,16 GB  DDR5 5600 Mhz RAM,16,512 GB SSD,512,AMD Ryzen™ 7 250,AMD Ryzen 7 250,AMD,Ryzen 7,,AMD  Radeon™ 780M,AMD Radeon 780M,AMD,Radeon 780M,,False,False,False,True,False,Windows 11 Home Edition
"Laptop 2w1 Dell 14 Plus 0425-2792 14"" Ultra 5 226V 16GB RAM 512GB Dysk SSD Win11 Niebieski Funkcje AI",4199.0,"14 "", ekran dotykowy 1920 x 1200 pikseli 60 Hz",14.0,1920,1200,2304000,60,16 GB  LPDDR5x 8533 Mhz RAM,16,512 GB SSD,512,Intel® Core™ Ultra 5 15gen 226V,Intel Core Ultra 5 15gen 226V,Intel,Core Ultra 5,15,Intel®  Arc Graphics,Intel Arc Graphics,Intel,Arc,,False,False,False,False,True,Windows 11 Home Edition
"Laptop gamingowy HP OMEN 17-db1216nw 17,3"" 240Hz Ryzen AI 9 365 32GB RAM 1TB Dysk SSD RTX5070 Win11 Czarny Funkcje AI",9999.0,"17,3 "",  2560 x 1440 pikseli 240 Hz",17.3,2560,1440,3686400,240,32 GB  DDR5 5600 Mhz RAM,32,1 TB SSD,1024,AMD Ryzen™ AI 9 365,AMD Ryzen AI 9 365,AMD,Ryzen AI 9,,NVIDIA® GeForce RTX 5070 + AMD Radeon™ 880M,NVIDIA GeForce RTX 5070 + AMD Radeon 880M,NVIDIA,GeForce RTX 5070,GeForce RTX 5070,True,True,True,True,False,Windows 11 Home Edition
"Laptop gamingowy Gigabyte Gaming A18 3VHK3EEC93SH 18"" 165Hz R7 260 16GB RAM 512GB Dysk SSD RTX5060 DLSS4 Win11 Czarny Funkcje AI",5694.99,"18 "",  2560 x 1600 pikseli 165 Hz",18.0,2560,1600,4096000,165,16 GB  DDR5 5600 Mhz RAM,16,512 GB SSD,512,AMD Ryzen™ 7 260,AMD Ryzen 7 260,AMD,Ryzen 7,,NVIDIA® GeForce RTX 5060 + AMD Radeon™ 780M,NVIDIA GeForce RTX 5060 + AMD Radeon 780M,NVIDIA,GeForce RTX 5060,GeForce RTX 5060,True,True,True,True,False,Windows 11 Home Edition
"Laptop HP OmniBook 7 16-ay0011nw OLED 16"" 120Hz Ultra 7 255H 32GB RAM 1TB Dysk SSD RTX4050 DLSS3 Win11 Srebrny Funkcje AI",6999.0,"16 "", ekran dotykowy 2048 x 1280 pikseli 120 Hz",16.0,2048,1280,2621440,120,32 GB  DDR5 5600 Mhz RAM,32,1 TB SSD,1024,Intel® Core™ Ultra 7 15gen 255H,Intel Core Ultra 7 15gen 255H,Intel,Core Ultra 7,15,NVIDIA® GeForce RTX 4050 + Intel  Arc 140T,NVIDIA GeForce RTX 4050 + Intel Arc 140T,NVIDIA,GeForce RTX 4050,GeForce RTX 4050,False,True,True,False,True,Windows 11 Home Edition
"Laptop ASUS Zenbook Duo UX8407AA-SN515X OLED 14"" 144Hz Ultra X9 378H 32GB RAM 1TB Dysk SSD Win11 Pro Szary Funkcje AI",13999.0,"14 "", ekran dotykowy 2880 x 1800 pikseli 144 Hz",14.0,2880,1800,5184000,144,32 GB  LPDDR5X RAM,32,1 TB SSD,1024,Intel® Core™ Ultra X9 Series 3 378H,Intel Core Ultra X9 Series 3 378H,Intel,Core Ultra X9,,Intel®  Arc™ B390,Intel Arc B390,Intel,Arc,,False,False,False,False,True,Windows 11 Professional
"Laptop Acer Aspire Go 14 AG14-72P 14"" Core 5 120U 16GB RAM 512GB Dysk SSD Win11 Srebrny Funkcje AI",2499.0,"14 "",  1920 x 1200 pikseli 60 Hz",14.0,1920,1200,2304000,60,16 GB  DDR4 RAM,16,512 GB SSD,512,Intel® Core™ 5 14gen 120U,Intel Core 5 14gen 120U,Intel,Core 5,14,Intel®  Graphics,Intel Graphics,Intel,,,False,False,False,False,True,Windows 11 Home Edition
"Laptop biznesowy Dell Pro 15 Essential PV15250 15,6"" i5-1334U 16GB RAM 512GB Dysk SSD Win11 Pro Czarny",3605.56,"15,6 "",  1920 x 1080 pikseli 120 Hz",15.6,1920,1080,2073600,120,16 GB  DDR5 4400 Mhz RAM,16,512 GB SSD,512,Intel® Core™ i5 13gen 1334U,Intel Core i5 13gen 1334U,Intel,Core i5,13,Intel®  Iris Xe Graphics (działający jako Intel® UHD Graphics),Intel Iris Xe Graphics (działający jako Intel UHD Graphics),Intel,Iris Xe,,False,False,False,False,True,Windows 11 Professional
"Laptop gamingowy ASUS ROG Strix G16 G615LW-U9322W 16"" 240Hz Ultra 9 275HX 32GB RAM 2TB Dysk SSD RTX5080 DLSS4 Win11 Szary Funkcje AI",14999.0,"16 "",  2560 x 1600 pikseli 240 Hz",16.0,2560,1600,4096000,240,32 GB  DDR5 5600 Mhz RAM,32,2 TB SSD,2048,Intel® Core™ Ultra 9 15gen 275HX,Intel Core Ultra 9 15gen 275HX,Intel,Core Ultra 9,15,NVIDIA® GeForce RTX™ 5080 + Intel Graphics,NVIDIA GeForce RTX 5080 + Intel Graphics,NVIDIA,GeForce RTX 5080,GeForce RTX 5080,True,True,True,False,True,Windows 11 Home Edition
"Laptop biznesowy Lenovo ThinkPad X1 Carbon Gen 13 Aura Edition OLED 14"" Ultra 7 258V 32GB RAM 1TB Dysk SSD Win11 Pro Czarny Funkcje AI",15499.0,"14 "",  2880 x 1800 pikseli 120 Hz",14.0,2880,1800,5184000,120,32 GB  LPDDR5x 8533 Mhz RAM,32,1 TB SSD,1024,Intel® Core™ Ultra 7 15gen 258V,Intel Core Ultra 7 15gen 258V,Intel,Core Ultra 7,15,Intel®  Arc Graphics 140V,Intel Arc Graphics 140V,Intel,Arc Graphics 140V,,False,False,False,False,True,Windows 11 Professional
"Laptop gamingowy Acer Nitro 16S AI AN16S-61 16"" 180Hz Ryzen AI 7 350 16GB RAM 1TB Dysk SSD RTX5070Ti DLSS4 Win11 Czarny Funkcje AI",7999.0,"16 "",  2560 x 1600 pikseli 180 Hz",16.0,2560,1600,4096000,180,16 GB  DDR5 5600 Mhz RAM,16,1 TB SSD,1024,AMD Ryzen™ AI 7 350,AMD Ryzen AI 7 350,AMD,Ryzen AI 7,,NVIDIA® GeForce RTX™ 5070 Ti + AMD Radeon™ 860M,NVIDIA GeForce RTX 5070 Ti + AMD Radeon 860M,NVIDIA,GeForce RTX 5070 Ti,GeForce RTX 5070 Ti,True,True,True,True,False,Windows 11 Home Edition
"Laptop biznesowy Lenovo ThinkPad T14 Gen 6 14"" Ultra 7 255U 16GB RAM 1TB Dysk SSD Win11 Pro Czarny Funkcje AI",8699.0,"14 "",  1920 x 1200 pikseli 60 Hz",14.0,1920,1200,2304000,60,16 GB  DDR5 5600 Mhz RAM,16,1 TB SSD,1024,Intel® Core™ Ultra 7 15gen 255U,Intel Core Ultra 7 15gen 255U,Intel,Core Ultra 7,15,Intel®  Graphics,Intel Graphics,Intel,,,False,False,False,False,True,Windows 11 Professional
"Laptop gamingowy MSI Titan 18 HX AI A2XWIG-220PL 18"" 120Hz Ultra 9 285HX 64GB RAM 6TB Dysk SSD RTX5080 DLSS4 Win11 Pro Czarny+Zestaw AKC AI",21999.0,"18 "",  3840 x 2400 pikseli 120 Hz",18.0,3840,2400,9216000,120,64 GB  DDR5 6400 Mhz RAM,64,6 TB SSD,6144,Intel® Core™ Ultra 9 15gen 285HX,Intel Core Ultra 9 15gen 285HX,Intel,Core Ultra 9,15,NVIDIA® GeForce RTX™ 5080 + Intel Graphics,NVIDIA GeForce RTX 5080 + Intel Graphics,NVIDIA,GeForce RTX 5080,GeForce RTX 5080,True,True,True,False,True,Windows 11 Professional
"Laptop Acer Swift Go 14 AI SFG14-64-R16M OLED 14"" Ryzen AI 5 340 32GB RAM 512GB Dysk SSD Win11 Srebrny Funkcje AI",3929.99,"14 "",  1920 x 1200 pikseli 60 Hz",14.0,1920,1200,2304000,60,32 GB  LPDDR5x 8000 Mhz RAM,32,512 GB SSD,512,AMD Ryzen™ AI 5 340,AMD Ryzen AI 5 340,AMD,Ryzen AI 5,,AMD  Radeon™ 840M,AMD Radeon 840M,AMD,Radeon 840M,,False,False,False,True,False,Windows 11 Home Edition
"Laptop Dell 14 Plus 1425-2860 14"" Ultra 9 288V 32GB RAM 1TB Dysk SSD Win11 Niebieski Funkcje AI",6099.0,"14 "", ekran dotykowy 1920 x 1200 pikseli 60 Hz",14.0,1920,1200,2304000,60,32 GB  LPDDR5x 8533 Mhz RAM,32,1 TB SSD,1024,Intel® Core™ Ultra 9 15gen 288V,Intel Core Ultra 9 15gen 288V,Intel,Core Ultra 9,15,Intel®  Arc Graphics,Intel Arc Graphics,Intel,Arc,,False,False,False,False,True,Windows 11 Home Edition
"Laptop biznesowy Lenovo ThinkPad T16 Gen 4 16"" Ryzen AI 5 Pro 340 32GB RAM 512GB Dysk SSD Win11 Pro Czarny Funkcje AI",7699.0,"16 "",  1920 x 1200 pikseli 60 Hz",16.0,1920,1200,2304000,60,32 GB  DDR5 5600 Mhz RAM,32,512 GB SSD,512,AMD Ryzen™ AI 5 Pro 340,AMD Ryzen AI 5 Pro 340,AMD,Ryzen AI 5,,AMD  Radeon™ 840M Graphics,AMD Radeon 840M Graphics,AMD,Radeon 840M,,False,False,False,True,False,Windows 11 Professional
"Laptop ASUS Vivobook 16 M1607KA-MB150W 16"" Ryzen AI 5 330 16GB RAM 512GB Dysk SSD Win11 Srebrny Funkcje AI",3999.0,"16 "",  1920 x 1200 pikseli 60 Hz",16.0,1920,1200,2304000,60,16 GB  DDR5 RAM,16,512 GB SSD,512,AMD Ryzen™ AI 5 330,AMD Ryzen AI 5 330,AMD,Ryzen AI 5,,AMD  Radeon™ 820M,AMD Radeon 820M,AMD,Radeon 820M,,False,False,False,True,False,Windows 11 Home Edition
"Laptop biznesowy Lenovo ThinkPad E16 Gen 3 16"" Ultra 7 255H 16GB RAM 512GB Dysk SSD Win11 Pro Czarny Funkcje AI",5799.0,"16 "",  1920 x 1200 pikseli 60 Hz",16.0,1920,1200,2304000,60,16 GB  DDR5 5600 Mhz RAM,16,512 GB SSD,512,Intel® Core™ Ultra 7 15gen 255H,Intel Core Ultra 7 15gen 255H,Intel,Core Ultra 7,15,Intel®  Arc™ Graphics (działający jako Intel® Graphics),Intel Arc Graphics (działający jako Intel Graphics),Intel,Arc,,False,False,False,False,True,Windows 11 Professional
"Apple MacBook Air 2025 15,3"" M4 24GB RAM 512GB Dysk macOS Księżycowa poświata Funkcje AI",6999.0,"15,3"",  2880 x 1864 pikseli",15.3,2880,1864,5368320,,24 GB  zunifikowana RAM,24,512 GB SSD,512,Apple M4,Apple M4,Apple,M4,,Apple  M4 (10-rdzeni),Apple M4 (10-rdzeni),Apple,M4,,False,False,False,False,False,macOS Sequoia lub nowszy
"Laptop gamingowy Acer Nitro 16 AI AN16-61 16"" 180Hz Ryzen AI 9 365 32GB RAM 1TB Dysk SSD RTX5060 DLSS4 Czarny Funkcje AI",7899.0,"16 "",  2560 x 1600 pikseli 180 Hz",16.0,2560,1600,4096000,180,32 GB  DDR5 5600 Mhz RAM,32,1 TB SSD,1024,AMD Ryzen™ AI 9 365,AMD Ryzen AI 9 365,AMD,Ryzen AI 9,,NVIDIA® GeForce RTX™ 5060 + AMD Radeon™ 880M,NVIDIA GeForce RTX 5060 + AMD Radeon 880M,NVIDIA,GeForce RTX 5060,GeForce RTX 5060,True,True,True,True,False,bez systemu
"Laptop gamingowy MSI Raider 16 HX B2WH-211PL 16"" 240Hz Ultra 7 251HX 16GB RAM 1TB Dysk SSD RTX5070Ti DLSS4 Win11 Czarny Funkcje AI",9999.0,"16 "",  2560 x 1600 pikseli 240 Hz",16.0,2560,1600,4096000,240,16 GB  DDR5 6400 Mhz RAM,16,1 TB SSD,1024,Intel® Core™ Ultra 7 Series 2 251HX,Intel Core Ultra 7 Series 2 251HX,Intel,Core Ultra 7,,NVIDIA® GeForce RTX™ 5070 Ti + Intel Graphics,NVIDIA GeForce RTX 5070 Ti + Intel Graphics,NVIDIA,GeForce RTX 5070 Ti,GeForce RTX 5070 Ti,True,True,True,False,True,Windows 11 Home Edition
"Laptop MSI Prestige 16 AI+ Evo B2VMG-220PL OLED 16"" Ultra 5 226V 16GB RAM 1TB Dysk SSD Win11 Szary Funkcje AI",4209.99,"16 "",  3840 x 2400 pikseli 60 Hz",16.0,3840,2400,9216000,60,16 GB  LPDDR5x 8533 Mhz RAM,16,1 TB SSD,1024,Intel® Core™ Ultra 5 15gen 226V,Intel Core Ultra 5 15gen 226V,Intel,Core Ultra 5,15,Intel®  Arc Graphics 130V,Intel Arc Graphics 130V,Intel,Arc Graphics 130V,,False,False,False,False,True,Windows 11 Home Edition
"Laptop ASUS Vivobook 16 X1607AA-MB010W 16"" Ultra 5 325 16GB RAM 512GB Dysk SSD Win11 Srebrny Funkcje AI",3499.0,"16 "",  1920 x 1200 pikseli 60 Hz",16.0,1920,1200,2304000,60,16 GB  DDR5 RAM,16,512 GB SSD,512,Intel® Core™ Ultra 5 Series 3 325,Intel Core Ultra 5 Series 3 325,Intel,Core Ultra 5,,Intel®  Graphics,Intel Graphics,Intel,,,False,False,False,False,True,Windows 11 Home Edition
"Laptop gamingowy Acer Nitro V 16 AI ANV16-42 16"" 180Hz R7 260 32GB RAM 1TB Dysk SSD RTX5060 DLSS4 Czarny Funkcje AI",7299.0,"16 "",  2560 x 1600 pikseli 180 Hz",16.0,2560,1600,4096000,180,32 GB  DDR5 5600 Mhz RAM,32,1 TB SSD,1024,AMD Ryzen™ 7 260,AMD Ryzen 7 260,AMD,Ryzen 7,,NVIDIA® GeForce RTX™ 5060 + AMD Radeon™ 780M,NVIDIA GeForce RTX 5060 + AMD Radeon 780M,NVIDIA,GeForce RTX 5060,GeForce RTX 5060,True,True,True,True,False,bez systemu
"Apple MacBook Air 2026 13,6"" M5 10/10 24GB RAM 1TB Dysk macOS Błękitny Funkcje A",8399.0,"13,6 "",  2560 x 1664 pikseli",13.6,2560,1664,4259840,,24 GB  zunifikowana RAM,24,1 TB SSD,1024,Apple M5,Apple M5,Apple,M5,,Apple  M5 (10-rdzeni),Apple M5 (10-rdzeni),Apple,M5,,False,False,False,False,False,macOS
"Laptop Acer Aspire 16 AI A16-61M OLED 16"" Ryzen AI 7 350 16GB RAM 1TB Dysk SSD Win11 Szary Funkcje AI",4159.99,"16 "",  1920 x 1200 pikseli 60 Hz",16.0,1920,1200,2304000,60,16 GB  LPDDR5X RAM,16,1 TB SSD,1024,AMD Ryzen™ AI 7 350,AMD Ryzen AI 7 350,AMD,Ryzen AI 7,,AMD  Radeon™ 860M,AMD Radeon 860M,AMD,Radeon 860M,,False,False,False,True,False,Windows 11 Home Edition
"Laptop gamingowy HyperX OMEN 15-gb0074nwx 15,3"" 180Hz R7 8745HX 16GB RAM 512GB Dysk SSD RTX5060 DLSS4 Win11 Czarny",5999.0,"15,3"",  2560 x 1600 pikseli 180 Hz",15.3,2560,1600,4096000,180,16 GB  DDR5 5200 Mhz RAM,16,512 GB SSD,512,AMD Ryzen™ 7 8745HX,AMD Ryzen 7 8745HX,AMD,Ryzen 7,,NVIDIA® GeForce RTX™ 5060 + AMD Radeon™ 610M,NVIDIA GeForce RTX 5060 + AMD Radeon 610M,NVIDIA,GeForce RTX 5060,GeForce RTX 5060,True,True,True,True,False,Windows 11 Home Edition
"Laptop ASUS Vivobook 16 M1607GA-MB019W 16"" Ryzen AI 7 445 32GB RAM 1TB Dysk SSD Win11 Niebieski Funkcje AI",4279.0,"16 "",  1920 x 1200 pikseli 60 Hz",16.0,1920,1200,2304000,60,32 GB  DDR5 RAM,32,1 TB SSD,1024,AMD Ryzen™ AI 7 445,AMD Ryzen AI 7 445,AMD,Ryzen AI 7,,AMD  Radeon™ 840M,AMD Radeon 840M,AMD,Radeon 840M,,False,False,False,True,False,Windows 11 Home Edition
"Laptop gamingowy Dell Alienware 16X Aurora AC16251 16"" 240Hz Ultra 9 275HX 32GB RAM 1TB Dysk SSD RTX5070 DLSS4 Win11 Granatowy Funkcje AI",9699.0,"16 "",  2560 x 1600 pikseli 240 Hz",16.0,2560,1600,4096000,240,32 GB  DDR5 5600 Mhz RAM,32,1 TB SSD,1024,Intel® Core™ Ultra 9 15gen 275HX,Intel Core Ultra 9 15gen 275HX,Intel,Core Ultra 9,15,NVIDIA® GeForce RTX™ 5070 + Intel Graphics,NVIDIA GeForce RTX 5070 + Intel Graphics,NVIDIA,GeForce RTX 5070,GeForce RTX 5070,True,True,True,False,True,Windows 11 Home Edition
"Laptop HP OmniBook 3 16-bv0003nwx 16"" Ryzen AI 5 430 16GB RAM 512GB Dysk SSD Win11 Srebrny Funkcje AI",2899.0,"16 "",  1920 x 1200 pikseli",16.0,1920,1200,2304000,,16 GB  DDR5 5600 Mhz RAM,16,512 GB SSD,512,AMD Ryzen™ AI 5 430,AMD Ryzen AI 5 430,AMD,Ryzen AI 5,,AMD  Radeon™ 840M Graphics,AMD Radeon 840M Graphics,AMD,Radeon 840M,,False,False,False,True,False,Windows 11 Home Edition
"Apple MacBook Air 2026 13,6"" M5 10/10 16GB RAM 1TB Dysk macOS Północ Funkcje AI",7499.0,"13,6 "",  2560 x 1664 pikseli",13.6,2560,1664,4259840,,16 GB  zunifikowana RAM,16,1 TB SSD,1024,Apple M5,Apple M5,Apple,M5,,Apple  M5 (10-rdzeni),Apple M5 (10-rdzeni),Apple,M5,,False,False,False,False,False,macOS
"Laptop ASUS Vivobook 15 X1504VA-BQ4285W 15,6"" Core 5 120U 24GB RAM 512GB Dysk SSD Win11 Niebieski",2699.0,"15,6 "",  1920 x 1080 pikseli 60 Hz",15.6,1920,1080,2073600,60,24 GB  DDR5 RAM,24,512 GB SSD,512,Intel® Core™ 5 14gen 120U,Intel Core 5 14gen 120U,Intel,Core 5,14,Intel®  Graphics,Intel Graphics,Intel,,,False,False,False,False,True,Windows 11 Home Edition
"Apple MacBook Air 2026 15,3"" M5 10/10 16GB RAM 512GB Dysk macOS Srebrny Funkcje AI",6999.0,"15,3"",  2880 x 1864 pikseli",15.3,2880,1864,5368320,,16 GB  zunifikowana RAM,16,512 GB SSD,512,Apple M5,Apple M5,Apple,M5,,Apple  M5 (10-rdzeni),Apple M5 (10-rdzeni),Apple,M5,,False,False,False,False,False,macOS
"Laptop gamingowy MSI Raider 18 HX A2WH-1241PL 18"" 240Hz Ultra 9 275HX 32GB RAM 1TB Dysk SSD RTX5070Ti DLSS4 Win11 Szary Funkcje AI",13599.0,"18 "",  2560 x 1600 pikseli 240 Hz",18.0,2560,1600,4096000,240,32 GB  DDR5 6400 Mhz RAM,32,1 TB SSD,1024,Intel® Core™ Ultra 9 14gen 275HX,Intel Core Ultra 9 14gen 275HX,Intel,Core Ultra 9,14,NVIDIA® GeForce RTX™ 5070 Ti + Intel Graphics,NVIDIA GeForce RTX 5070 Ti + Intel Graphics,NVIDIA,GeForce RTX 5070 Ti,GeForce RTX 5070 Ti,True,True,True,False,True,Windows 11 Home Edition
"Laptop ASUS Vivobook 16 M1607GA-MB015W 16"" Ryzen AI 7 445 32GB RAM 1TB Dysk SSD Win11 Srebrny Funkcje AI",4279.0,"16 "",  1920 x 1200 pikseli 60 Hz",16.0,1920,1200,2304000,60,32 GB  DDR5 RAM,32,1 TB SSD,1024,AMD Ryzen™ AI 7 445,AMD Ryzen AI 7 445,AMD,Ryzen AI 7,,AMD  Radeon™ 840M,AMD Radeon 840M,AMD,Radeon 840M,,False,False,False,True,False,Windows 11 Home Edition
"Laptop gamingowy MSI Cyborg 15 B2RWEKG-044XPL 15,6"" 144Hz Core 5 210H 16GB RAM 512GB Dysk SSD RTX5050 DLSS4 Czarny Funkcje AI",4299.0,"15,6 "",  1920 x 1080 pikseli 144 Hz",15.6,1920,1080,2073600,144,16 GB  DDR5 RAM,16,512 GB SSD,512,Intel® Core™ 5 15gen 210H,Intel Core 5 15gen 210H,Intel,Core 5,15,NVIDIA® GeForce RTX™ 5050 + Intel Graphics,NVIDIA GeForce RTX 5050 + Intel Graphics,NVIDIA,GeForce RTX 5050,GeForce RTX 5050,True,True,True,False,True,bez systemu
"Laptop gamingowy MSI Stealth A16 AI+ A3XWHG-042PL OLED 16"" 240Hz Ryzen AI 9 HX370 32GB RAM 2TB Dysk SSD RTX5070Ti DLSS4 Win11 Pro Czarny AI",11999.0,"16 "",  2560 x 1600 pikseli 240 Hz",16.0,2560,1600,4096000,240,32 GB  LPDDR5x 7500 Mhz RAM,32,2 TB SSD,2048,AMD Ryzen™ AI 9 HX 370,AMD Ryzen AI 9 HX 370,AMD,Ryzen AI 9,,NVIDIA® GeForce RTX™ 5070 Ti + AMD Radeon™ 890M,NVIDIA GeForce RTX 5070 Ti + AMD Radeon 890M,NVIDIA,GeForce RTX 5070 Ti,GeForce RTX 5070 Ti,True,True,True,True,False,Windows 11 Professional
Laptop HP OmniBook Ultra 14-kd0003nwx OLED 14'' 120Hz Ultra 7 356H 32GB RAM 1TB Dysk SSD Win11 Szary Funkcje AI,7888.0,"14 "", ekran dotykowy 2880 x 1800 pikseli 120 Hz",14.0,2880,1800,5184000,120,32 GB  LPDDR5x 8533 Mhz RAM,32,1 TB SSD,1024,Intel® Core™ Ultra 7 Series 3 356H,Intel Core Ultra 7 Series 3 356H,Intel,Core Ultra 7,,Intel®  Graphics,Intel Graphics,Intel,,,False,False,False,False,True,Windows 11 Home Edition
"Apple MacBook Air 2026 15,3"" M5 10/10 16GB RAM 1TB Dysk macOS Księzycowa Poświata Funkcje AI",8399.0,"15,3"",  2880 x 1864 pikseli",15.3,2880,1864,5368320,,16 GB  zunifikowana RAM,16,1 TB SSD,1024,Apple M5,Apple M5,Apple,M5,,Apple  M5 (10-rdzeni),Apple M5 (10-rdzeni),Apple,M5,,False,False,False,False,False,macOS
"Laptop ASUS Vivobook 15 X1504VA-BQ4297W 15,6"" Core 7 150U 24GB RAM 512GB Dysk SSD Win11 Niebieski",2999.0,"15,6 "",  1920 x 1080 pikseli 60 Hz",15.6,1920,1080,2073600,60,24 GB  DDR5 RAM,24,512 GB SSD,512,Intel® Core™ 7 14gen 150U,Intel Core 7 14gen 150U,Intel,Core 7,14,Intel®  Graphics,Intel Graphics,Intel,,,False,False,False,False,True,Windows 11 Home Edition
"Laptop Acer Aspire 16 AI A16-52M OLED 16"" Ultra 7 258V 32GB RAM 1TB Dysk SSD Win11 Szary Funkcje AI",4499.0,"16 "",  1920 x 1200 pikseli 60 Hz",16.0,1920,1200,2304000,60,32 GB  LPDDR5X RAM,32,1 TB SSD,1024,Intel® Core™ Ultra 7 15gen 258V,Intel Core Ultra 7 15gen 258V,Intel,Core Ultra 7,15,Intel®  Arc™ Graphics 140V,Intel Arc Graphics 140V,Intel,Arc Graphics 140V,,False,False,False,False,True,Windows 11 Home Edition
"Laptop biznesowy ASUS ExpertBook B5 B5404CMA-Q50339X 14"" Ultra 5 125H 16GB RAM 512GB Dysk SSD Win11 Pro Czarny Funkcje AI",4799.0,"14 "",  1920 x 1200 pikseli",14.0,1920,1200,2304000,,16 GB  DDR5 RAM,16,512 GB SSD,512,Intel® Core™ Ultra 5 14gen 125H,Intel Core Ultra 5 14gen 125H,Intel,Core Ultra 5,14,Intel®  Graphics,Intel Graphics,Intel,,,False,False,False,False,True,Windows 11 Professional
"Laptop gamingowy Acer Nitro V 16 AI ANV16-42 16"" 165Hz R7 260 16GB RAM 512GB Dysk SSD RTX4050 DLSS3 Win11 Czarny Funkcje AI",5499.0,"16 "",  1920 x 1200 pikseli 165 Hz",16.0,1920,1200,2304000,165,16 GB  DDR5 5600 Mhz RAM,16,512 GB SSD,512,AMD Ryzen™ 7 260,AMD Ryzen 7 260,AMD,Ryzen 7,,NVIDIA® GeForce RTX™ 4050 + AMD Radeon™ 780M,NVIDIA GeForce RTX 4050 + AMD Radeon 780M,NVIDIA,GeForce RTX 4050,GeForce RTX 4050,True,True,True,True,False,Windows 11 Home Edition
"Apple MacBook Pro 2026 16,2"" M5 Pro 18/20 24GB RAM 1TB Dysk macOS Gwiezdna Czerń Funkcje AI",14499.0,"16,2 "",  3456 x 2234 pikseli 120 Hz",16.2,3456,2234,7720704,120,24 GB  zunifikowana RAM,24,1 TB SSD,1024,Apple M5 Pro,Apple M5 Pro,Apple,M5 Pro,,Apple  M5 Pro (20-rdzeni),Apple M5 Pro (20-rdzeni),Apple,M5 Pro,,False,False,False,False,False,macOS
"Laptop ASUS Vivobook 15 X1504VA-BQ4286W 15,6"" Core 5 120U 24GB RAM 512GB Dysk SSD Win11 Srebrny",2699.0,"15,6 "",  1920 x 1080 pikseli 60 Hz",15.6,1920,1080,2073600,60,24 GB  DDR5 RAM,24,512 GB SSD,512,Intel® Core™ 5 14gen 120U,Intel Core 5 14gen 120U,Intel,Core 5,14,Intel®  Graphics,Intel Graphics,Intel,,,False,False,False,False,True,Windows 11 Home Edition
"Laptop biznesowy Lenovo V15 G5 IRL 15,6"" i5-13420H 8GB RAM 512GB Dysk SSD Win11 Pro Czarny",3453.5,"15,6 "",  1920 x 1080 pikseli 60 Hz",15.6,1920,1080,2073600,60,8 GB  DDR5 5200 Mhz RAM,8,512 GB SSD,512,Intel® Core™ i5 13gen 13420H,Intel Core i5 13gen 13420H,Intel,Core i5,13,Intel®  UHD Graphics,Intel UHD Graphics,Intel,UHD,,False,False,False,False,True,Windows 11 Professional
"Laptop 2w1 Lenovo ThinkPad X1 Carbon Gen 13 Aura Edition OLED 14"" Ultra 7 265U 64GB RAM 1TB Dysk SSD Win11 Pro Czarny Funkcje AI",17899.0,"14 "", ekran dotykowy 2880 x 1800 pikseli 120 Hz",14.0,2880,1800,5184000,120,64 GB  LPDDR5x 8400 Mhz RAM,64,1 TB SSD,1024,Intel® Core™ Ultra 7 15gen 265U,Intel Core Ultra 7 15gen 265U,Intel,Core Ultra 7,15,Intel®  Graphics,Intel Graphics,Intel,,,False,False,False,False,True,Windows 11 Professional
"Laptop biznesowy Lenovo ThinkBook 16 G8 IAL 16"" Ultra 7 255H 16GB RAM 1TB Dysk SSD Win11 Pro Szary Funkcje AI",5377.56,"16 "",  1920 x 1200 pikseli 60 Hz",16.0,1920,1200,2304000,60,16 GB  DDR5 5600 Mhz RAM,16,1 TB SSD,1024,Intel® Core™ Ultra 7 15gen 255H,Intel Core Ultra 7 15gen 255H,Intel,Core Ultra 7,15,Intel®  Arc Graphics (działający jako Intel® Graphics),Intel Arc Graphics (działający jako Intel Graphics),Intel,Arc,,False,False,False,False,True,Windows 11 Professional
"Apple MacBook Pro 2026 14,2"" M5 Pro 15/16 24GB RAM 2TB Dysk macOS Gwiezdna Czerń Funkcje AI",14499.0,"14,2 "",  3024 x 1964 pikseli 120 Hz",14.2,3024,1964,5939136,120,24 GB  zunifikowana RAM,24,2 TB SSD,2048,Apple M5 Pro,Apple M5 Pro,Apple,M5 Pro,,Apple  M5 Pro (16-rdzeni),Apple M5 Pro (16-rdzeni),Apple,M5 Pro,,False,False,False,False,False,macOS
"Laptop gamingowy MSI Raider A18 HX A9WIG-072PL 18"" 120Hz R9 9955HX3D 64GB RAM 2TB Dysk SSD RTX5080 DLSS4 Win11 Czarny Funkcje AI",21999.0,"18 "",  3840 x 2400 pikseli 120 Hz",18.0,3840,2400,9216000,120,64 GB  DDR5 5600 Mhz RAM,64,2 TB SSD,2048,AMD Ryzen™ 9 9955HX3D,AMD Ryzen 9 9955HX3D,AMD,Ryzen 9,,NVIDIA® GeForce RTX™ 5080 + AMD Radeon™ 610M,NVIDIA GeForce RTX 5080 + AMD Radeon 610M,NVIDIA,GeForce RTX 5080,GeForce RTX 5080,True,True,True,True,False,Windows 11 Home Edition
"Laptop ASUS Vivobook 18 M1807GA-S8003W 18"" 144Hz Ryzen AI 7 445 16GB RAM 1TB Dysk SSD Win11 Niebieski Funkcje AI",4599.0,"18 "",  1920 x 1200 pikseli 144 Hz",18.0,1920,1200,2304000,144,16 GB  DDR5 RAM,16,1 TB SSD,1024,AMD Ryzen™ AI 7 445,AMD Ryzen AI 7 445,AMD,Ryzen AI 7,,AMD  Radeon™ 840M,AMD Radeon 840M,AMD,Radeon 840M,,False,False,False,True,False,Windows 11 Home Edition
"Laptop HP OmniBook 7 17-dc0001nwx 17,3"" Ultra 7 258V 32GB RAM 1TB Dysk SSD Win11 Srebrny Funkcje AI",5333.0,"17,3 "", ekran dotykowy 1920 x 1080 pikseli",17.3,1920,1080,2073600,,32 GB  LPDDR5x 8533 Mhz RAM,32,1 TB SSD,1024,Intel® Core™ Ultra 7 15gen 258V,Intel Core Ultra 7 15gen 258V,Intel,Core Ultra 7,15,Intel®  Arc 140V,Intel Arc 140V,Intel,Arc 140V,,False,False,False,False,True,Windows 11 Home Edition
"Laptop biznesowy Lenovo ThinkPad L14 Gen 6 14"" Ryzen 5 Pro 215 16GB RAM 512GB Dysk SSD Win11 Pro Czarny Funkcje AI",5999.0,"14 "",  1920 x 1200 pikseli 60 Hz",14.0,1920,1200,2304000,60,16 GB  DDR5 5600 Mhz RAM,16,512 GB SSD,512,AMD Ryzen™ 5 Pro 215,AMD Ryzen 5 Pro 215,AMD,Ryzen 5,,AMD  Radeon™ 740M Graphics,AMD Radeon 740M Graphics,AMD,Radeon 740M,,False,False,False,True,False,Windows 11 Professional
"Laptop gamingowy HP Victus 15-fa2027nwx 15,6"" 144Hz i7-13620H 16GB RAM 512GB Dysk SSD RTX5050 DLSS4 Win11 Różowy",6299.0,"15,6 "",  1920 x 1080 pikseli 144 Hz",15.6,1920,1080,2073600,144,16 GB  DDR5 5200 Mhz RAM,16,512 GB SSD,512,Intel® Core™ i7 13gen 13620H,Intel Core i7 13gen 13620H,Intel,Core i7,13,NVIDIA® GeForce RTX™ 5050 + Intel UHD Graphics,NVIDIA GeForce RTX 5050 + Intel UHD Graphics,NVIDIA,GeForce RTX 5050,GeForce RTX 5050,True,True,True,False,True,Windows 11 Home Edition
"Laptop gamingowy HyperX OMEN 16-ap1008nwx OLED 16"" 165Hz R9 8940HX 24GB RAM 1TB Dysk SSD RTX5070 DLSS4 Win11 Czarny",8999.0,"16 "",  2560 x 1600 pikseli 165 Hz",16.0,2560,1600,4096000,165,24 GB  DDR5 5200 Mhz RAM,24,1 TB SSD,1024,AMD Ryzen™ 9 8940HX,AMD Ryzen 9 8940HX,AMD,Ryzen 9,,NVIDIA® GeForce RTX™ 5070 + AMD Radeon™ 610M,NVIDIA GeForce RTX 5070 + AMD Radeon 610M,NVIDIA,GeForce RTX 5070,GeForce RTX 5070,True,True,True,True,False,Windows 11 Home Edition
"Laptop gamingowy MSI Raider 18 HX AI A2XWIG-222PL 18"" 120Hz Ultra 9 285HX 64GB RAM 4TB Dysk SSD RTX5080 DLSS4 Win11 Czarny Funkcje AI",21299.0,"18 "",  3840 x 2400 pikseli 120 Hz",18.0,3840,2400,9216000,120,64 GB  DDR5 6400 Mhz RAM,64,4 TB SSD,4096,Intel® Core™ Ultra 9 15gen 285HX,Intel Core Ultra 9 15gen 285HX,Intel,Core Ultra 9,15,NVIDIA® GeForce RTX™ 5080 + Intel Graphics,NVIDIA GeForce RTX 5080 + Intel Graphics,NVIDIA,GeForce RTX 5080,GeForce RTX 5080,True,True,True,False,True,Windows 11 Home Edition
"Laptop ASUS Vivobook 15 X1504VA-BQ4298W 15,6"" Core 7 150U 24GB RAM 512GB Dysk SSD Win11 Srebrny",3199.0,"15,6 "",  1920 x 1080 pikseli 60 Hz",15.6,1920,1080,2073600,60,24 GB  DDR5 RAM,24,512 GB SSD,512,Intel® Core™ 7 14gen 150U,Intel Core 7 14gen 150U,Intel,Core 7,14,Intel®  Graphics,Intel Graphics,Intel,,,False,False,False,False,True,Windows 11 Home Edition
Laptop gamingowy ASUS V16 V3607VM-RP015 16'' 144Hz Core 5 210H 16GB RAM 512G Dysk SSD RTX5060 DLSS4 Czarny Funkcje AI,4599.0,"16 "",  1920 x 1200 pikseli 144 Hz",16.0,1920,1200,2304000,144,16 GB  DDR5 RAM,16,512 GB SSD,512,Intel® Core™ 5 210H,Intel Core 5 210H,Intel,Core 5,,NVIDIA® GeForce RTX 5060 + Intel Graphics,NVIDIA GeForce RTX 5060 + Intel Graphics,NVIDIA,GeForce RTX 5060,GeForce RTX 5060,True,True,True,False,True,bez systemu
"Apple MacBook Air 2026 15,3"" M5 10/10 16GB RAM 512GB Dysk macOS Błękitny Funkcje AI",6999.0,"15,3"",  2880 x 1864 pikseli",15.3,2880,1864,5368320,,16 GB  zunifikowana RAM,16,512 GB SSD,512,Apple M5,Apple M5,Apple,M5,,Apple  M5 (10-rdzeni),Apple M5 (10-rdzeni),Apple,M5,,False,False,False,False,False,macOS
"Apple MacBook Pro 2025 14,2"" M5 16GB RAM 1TB Dysk macOS Srebrny Funkcje AI",9499.0,"14,2 "",  3024 x 1964 pikseli 120 Hz",14.2,3024,1964,5939136,120,16 GB  zunifikowana RAM,16,1 TB SSD,1024,Apple M5,Apple M5,Apple,M5,,Apple  M5 (10-rdzeni),Apple M5 (10-rdzeni),Apple,M5,,False,False,False,False,False,macOS Spotlight lub nowszy
"Laptop HP OmniBook 3 16-bv0002nwx 16"" Ryzen AI 5 430 16GB RAM 512GB Dysk SSD Win11 Srebrny Funkcje AI",3444.0,"16 "",  1920 x 1200 pikseli",16.0,1920,1200,2304000,,16 GB  DDR5 5600 Mhz RAM,16,512 GB SSD,512,AMD Ryzen™ AI 5 430,AMD Ryzen AI 5 430,AMD,Ryzen AI 5,,AMD  Radeon™ 840M Graphics,AMD Radeon 840M Graphics,AMD,Radeon 840M,,False,False,False,True,False,Windows 11 Home Edition
"Laptop ASUS Vivobook S14 S3407AA-SF048W OLED 14"" Ultra 5 325 16GB RAM 512GB Dysk SSD Win11 Srebrny Funkcje AI",3899.0,"14 "",  1920 x 1200 pikseli 60 Hz",14.0,1920,1200,2304000,60,16 GB  DDR5 RAM,16,512 GB SSD,512,Intel® Core™ Ultra 5 Series 3 325,Intel Core Ultra 5 Series 3 325,Intel,Core Ultra 5,,Intel®  Graphics,Intel Graphics,Intel,,,False,False,False,False,True,Windows 11 Home Edition
"Laptop 2w1 HP OmniBook X Flip 14-fk0019nw OLED 14"" Ryzen AI 5 340 16GB RAM 1TB Dysk SSD Win11 Srebrny Funkcje AI",4499.0,"14 "", ekran dotykowy 1920 x 1200 pikseli",14.0,1920,1200,2304000,,16 GB  LPDDR5x 7500 Mhz RAM,16,1 TB SSD,1024,AMD Ryzen™ AI 5 340,AMD Ryzen AI 5 340,AMD,Ryzen AI 5,,AMD  Radeon™ 840M,AMD Radeon 840M,AMD,Radeon 840M,,False,False,False,True,False,Windows 11 Home Edition
"Laptop MSI Modern 16S AI+ G3MG-010PL 16"" 120Hz Ultra 7 355H 16GB RAM 512GB Dysk SSD Win11 Szary Funkcje AI",4799.0,"16 "",  1920 x 1200 pikseli 120 Hz",16.0,1920,1200,2304000,120,16 GB  DDR5 5600 Mhz RAM,16,512 GB SSD,512,Intel® Core™ Ultra 7 Series 3 355H,Intel Core Ultra 7 Series 3 355H,Intel,Core Ultra 7,,Intel®  Graphics,Intel Graphics,Intel,,,False,False,False,False,True,Windows 11 Home Edition
"Laptop HP OmniBook 3 16-by0030nwx 16"" R5 40 16GB RAM 256GB Dysk SSD Win11 Czarny",2888.0,"16 "",  1920 x 1200 pikseli",16.0,1920,1200,2304000,,16 GB  LPDDR5 5500 Mhz RAM,16,256 GB SSD,256,AMD Ryzen™ 5 40,AMD Ryzen 5 40,AMD,Ryzen 5,,AMD  Radeon™ 610M Graphics,AMD Radeon 610M Graphics,AMD,Radeon 610M,,False,False,False,True,False,Windows 11 Home Edition
"Laptop gamingowy Acer Nitro V 16 AI ANV16-42 16"" 180Hz R7 260 16GB RAM 1TB Dysk SSD RTX5070 DLSS4 Win11 Czarny Funkcje AI",6499.0,"16 "",  2560 x 1600 pikseli 180 Hz",16.0,2560,1600,4096000,180,16 GB  DDR5 5600 Mhz RAM,16,1 TB SSD,1024,AMD Ryzen™ 7 260,AMD Ryzen 7 260,AMD,Ryzen 7,,NVIDIA® GeForce RTX™ 5070 + AMD Radeon™ 780M,NVIDIA GeForce RTX 5070 + AMD Radeon 780M,NVIDIA,GeForce RTX 5070,GeForce RTX 5070,True,True,True,True,False,Windows 11 Home Edition
"Laptop ASUS Vivobook S14 M3407GA-SF012W OLED 14"" Ryzen AI 7 445 16GB RAM 512GB Dysk SSD Win11 Szary Funkcje AI",3799.0,"14 "",  1920 x 1200 pikseli 60 Hz",14.0,1920,1200,2304000,60,16 GB  DDR5 RAM,16,512 GB SSD,512,AMD Ryzen™ AI 7 445,AMD Ryzen AI 7 445,AMD,Ryzen AI 7,,AMD  Radeon™ 840M,AMD Radeon 840M,AMD,Radeon 840M,,False,False,False,True,False,Windows 11 Home Edition
"Laptop 2w1 Dell 14 Plus 0425-2785 14"" Ultra 9 288V 32GB RAM 1TB Dysk SSD Win11 Niebieski Funkcje AI",6799.0,"14 "", ekran dotykowy 1920 x 1200 pikseli 60 Hz",14.0,1920,1200,2304000,60,32 GB  LPDDR5x 8533 Mhz RAM,32,1 TB SSD,1024,Intel® Core™ Ultra 9 15gen 288V,Intel Core Ultra 9 15gen 288V,Intel,Core Ultra 9,15,Intel®  Arc Graphics,Intel Arc Graphics,Intel,Arc,,False,False,False,False,True,Windows 11 Home Edition
"Laptop gamingowy HP OMEN 17-db1004nw 17,3"" 144Hz Ryzen AI 7 350 16GB RAM 1TB Dysk SSD RTX5060 Win11 Czarny Funkcje AI",7199.0,"17,3 "",  1920 x 1080 pikseli 144 Hz",17.3,1920,1080,2073600,144,16 GB  DDR5 5600 Mhz RAM,16,1 TB SSD,1024,AMD Ryzen™ AI 7 350,AMD Ryzen AI 7 350,AMD,Ryzen AI 7,,NVIDIA® GeForce RTX 5060 + AMD Radeon™ 860M,NVIDIA GeForce RTX 5060 + AMD Radeon 860M,NVIDIA,GeForce RTX 5060,GeForce RTX 5060,True,True,True,True,False,Windows 11 Home Edition
"Apple MacBook Pro 2024 16,2"" M4 Max 36GB RAM 1TB Dysk macOS Gwiezdna Czerń Funkcje AI",16499.0,"16,2 "",  3456 x 2234 pikseli 120 Hz",16.2,3456,2234,7720704,120,36 GB  zunifikowana RAM,36,1 TB SSD,1024,Apple M4 Max,Apple M4 Max,Apple,M4 Max,,Apple  M4 Max (32-rdzenie),Apple M4 Max (32-rdzenie),Apple,M4 Max,,False,False,False,False,False,macOS Sequoia lub nowszy
"Laptop ASUS Vivobook 18 M1807GA-S8013W 18"" 144Hz Ryzen AI 7 445 16GB RAM 512GB Dysk SSD Win11 Niebieski Funkcje AI",3889.0,"18 "",  1920 x 1200 pikseli 144 Hz",18.0,1920,1200,2304000,144,16 GB  DDR5 RAM,16,512 GB SSD,512,AMD Ryzen™ AI 7 445,AMD Ryzen AI 7 445,AMD,Ryzen AI 7,,AMD  Radeon™ 840M,AMD Radeon 840M,AMD,Radeon 840M,,False,False,False,True,False,Windows 11 Home Edition
"Laptop gamingowy Dell Alienware 16 Aurora AC16250 16"" 120Hz Core 5 210H 16GB RAM 512GB Dysk SSD RTX4050 DLSS3 Win11 Granatowy Funkcje AI",4999.0,"16 "",  2560 x 1600 pikseli 120 Hz",16.0,2560,1600,4096000,120,16 GB  DDR5 5600 Mhz RAM,16,512 GB SSD,512,Intel® Core™ 5 15gen 210H,Intel Core 5 15gen 210H,Intel,Core 5,15,NVIDIA® GeForce RTX™ 4050 + Intel Graphics,NVIDIA GeForce RTX 4050 + Intel Graphics,NVIDIA,GeForce RTX 4050,GeForce RTX 4050,True,True,True,False,True,Windows 11 Home Edition
"Laptop biznesowy Lenovo ThinkPad L16 Gen 2 16"" Ultra 7 255U 16GB RAM 512GB Dysk SSD Win11 Pro Czarny Funkcje AI",5799.0,"16 "",  1920 x 1200 pikseli 60 Hz",16.0,1920,1200,2304000,60,16 GB  DDR5 5600 Mhz RAM,16,512 GB SSD,512,Intel® Core™ Ultra 7 15gen 255U,Intel Core Ultra 7 15gen 255U,Intel,Core Ultra 7,15,Intel®  Graphics,Intel Graphics,Intel,,,False,False,False,False,True,Windows 11 Professional
"Laptop Lenovo V17 G4 IRU 17,3"" i5-13420H 16GB RAM 512GB Dysk SSD Win11 Pro Szary",3957.71,"17,3 "",  1920 x 1080 pikseli 60 Hz",17.3,1920,1080,2073600,60,16 GB  DDR4 3200 MHz RAM,16,512 GB SSD,512,Intel® Core™ i5 13gen 13420H,Intel Core i5 13gen 13420H,Intel,Core i5,13,Intel®  UHD Graphics,Intel UHD Graphics,Intel,UHD,,False,False,False,False,True,Windows 11 Professional
"Laptop Dell 14 DC14250 14"" Core 7 150U 16GB RAM 1TB Dysk SSD Win11 Srebrny Funkcje AI",3999.0,"14 "",  1920 x 1200 pikseli 60 Hz",14.0,1920,1200,2304000,60,16 GB  DDR5 5200 Mhz RAM,16,1 TB SSD,1024,Intel® Core™ 7 150U,Intel Core 7 150U,Intel,Core 7,,Intel®  Graphics,Intel Graphics,Intel,,,False,False,False,False,True,Windows 11 Home Edition
"Laptop gamingowy MSI Cyborg 15 C2WEO-451PL 15,6"" 144Hz Core 7 240H 16GB RAM 512GB Dysk SSD RTX5050 DLSS4 Win11 Szary Funkcje AI",6399.0,"15,6 "",  1920 x 1080 pikseli 144 Hz",15.6,1920,1080,2073600,144,16 GB  DDR4 3200 MHz RAM,16,512 GB SSD,512,Intel® Core™ 7 Series 2 240H,Intel Core 7 Series 2 240H,Intel,Core 7,,NVIDIA® GeForce RTX™ 5050 + Intel Graphics,NVIDIA GeForce RTX 5050 + Intel Graphics,NVIDIA,GeForce RTX 5050,GeForce RTX 5050,True,True,True,False,True,Windows 11 Home Edition
"Apple MacBook Air 2026 15,3"" M5 10/10 16GB RAM 1TB Dysk macOS Północ Funkcje AI",8399.0,"15,3"",  2880 x 1864 pikseli",15.3,2880,1864,5368320,,16 GB  zunifikowana RAM,16,1 TB SSD,1024,Apple M5,Apple M5,Apple,M5,,Apple  M5 (10-rdzeni),Apple M5 (10-rdzeni),Apple,M5,,False,False,False,False,False,macOS
"Laptop biznesowy MSI Prestige 16 AI+ Evo B2VMG-012PL OLED 16"" Ultra 9 288V 32GB RAM 1TB Dysk SSD Win11 Pro Szary Funkcje AI",8399.0,"16 "",  3840 x 2400 pikseli 60 Hz",16.0,3840,2400,9216000,60,32 GB  LPDDR5x 8533 Mhz RAM,32,1 TB SSD,1024,Intel® Core™ Ultra 9 15gen 288V,Intel Core Ultra 9 15gen 288V,Intel,Core Ultra 9,15,Intel®  Arc Graphics 140V,Intel Arc Graphics 140V,Intel,Arc Graphics 140V,,False,False,False,False,True,Windows 11 Professional
"Apple MacBook Air 2026 15,3"" M5 10/10 24GB RAM 1TB Dysk macOS Srebrny Funkcje AI",9399.0,"15,3"",  2880 x 1864 pikseli",15.3,2880,1864,5368320,,24 GB  zunifikowana RAM,24,1 TB SSD,1024,Apple M5,Apple M5,Apple,M5,,Apple  M5 (10-rdzeni),Apple M5 (10-rdzeni),Apple,M5,,False,False,False,False,False,macOS
"Laptop gamingowy MSI Stealth 18 HX AI A2XWHG-038PL 18"" 240Hz Ultra 9 275HX 32GB RAM 2TB Dysk SSD RTX5070Ti DLSS4 Win11 Pro Czarny Funkcje",14599.0,"18 "",  2560 x 1600 pikseli 240 Hz",18.0,2560,1600,4096000,240,32 GB  DDR5 6400 Mhz RAM,32,2 TB SSD,2048,Intel® Core™ Ultra 9 15gen 275HX,Intel Core Ultra 9 15gen 275HX,Intel,Core Ultra 9,15,NVIDIA® GeForce RTX™ 5070 Ti + Intel Graphics,NVIDIA GeForce RTX 5070 Ti + Intel Graphics,NVIDIA,GeForce RTX 5070 Ti,GeForce RTX 5070 Ti,True,True,True,False,True,Windows 11 Professional
"Laptop 2w1 Lenovo ThinkPad X1 Carbon Gen 13 Aura Edition OLED 14"" Ultra 7 255U 32GB RAM 1TB Dysk SSD Win11 Pro Czarny Funkcje AI",16399.0,"14 "", ekran dotykowy 2880 x 1800 pikseli 120 Hz",14.0,2880,1800,5184000,120,32 GB  LPDDR5x 8400 Mhz RAM,32,1 TB SSD,1024,Intel® Core™ Ultra 7 15gen 255U,Intel Core Ultra 7 15gen 255U,Intel,Core Ultra 7,15,Intel®  Graphics,Intel Graphics,Intel,,,False,False,False,False,True,Windows 11 Professional
"Laptop Acer Swift Go 16 AI SFG16-74 OLED 16"" Core Ultra 7 256V 16GB RAM 1TB Dysk SSD Win11 Czarny Funkcje AI",4889.99,"16 "",  2048 x 1280 pikseli 60 Hz",16.0,2048,1280,2621440,60,16 GB  LPDDR5X RAM,16,1 TB SSD,1024,Intel® Core™ Ultra 7 15gen 256V,Intel Core Ultra 7 15gen 256V,Intel,Core Ultra 7,15,Intel®  Arc™ 140V Graphics,Intel Arc 140V Graphics,Intel,Arc 140V,,False,False,False,False,True,Windows 11 Home Edition
"Laptop gamingowy Acer Nitro V 16S AI ANV16S-41 16"" 180Hz R7 260 32GB RAM 1TB Dysk SSD RTX5050 DLSS4 Czarny Funkcje AI",6454.99,"16 "",  1920 x 1200 pikseli 180 Hz",16.0,1920,1200,2304000,180,32 GB  DDR5 5600 Mhz RAM,32,1 TB SSD,1024,AMD Ryzen™ 7 260,AMD Ryzen 7 260,AMD,Ryzen 7,,NVIDIA® GeForce RTX™ 5050 + AMD Radeon™ 780M,NVIDIA GeForce RTX 5050 + AMD Radeon 780M,NVIDIA,GeForce RTX 5050,GeForce RTX 5050,True,True,True,True,False,bez systemu
"Laptop gamingowy MSI Cyborg 15 B13WGKG-630XPL 15,6""144Hz i7-13620H 16GB RAM 1TB Dysk SSD RTX5070 DLSS4 Czarny Funkcje AI",4999.0,"15,6 "",  1920 x 1080 pikseli 144 Hz",15.6,1920,1080,2073600,144,16 GB  DDR5 5200 Mhz RAM,16,1 TB SSD,1024,Intel® Core™ i7 13gen 13620H,Intel Core i7 13gen 13620H,Intel,Core i7,13,NVIDIA® GeForce RTX™ 5070 + Intel UHD Graphics,NVIDIA GeForce RTX 5070 + Intel UHD Graphics,NVIDIA,GeForce RTX 5070,GeForce RTX 5070,True,True,True,False,True,bez systemu
"Laptop Acer Swift Go 14 AI SFG14-75 OLED 14"" Core Ultra 9 288V 32GB RAM 1TB Dysk SSD Win11 Niebieski Funkcje AI",5599.99,"14 "",  1920 x 1200 pikseli 60 Hz",14.0,1920,1200,2304000,60,32 GB  LPDDR5X RAM,32,1 TB SSD,1024,Intel® Core™ Ultra 9 15gen 288V,Intel Core Ultra 9 15gen 288V,Intel,Core Ultra 9,15,Intel®  Arc™ 140V Graphics,Intel Arc 140V Graphics,Intel,Arc 140V,,False,False,False,False,True,Windows 11 Home Edition
"Laptop HP OmniBook 7 16-bh0004nwx OLED 16"" Ultra 7 356H 24GB RAM 512GB Dysk SSD Win11 Srebrny Funkcje AI",6333.0,"16 "", ekran dotykowy 2048 x 1280 pikseli 120 Hz",16.0,2048,1280,2621440,120,24 GB  LPDDR5x 7467 Mhz RAM,24,512 GB SSD,512,Intel® Core™ Ultra 7 Series 3 356H,Intel Core Ultra 7 Series 3 356H,Intel,Core Ultra 7,,Intel®  Graphics,Intel Graphics,Intel,,,False,False,False,False,True,Windows 11 Home Edition
"Laptop gamingowy Acer Nitro V 16S AI ANV16S-41 16"" 180Hz R7 260 32GB RAM 1TB Dysk SSD RTX5050 DLSS4 Win11 Pro Czarny Funkcje AI",7399.0,"16 "",  1920 x 1200 pikseli 180 Hz",16.0,1920,1200,2304000,180,32 GB  DDR5 5600 Mhz RAM,32,1 TB SSD,1024,AMD Ryzen™ 7 260,AMD Ryzen 7 260,AMD,Ryzen 7,,NVIDIA® GeForce RTX™ 5050 + AMD Radeon™ 780M,NVIDIA GeForce RTX 5050 + AMD Radeon 780M,NVIDIA,GeForce RTX 5050,GeForce RTX 5050,True,True,True,True,False,Windows 11 Professional
"Laptop 2w1 HP OmniBook X Flip AI 16-cc0000nwx OLED 16"" Ryzen AI 9 465 32GB RAM 1TB Dysk SSD Win11 Srebrny Funkcje AI",8699.0,"16 "", ekran dotykowy 2880 x 1800 pikseli 120 Hz",16.0,2880,1800,5184000,120,32 GB  LPDDR5x 8533 Mhz RAM,32,1 TB SSD,1024,AMD Ryzen™ AI 9 465,AMD Ryzen AI 9 465,AMD,Ryzen AI 9,,AMD  Radeon™ 880M,AMD Radeon 880M,AMD,Radeon 880M,,False,False,False,True,False,Windows 11 Home Edition
"Laptop ASUS Vivobook S14 S3407AA-SF055W OLED 14"" Ultra 5 325 16GB RAM 512GB Dysk SSD Win11 Szary Funkcje AI",3899.0,"14 "",  1920 x 1200 pikseli 60 Hz",14.0,1920,1200,2304000,60,16 GB  DDR5 RAM,16,512 GB SSD,512,Intel® Core™ Ultra 5 Series 3 325,Intel Core Ultra 5 Series 3 325,Intel,Core Ultra 5,,Intel®  Graphics,Intel Graphics,Intel,,,False,False,False,False,True,Windows 11 Home Edition
"Laptop 2w1 HP OmniBook X Flip AI 16-cc0002nwx OLED 16"" Ryzen AI 7 445 32GB RAM 512GB Dysk SSD Win11 Srebrny Funkcje AI",6666.0,"16 "", ekran dotykowy 2880 x 1800 pikseli 120 Hz",16.0,2880,1800,5184000,120,32 GB  LPDDR5x 8533 Mhz RAM,32,512 GB SSD,512,AMD Ryzen™ AI 7 445,AMD Ryzen AI 7 445,AMD,Ryzen AI 7,,AMD  Radeon™ 840M,AMD Radeon 840M,AMD,Radeon 840M,,False,False,False,True,False,Windows 11 Home Edition
"Laptop gamingowy Acer Nitro 18 AI AN18-61 18"" 165Hz Ryzen AI 9 365 32GB RAM 1TB Dysk SSD RTX5060 DLSS4 Czarny Funkcje AI",7999.0,"18 "",  2560 x 1600 pikseli 165 Hz",18.0,2560,1600,4096000,165,32 GB  DDR5 5600 Mhz RAM,32,1 TB SSD,1024,AMD Ryzen™ AI 9 365,AMD Ryzen AI 9 365,AMD,Ryzen AI 9,,NVIDIA® GeForce RTX™ 5060 + AMD Radeon™ 880M,NVIDIA GeForce RTX 5060 + AMD Radeon 880M,NVIDIA,GeForce RTX 5060,GeForce RTX 5060,True,True,True,True,False,bez systemu
"Laptop gamingowy Acer Nitro 18 AI AN18-61 18"" 165Hz Ryzen AI 9 365 32GB RAM 1TB Dysk SSD RTX5060 DLSS4 Win11 Czarny Funkcje AI",9999.0,"18 "",  2560 x 1600 pikseli 165 Hz",18.0,2560,1600,4096000,165,32 GB  DDR5 5600 Mhz RAM,32,1 TB SSD,1024,AMD Ryzen™ AI 9 365,AMD Ryzen AI 9 365,AMD,Ryzen AI 9,,NVIDIA® GeForce RTX™ 5060 + AMD Radeon™ 880M,NVIDIA GeForce RTX 5060 + AMD Radeon 880M,NVIDIA,GeForce RTX 5060,GeForce RTX 5060,True,True,True,True,False,Windows 11 Home Edition
"Laptop gamingowy ASUS ROG Strix G18 G815LR-U9R321W 18"" 300Hz Ultra 9 290HX Plus 32GB RAM 1TB Dysk SSD RTX5070Ti DLSS4 Win11 Szary AI",16199.0,"18 "",  2560 x 1600 pikseli 300 Hz",18.0,2560,1600,4096000,300,32 GB  DDR5 5600 Mhz RAM,32,1 TB SSD,1024,Intel® Core™ Ultra 9 15gen 290HX Plus,Intel Core Ultra 9 15gen 290HX Plus,Intel,Core Ultra 9,15,NVIDIA® Geforce RTX™ 5070 Ti + Intel Graphics,NVIDIA Geforce RTX 5070 Ti + Intel Graphics,NVIDIA,GeForce RTX 5070 Ti,GeForce RTX 5070 Ti,True,True,True,False,True,Windows 11 Home Edition
"Laptop biznesowy Lenovo ThinkBook 16 G7 ARP 16"" R5 7535HS 16GB RAM 512GB Dysk SSD Win11 Pro Szary",4799.0,"16 "",  1920 x 1200 pikseli 60 Hz",16.0,1920,1200,2304000,60,16 GB  DDR5 5600 Mhz RAM,16,512 GB SSD,512,AMD Ryzen™ 5 7535HS,AMD Ryzen 5 7535HS,AMD,Ryzen 5,,AMD  Radeon™ 660M,AMD Radeon 660M,AMD,Radeon 660M,,False,False,False,True,False,Windows 11 Professional
"Laptop Acer Swift Go 14 AI SFG14-75 OLED 14"" Core Ultra 7 258V 32GB RAM 1TB Dysk SSD Win11 Niebieski Funkcje AI",5199.0,"14 "",  1920 x 1200 pikseli 60 Hz",14.0,1920,1200,2304000,60,32 GB  LPDDR5X RAM,32,1 TB SSD,1024,Intel® Core™ Ultra 7 15gen 258V,Intel Core Ultra 7 15gen 258V,Intel,Core Ultra 7,15,Intel®  Arc™ 140V Graphics,Intel Arc 140V Graphics,Intel,Arc 140V,,False,False,False,False,True,Windows 11 Home Edition
"Laptop biznesowy ASUS ExpertBook Ultra B9406CAA-TH0744X OLED 14"" 120Hz Ultra X7 358H 64GB RAM 2TB Dysk SSD Win11 Pro Szary Funkcje AI",18599.0,"14 "", ekran dotykowy 2880 x 1800 pikseli 120 Hz",14.0,2880,1800,5184000,120,64 GB  LPDDR5X RAM,64,2 TB SSD,2048,Intel® Core™ Ultra X7 Series 3 358H,Intel Core Ultra X7 Series 3 358H,Intel,Core Ultra X7,,Intel®  Arc™ B390 Graphics,Intel Arc B390 Graphics,Intel,Arc,,False,False,False,False,True,Windows 11 Professional
"Apple MacBook Pro 2026 16,2"" M5 Max 18/40 48GB RAM 2TB Dysk macOS Srebrny",23999.0,"16,2 "",  3456 x 2234 pikseli 120 Hz",16.2,3456,2234,7720704,120,48 GB  zunifikowana RAM,48,2 TB SSD,2048,Apple M5 Max,Apple M5 Max,Apple,M5 Max,,Apple  M5 Max (40-rdzeni),Apple M5 Max (40-rdzeni),Apple,M5 Max,,False,False,False,False,False,macOS
"Laptop Dell 16 DC16250 16"" Core 5 120U 16GB RAM 512GB Dysk SSD Win11 Czarny Funkcje AI",3499.0,"16 "",  1920 x 1200 pikseli 60 Hz",16.0,1920,1200,2304000,60,16 GB  DDR5 5200 Mhz RAM,16,512 GB SSD,512,Intel® Core™ 5 14gen 120U,Intel Core 5 14gen 120U,Intel,Core 5,14,Intel®  Graphics,Intel Graphics,Intel,,,False,False,False,False,True,Windows 11 Home Edition
"Laptop Acer Swift Go 14 AI SFG14-64-R1FH OLED 14"" Ryzen AI 7 350 32GB RAM 1TB Dysk SSD Win11 Srebrny Funkcje AI",4999.0,"14 "",  1920 x 1200 pikseli 60 Hz",14.0,1920,1200,2304000,60,32 GB  LPDDR5x 8000 Mhz RAM,32,1 TB SSD,1024,AMD Ryzen™ AI 7 350,AMD Ryzen AI 7 350,AMD,Ryzen AI 7,,AMD  Radeon™ 860M,AMD Radeon 860M,AMD,Radeon 860M,,False,False,False,True,False,Windows 11 Home Edition
"Laptop ASUS Vivobook 14 M1407GA-LY010W 14"" Ryzen AI 7 445 16GB RAM 512GB Dysk SSD Win11 Niebieski Funkcje AI",3799.0,"14 "",  1920 x 1200 pikseli 60 Hz",14.0,1920,1200,2304000,60,16 GB  DDR5 RAM,16,512 GB SSD,512,AMD Ryzen™ AI 7 445,AMD Ryzen AI 7 445,AMD,Ryzen AI 7,,AMD  Radeon™ 840M,AMD Radeon 840M,AMD,Radeon 840M,,False,False,False,True,False,Windows 11 Home Edition
"Laptop Lenovo IdeaPad Flex 5 14ABR8 14"" R5 7430U 16GB RAM 512GB Dysk SSD Win11 Szary Funkcje AI",2971.58,"14 "", ekran dotykowy 1920 x 1200 pikseli 60 Hz",14.0,1920,1200,2304000,60,16 GB  LPDDR4x 4266 MHz RAM,16,512 GB SSD,512,AMD Ryzen™ 5 7430U,AMD Ryzen 5 7430U,AMD,Ryzen 5,,AMD  Radeon™ Graphics,AMD Radeon Graphics,AMD,Radeon,,False,False,False,True,False,Windows 11 Home Edition
"Laptop ASUS Vivobook 15 X1504MA-BQ048W 15,6"" Core 5 320 16GB RAM 512GB Dysk SSD Win11 Niebieski Funkcje AI",3799.0,"15,6 "",  1920 x 1080 pikseli 60 Hz",15.6,1920,1080,2073600,60,16 GB  DDR5 RAM,16,512 GB SSD,512,Intel® Core™ 5 Series 3 320,Intel Core 5 Series 3 320,Intel,Core 5,,Intel®  Graphics,Intel Graphics,Intel,,,False,False,False,False,True,Windows 11 Home Edition
"Laptop gamingowy Acer Nitro 16S AI AN16S-61 16"" 180Hz Ryzen AI 9 365 32GB RAM 1TB Dysk SSD RTX5070Ti DLSS4 Win11 Pro Czarny Funkcje AI",11499.0,"16 "",  2560 x 1600 pikseli 180 Hz",16.0,2560,1600,4096000,180,32 GB  DDR5 5600 Mhz RAM,32,1 TB SSD,1024,AMD Ryzen™ AI 9 365,AMD Ryzen AI 9 365,AMD,Ryzen AI 9,,NVIDIA® GeForce RTX™ 5070 Ti + AMD Radeon™ 880M,NVIDIA GeForce RTX 5070 Ti + AMD Radeon 880M,NVIDIA,GeForce RTX 5070 Ti,GeForce RTX 5070 Ti,True,True,True,True,False,Windows 11 Professional
"Laptop biznesowy Acer TravelMate P2 15 TMP215-75-G2-TCO 15,6"" Ultra 5 125H 16GB RAM 512GB Dysk SSD Win11 Pro Srebrny",3199.0,"15,6 "",  1920 x 1080 pikseli 60 Hz",15.6,1920,1080,2073600,60,16 GB  DDR5 5600 Mhz RAM,16,512 GB SSD,512,Intel® Core™ Ultra 5 14gen 125H,Intel Core Ultra 5 14gen 125H,Intel,Core Ultra 5,14,Intel®  Arc™ Graphics (działający jako Intel® Graphics),Intel Arc Graphics (działający jako Intel Graphics),Intel,Arc,,False,False,False,False,True,Windows 11 Professional
"Laptop HP OmniBook 5 16-bp0002nwx OLED 16"" Ryzen AI 5 430 16GB RAM 512GB Dysk SSD Win11 Srebrny Funkcje AI",3888.0,"16 "",  1920 x 1200 pikseli",16.0,1920,1200,2304000,,16 GB  LPDDR5x 7500 Mhz RAM,16,512 GB SSD,512,AMD Ryzen™ AI 5 430,AMD Ryzen AI 5 430,AMD,Ryzen AI 5,,AMD  Radeon™ 840M,AMD Radeon 840M,AMD,Radeon 840M,,False,False,False,True,False,Windows 11 Home Edition
"Laptop HP OmniBook 7 16-ay0217nw OLED 16"" 120Hz Ultra 7 255H 32GB RAM 1TB Dysk SSD Win11 Srebrny Funkcje AI",6499.0,"16 "", ekran dotykowy 2048 x 1280 pikseli 120 Hz",16.0,2048,1280,2621440,120,32 GB  DDR5 5600 Mhz RAM,32,1 TB SSD,1024,Intel® Core™ Ultra 7 15gen 255H,Intel Core Ultra 7 15gen 255H,Intel,Core Ultra 7,15,Intel®  Arc 140T,Intel Arc 140T,Intel,Arc 140T,,False,False,False,False,True,Windows 11 Home Edition
"Apple MacBook Air 2026 13,6"" M5 10/10 16GB RAM 1TB Dysk macOS Srebrny Funkcje AI",7499.0,"13,6 "",  2560 x 1664 pikseli",13.6,2560,1664,4259840,,16 GB  zunifikowana RAM,16,1 TB SSD,1024,Apple M5,Apple M5,Apple,M5,,Apple  M5 (10-rdzeni),Apple M5 (10-rdzeni),Apple,M5,,False,False,False,False,False,macOS
"Laptop 2w1 HP OmniBook X Flip 14-kc0000nw OLED 14"" Ryzen AI 9 465 32GB RAM 1TB Dysk SSD Win11 Brązowy Funkcje AI",8499.0,"14 "", ekran dotykowy 2880 x 1800 pikseli 120 Hz",14.0,2880,1800,5184000,120,32 GB  LPDDR5x 8533 Mhz RAM,32,1 TB SSD,1024,AMD Ryzen™ AI 9 465,AMD Ryzen AI 9 465,AMD,Ryzen AI 9,,AMD  Radeon™ 880M,AMD Radeon 880M,AMD,Radeon 880M,,False,False,False,True,False,Windows 11 Home Edition
"Laptop MSI Modern 15 H C13M-201PL 15,6"" i7-13620H 16GB RAM 512GB Dysk SSD Win11 Czarny",3599.0,"15,6 "",  1920 x 1080 pikseli 60 Hz",15.6,1920,1080,2073600,60,16 GB  DDR4 3200 MHz RAM,16,512 GB SSD,512,Intel® Core™ i7 13gen 13620H,Intel Core i7 13gen 13620H,Intel,Core i7,13,Intel®  UHD Graphics,Intel UHD Graphics,Intel,UHD,,False,False,False,False,True,Windows 11 Home Edition
"Laptop gamingowy MSI Katana 15 HX B14WEK-060XPL 15,6"" 165Hz i7-14650HX 16GB RAM 512GB Dysk SSD RTX5050 DLSS4 Czarny",4449.0,"15,6 "",  2560 x 1440 pikseli 165 Hz",15.6,2560,1440,3686400,165,16 GB  DDR5 5600 Mhz RAM,16,512 GB SSD,512,Intel® Core™ i7 14gen 14650HX,Intel Core i7 14gen 14650HX,Intel,Core i7,14,NVIDIA® GeForce RTX™ 5050 + Intel UHD Graphics,NVIDIA GeForce RTX 5050 + Intel UHD Graphics,NVIDIA,GeForce RTX 5050,GeForce RTX 5050,True,True,True,False,True,bez systemu
"Laptop biznesowy Lenovo ThinkPad L16 Gen 2 16"" Ultra 5 225U 16GB RAM 512GB Dysk SSD Win11 Pro Czarny Funkcje AI",6199.0,"16 "",  1920 x 1200 pikseli 60 Hz",16.0,1920,1200,2304000,60,16 GB  DDR5 5600 Mhz RAM,16,512 GB SSD,512,Intel® Core™ Ultra 5 15gen 225U,Intel Core Ultra 5 15gen 225U,Intel,Core Ultra 5,15,Intel®  Graphics,Intel Graphics,Intel,,,False,False,False,False,True,Windows 11 Professional
"Laptop biznesowy ASUS ExpertBook PM3 PM3406CKA-NZ0142X 14"" 144Hz Ryzen AI 7 350 16GB RAM 512GB Dysk SSD Win11 Pro Szary Funkcje AI",6299.0,"14 "",  2560 x 1600 pikseli 144 Hz",14.0,2560,1600,4096000,144,16 GB  DDR5 RAM,16,512 GB SSD,512,AMD Ryzen™ AI 7 350,AMD Ryzen AI 7 350,AMD,Ryzen AI 7,,AMD  Radeon™ 860M,AMD Radeon 860M,AMD,Radeon 860M,,False,False,False,True,False,Windows 11 Professional
"Laptop gamingowy MSI Crosshair 16 HX E14WFK-072PL 16"" 240Hz i7-14650HX 16GB RAM 1TB Dysk SSD RTX5060 DLSS4 Win11 Czarny",8599.0,"16 "",  2560 x 1600 pikseli 240 Hz",16.0,2560,1600,4096000,240,16 GB  DDR5 5600 Mhz RAM,16,1 TB SSD,1024,Intel® Core™ i7 14gen 14650HX,Intel Core i7 14gen 14650HX,Intel,Core i7,14,NVIDIA® GeForce RTX™ 5060 + Intel UHD Graphics,NVIDIA GeForce RTX 5060 + Intel UHD Graphics,NVIDIA,GeForce RTX 5060,GeForce RTX 5060,True,True,True,False,True,Windows 11 Home Edition
"Laptop biznesowy ASUS ExpertBook Ultra B9406CAA-TH0747X OLED 14"" 120Hz Ultra 7 356H 32GB RAM 1TB Dysk SSD Win11 Pro Szary Funkcje AI",12599.0,"14 "", ekran dotykowy 2880 x 1800 pikseli 60 Hz",14.0,2880,1800,5184000,60,32 GB  LPDDR5X RAM,32,1 TB SSD,1024,Intel® Core™ Ultra 7 Series 3 356H,Intel Core Ultra 7 Series 3 356H,Intel,Core Ultra 7,,Intel®  Graphics,Intel Graphics,Intel,,,False,False,False,False,True,Windows 11 Professional
"Laptop biznesowy Lenovo ThinkPad X1 Carbon Gen 13 Aura Edition 14"" Ultra 7 255U 32GB RAM 1TB Dysk SSD Win11 Pro Czarny Funkcje AI",15149.0,"14 "",  1920 x 1200 pikseli 60 Hz",14.0,1920,1200,2304000,60,32 GB  LPDDR5x 8400 Mhz RAM,32,1 TB SSD,1024,Intel® Core™ Ultra 7 15gen 255U,Intel Core Ultra 7 15gen 255U,Intel,Core Ultra 7,15,Intel®  Graphics,Intel Graphics,Intel,,,False,False,False,False,True,Windows 11 Professional
"Laptop biznesowy Lenovo ThinkBook 16 G8 IAL 16"" Ultra 5 225U 16GB RAM 512GB Dysk SSD Win11 Pro Szary Funkcje AI",4836.43,"16 "",  1920 x 1200 pikseli 60 Hz",16.0,1920,1200,2304000,60,16 GB  DDR5 5600 Mhz RAM,16,512 GB SSD,512,Intel® Core™ Ultra 5 15gen 225U,Intel Core Ultra 5 15gen 225U,Intel,Core Ultra 5,15,Intel®  Graphics,Intel Graphics,Intel,,,False,False,False,False,True,Windows 11 Professional
"Laptop biznesowy Lenovo ThinkBook 14 G8 IAL 14"" Ultra 7 255H 16GB RAM 512GB Dysk SSD Win11 Pro Szary Funkcje AI",4849.0,"14 "",  1920 x 1200 pikseli 60 Hz",14.0,1920,1200,2304000,60,16 GB  DDR5 5600 Mhz RAM,16,512 GB SSD,512,Intel® Core™ Ultra 7 15gen 255H,Intel Core Ultra 7 15gen 255H,Intel,Core Ultra 7,15,Intel®  Arc Graphics (działający jako Intel® Graphics),Intel Arc Graphics (działający jako Intel Graphics),Intel,Arc,,False,False,False,False,True,Windows 11 Professional
"Laptop biznesowy Lenovo ThinkBook 16 G7 ARP 16"" R7 7735HS 16GB RAM 1TB Dysk SSD Win11 Pro Szary",5243.26,"16 "",  1920 x 1200 pikseli 60 Hz",16.0,1920,1200,2304000,60,16 GB  DDR5 4800 Mhz RAM,16,1 TB SSD,1024,AMD Ryzen™ 7 7735HS,AMD Ryzen 7 7735HS,AMD,Ryzen 7,,AMD  Radeon™ 680M,AMD Radeon 680M,AMD,Radeon 680M,,False,False,False,True,False,Windows 11 Professional
"Laptop gamingowy MSI Stealth A16 MercedesAMG AI+A3XWGG OLED 16"" 240Hz Ryzen AI 9 HX370 32GB RAM 2TB Dysk SSD RTX5070 DLSS4 Win11 Szary",9999.0,"16 "",  2560 x 1600 pikseli 240 Hz",16.0,2560,1600,4096000,240,32 GB  DDR5 RAM,32,2 TB SSD,2048,AMD Ryzen™ AI 9 HX 370,AMD Ryzen AI 9 HX 370,AMD,Ryzen AI 9,,NVIDIA® GeForce RTX™ 5070 + AMD Radeon™ 890M,NVIDIA GeForce RTX 5070 + AMD Radeon 890M,NVIDIA,GeForce RTX 5070,GeForce RTX 5070,True,True,True,True,False,Windows 11 Home Edition
Laptop gamingowy HP OMEN 14-fb1008nw OLED 14'' 120Hz Ultra 9 285H 64GB RAM 1TB Dysk SSD RTX5070 DLSS4 Win11 Czarny Funkcje AI,11599.0,"14 "",  2880 x 1800 pikseli 120 Hz",14.0,2880,1800,5184000,120,64 GB  LPDDR5x 8533 Mhz RAM,64,1 TB SSD,1024,Intel® Core™ Ultra 9 15gen 285H,Intel Core Ultra 9 15gen 285H,Intel,Core Ultra 9,15,NVIDIA® GeForce RTX™ 5070 + Intel Arc 140T Graphics,NVIDIA GeForce RTX 5070 + Intel Arc 140T Graphics,NVIDIA,GeForce RTX 5070,GeForce RTX 5070,True,True,True,False,True,Windows 11 Home Edition
"Laptop 2w1 HP OmniBook 5 Flip 14-fp0216nw OLED 14"" Core 7 150U 16GB RAM 512GB Dysk SSD Win11 Srebrny Funkcje AI",4499.0,"14 "", ekran dotykowy 1920 x 1200 pikseli",14.0,1920,1200,2304000,,16 GB  LPDDR5 5200 Mhz RAM,16,512 GB SSD,512,Intel® Core™ 7 14gen 150U,Intel Core 7 14gen 150U,Intel,Core 7,14,Intel®  Graphics,Intel Graphics,Intel,,,False,False,False,False,True,Windows 11 Home Edition
"Laptop gamingowy ASUS ROG Zephyrus G16 GU606AW-U9321W OLED 16"" 240Hz Ultra 9 386H 32GB RAM 1TB Dysk SSD RTX5080 Win11 Szary Funkcje AI",19799.0,"16 "",  2560 x 1600 pikseli 240 Hz",16.0,2560,1600,4096000,240,32 GB  LPDDR5x 8533 Mhz RAM,32,1 TB SSD,1024,Intel® Core™ Ultra 9 Series 3 386H,Intel Core Ultra 9 Series 3 386H,Intel,Core Ultra 9,,NVIDIA® GeForce RTX™ 5080 + Intel Graphics,NVIDIA GeForce RTX 5080 + Intel Graphics,NVIDIA,GeForce RTX 5080,GeForce RTX 5080,True,True,True,False,True,Windows 11 Home Edition
"Laptop gamingowy MSI Titan 18 HX AI A2WJ-1234PL 18"" 240Hz Ultra 9 290HX Plus 64GB RAM 2TB Dysk SSD RTX5090 DLSS4 Win11 Pro Czarny AI",25999.0,"18 "",  3840 x 2400 pikseli 240 Hz",18.0,3840,2400,9216000,240,64 GB  DDR5 6400 Mhz RAM,64,2 TB SSD,2048,Intel® Core™ Ultra 9 Series 2 290HX Plus,Intel Core Ultra 9 Series 2 290HX Plus,Intel,Core Ultra 9,,NVIDIA® GeForce RTX™ 5090 + Intel Graphics,NVIDIA GeForce RTX 5090 + Intel Graphics,NVIDIA,GeForce RTX 5090,GeForce RTX 5090,True,True,True,False,True,Windows 11 Professional
"Laptop ASUS ROG Zephyrus Duo 16 GX651AR-U9642X 16""120Hz Ultra 9 386H 64GB RAM 2TB Dysk SSD RTX5070Ti DLSS4 Win11Pro Czarny AI",27999.0,"16 "", ekran dotykowy 2880 x 1800 pikseli 120 Hz",16.0,2880,1800,5184000,120,64 GB  LPDDR5x 8533 Mhz RAM,64,2 TB SSD,2048,Intel® Core™ Ultra 9 Series 3 386H,Intel Core Ultra 9 Series 3 386H,Intel,Core Ultra 9,,NVIDIA® GeForce RTX™ 5070 Ti + Intel Graphics,NVIDIA GeForce RTX 5070 Ti + Intel Graphics,NVIDIA,GeForce RTX 5070 Ti,GeForce RTX 5070 Ti,False,True,True,False,True,Windows 11 Professional
"Laptop ASUS Vivobook S14 S3407AA-SF013W OLED 14"" Ultra 7 355 16GB RAM 512GB Dysk SSD Win11 Srebrny Funkcje AI",4399.0,"14 "",  1920 x 1200 pikseli 60 Hz",14.0,1920,1200,2304000,60,16 GB  DDR5 RAM,16,512 GB SSD,512,Intel® Core™ Ultra 7 Series 3 355,Intel Core Ultra 7 Series 3 355,Intel,Core Ultra 7,,Intel®  Graphics,Intel Graphics,Intel,,,False,False,False,False,True,Windows 11 Home Edition
"Laptop Acer Swift Go 14 AI SFG14-64-R46P OLED 14"" Ryzen AI 5 340 32GB RAM 1TB Dysk SSD Win11 Srebrny Funkcje AI",4499.0,"14 "",  1920 x 1200 pikseli 60 Hz",14.0,1920,1200,2304000,60,32 GB  LPDDR5x 8000 Mhz RAM,32,1 TB SSD,1024,AMD Ryzen™ AI 5 340,AMD Ryzen AI 5 340,AMD,Ryzen AI 5,,AMD  Radeon™ 840M,AMD Radeon 840M,AMD,Radeon 840M,,False,False,False,True,False,Windows 11 Home Edition
"Laptop Dell 14 Plus 1425-2839 14"" Ultra 7 256V 16GB RAM 1TB Dysk SSD Win11 Niebieski Funkcje AI",5299.0,"14 "",  2560 x 1600 pikseli 90 Hz",14.0,2560,1600,4096000,90,16 GB  LPDDR5x 8533 Mhz RAM,16,1 TB SSD,1024,Intel® Core™ Ultra 7 15gen 256V,Intel Core Ultra 7 15gen 256V,Intel,Core Ultra 7,15,Intel®  Arc Graphics,Intel Arc Graphics,Intel,Arc,,False,False,False,False,True,Windows 11 Home Edition
"Laptop 2w1 Dell 16 Plus 1625-2884 16"" Ultra 7 256V 16GB RAM 512GB Dysk SSD Win11 Niebieski Funkcje AI",5799.0,"16 "", ekran dotykowy 2560 x 1600 pikseli 90 Hz",16.0,2560,1600,4096000,90,16 GB  LPDDR5x 8533 Mhz RAM,16,512 GB SSD,512,Intel® Core™ Ultra 7 15gen 256V,Intel Core Ultra 7 15gen 256V,Intel,Core Ultra 7,15,Intel®  Arc Graphics,Intel Arc Graphics,Intel,Arc,,False,False,False,False,True,Windows 11 Home Edition
"Laptop gamingowy HP Victus 15-fa2118nw 15,6"" 144Hz Core 7 240H 24GB RAM 1TB Dysk SSD RTX5060 DLSS4 Win11 Czarno-srebrny Funkcje AI",6899.0,"15,6 "",  1920 x 1080 pikseli 144 Hz",15.6,1920,1080,2073600,144,24 GB  DDR5 5600 Mhz RAM,24,1 TB SSD,1024,Intel® Core™ 7 15gen 240H,Intel Core 7 15gen 240H,Intel,Core 7,15,NVIDIA® GeForce RTX™ 5060 + Intel Graphics,NVIDIA GeForce RTX 5060 + Intel Graphics,NVIDIA,GeForce RTX 5060,GeForce RTX 5060,True,True,True,False,True,Windows 11 Home Edition
"Laptop gamingowy MSI Vector 18 HX AI A2XWJG-690PL 18"" 240Hz Ultra 9 275HX 32GB RAM 2TB Dysk SSD RTX5090 DLSS4 Win11 Szary Funkcje AI",17299.0,"18 "",  2560 x 1600 pikseli 240 Hz",18.0,2560,1600,4096000,240,32 GB  DDR5 5600 Mhz RAM,32,2 TB SSD,2048,Intel® Core™ Ultra 9 15gen 275HX,Intel Core Ultra 9 15gen 275HX,Intel,Core Ultra 9,15,NVIDIA® GeForce RTX™ 5090 + Intel Graphics,NVIDIA GeForce RTX 5090 + Intel Graphics,NVIDIA,GeForce RTX 5090,GeForce RTX 5090,True,True,True,False,True,Windows 11 Home Edition
"Laptop biznesowy Acer TravelMate P4 Spin 14 TMP414RN-55-TCO 14"" Ultra 5 225U 16GB RAM 512GB Dysk SSD Win11Pro Niebieski Funkcje AI",4099.0,"14 "", ekran dotykowy 1920 x 1200 pikseli",14.0,1920,1200,2304000,,16 GB  DDR5 RAM,16,512 GB SSD,512,Intel® Core™ Ultra 5 14gen 225U,Intel Core Ultra 5 14gen 225U,Intel,Core Ultra 5,14,Intel®  Graphics,Intel Graphics,Intel,,,False,False,False,False,True,Windows 11 Professional
"Laptop gamingowy Acer Nitro V 15 ANV15-52 15,6"" 165Hz i5-13420H 16GB RAM 512GB Dysk SSD RTX5060 Czarny",5199.0,"15,6 "",  1920 x 1080 pikseli 165 Hz",15.6,1920,1080,2073600,165,16 GB  DDR4 RAM,16,512 GB SSD,512,Intel® Core™ i5 13gen 13420H,Intel Core i5 13gen 13420H,Intel,Core i5,13,NVIDIA® GeForce RTX™ 5060 + Intel UHD Graphics,NVIDIA GeForce RTX 5060 + Intel UHD Graphics,NVIDIA,GeForce RTX 5060,GeForce RTX 5060,True,True,True,False,True,bez systemu
"Laptop HP OmniBook X 14-ka0013nwx OLED 14""  Ultra 7 356H 24GB RAM 1TB Dysk SSD Win11 Niebieski Funkcje AI",6333.0,"14 "",  2880 x 1800 pikseli 120 Hz",14.0,2880,1800,5184000,120,24 GB  LPDDR5x 8533 Mhz RAM,24,1 TB SSD,1024,Intel® Core™ Ultra 7 Series 3 365H,Intel Core Ultra 7 Series 3 365H,Intel,Core Ultra 7,,Intel®  Graphics,Intel Graphics,Intel,,,False,False,False,False,True,Windows 11 Home Edition
"Apple MacBook Air 2026 13,6"" M5 10/10 16GB RAM 1TB Dysk macOS Błękitny Funkcje AI",7499.0,"13,6 "",  2560 x 1664 pikseli",13.6,2560,1664,4259840,,16 GB  zunifikowana RAM,16,1 TB SSD,1024,Apple M5,Apple M5,Apple,M5,,Apple  M5 (10-rdzeni),Apple M5 (10-rdzeni),Apple,M5,,False,False,False,False,False,macOS
"Apple MacBook Pro 2026 16,2"" M5 Pro 18/20 24GB RAM 1TB Dysk macOS Srebrny",14499.0,"16,2 "",  3456 x 2234 pikseli 120 Hz",16.2,3456,2234,7720704,120,24 GB  zunifikowana RAM,24,1 TB SSD,1024,Apple M5 Pro,Apple M5 Pro,Apple,M5 Pro,,Apple  M5 Pro (20-rdzeni),Apple M5 Pro (20-rdzeni),Apple,M5 Pro,,False,False,False,False,False,macOS
"Laptop HP OmniBook 3 17-dm0000nwx 17,3"" Ryzen AI 7 445 16GB RAM 512GB Dysk SSD Win11 Srebrny Funkcje AI",3999.0,"17,3 "",  1920 x 1080 pikseli",17.3,1920,1080,2073600,,16 GB  LPDDR5 5600 Mhz RAM,16,512 GB SSD,512,AMD Ryzen™ AI 7 445,AMD Ryzen AI 7 445,AMD,Ryzen AI 7,,AMD  Radeon™ 840M Graphics,AMD Radeon 840M Graphics,AMD,Radeon 840M,,False,False,False,True,False,Windows 11 Home Edition
"Laptop gamingowy MSI Cyborg 17 B2RWEKG-030XPL 17,3"" 144Hz Core 5 210H 16GB RAM 512GB Dysk SSD RTX5050 DLSS4 Czarny Funkcje AI",4299.0,"17,3 "",  1920 x 1080 pikseli 144 Hz",17.3,1920,1080,2073600,144,16 GB  DDR5 RAM,16,512 GB SSD,512,Intel® Core™ 5 15gen 210H,Intel Core 5 15gen 210H,Intel,Core 5,15,NVIDIA® GeForce RTX™ 5050 + Intel Graphics,NVIDIA GeForce RTX 5050 + Intel Graphics,NVIDIA,GeForce RTX 5050,GeForce RTX 5050,True,True,True,False,True,bez systemu
"Laptop gamingowy Acer Nitro V 14 AI ANV14-62 14,5"" 165Hz Ryzen AI 7 350 16GB RAM 1TB Dysk SSD RTX5050 DLSS4 Biały Funkcje AI",6799.0,"14,5 "",  2560 x 1600 pikseli 165 Hz",14.5,2560,1600,4096000,165,16 GB  DDR5 5600 Mhz RAM,16,1 TB SSD,1024,AMD Ryzen™ AI 7 350,AMD Ryzen AI 7 350,AMD,Ryzen AI 7,,NVIDIA® GeForce RTX™ 5050 + AMD Radeon™ 860M,NVIDIA GeForce RTX 5050 + AMD Radeon 860M,NVIDIA,GeForce RTX 5050,GeForce RTX 5050,True,True,True,True,False,bez systemu
"Laptop gamingowy Acer Nitro V 16 AI ANV16-42 16"" 180Hz R7 260 16GB RAM 1TB Dysk SSD RTX5060 DLSS4 Win11 Czarny Funkcje AI",7099.0,"16 "",  2560 x 1600 pikseli 180 Hz",16.0,2560,1600,4096000,180,16 GB  DDR5 5600 Mhz RAM,16,1 TB SSD,1024,AMD Ryzen™ 7 260,AMD Ryzen 7 260,AMD,Ryzen 7,,NVIDIA® GeForce RTX™ 5060 + AMD Radeon™ 780M,NVIDIA GeForce RTX 5060 + AMD Radeon 780M,NVIDIA,GeForce RTX 5060,GeForce RTX 5060,True,True,True,True,False,Windows 11 Home Edition
"Laptop biznesowy Acer TravelMate P4 14 TMP414-55-TCO 14"" Ultra 5 225U 16GB RAM 512GB Dysk SSD Win11 Pro Niebieski Funkcje AI",3799.0,"14 "",  2880 x 1800 pikseli",14.0,2880,1800,5184000,,16 GB  DDR5 RAM,16,512 GB SSD,512,Intel® Core™ Ultra 5 15gen 225U,Intel Core Ultra 5 15gen 225U,Intel,Core Ultra 5,15,Intel®  Graphics,Intel Graphics,Intel,,,False,False,False,False,True,Windows 11 Professional
"Laptop Acer Swift Go 14 AI SFG14-64-R7UM OLED 14"" Ryzen AI 7 350 32GB RAM 512GB Dysk SSD Win11 Srebrny Funkcje AI",4799.0,"14 "",  1920 x 1200 pikseli 60 Hz",14.0,1920,1200,2304000,60,32 GB  LPDDR5x 8000 Mhz RAM,32,512 GB SSD,512,AMD Ryzen™ AI 7 350,AMD Ryzen AI 7 350,AMD,Ryzen AI 7,,AMD  Radeon™ 860M,AMD Radeon 860M,AMD,Radeon 860M,,False,False,False,True,False,Windows 11 Home Edition
"Laptop Dell 15 DC15255 15,6"" R7 7730U 16GB RAM 1TB Dysk SSD Win11 Srebrny",3799.0,"15,6 "",  1920 x 1080 pikseli 120 Hz",15.6,1920,1080,2073600,120,16 GB  DDR4 3200 MHz RAM,16,1 TB SSD,1024,AMD Ryzen™ 7 7730U,AMD Ryzen 7 7730U,AMD,Ryzen 7,,AMD  Radeon™ Graphics,AMD Radeon Graphics,AMD,Radeon,,False,False,False,True,False,Windows 11 Home Edition
"Laptop Dell 14 DC14255 14"" Ryzen AI 7 350 16GB RAM 1TB Dysk SSD Win11 Srebrny Funkcje AI",4399.0,"14 "",  1920 x 1200 pikseli 60 Hz",14.0,1920,1200,2304000,60,16 GB  DDR5 5600 Mhz RAM,16,1 TB SSD,1024,AMD Ryzen™ AI 7 350,AMD Ryzen AI 7 350,AMD,Ryzen AI 7,,AMD  Radeon™ 860M,AMD Radeon 860M,AMD,Radeon 860M,,False,False,False,True,False,Windows 11 Home Edition
"Laptop ASUS Vivobook 17 X1704MA-AU008W 17,3"" Core 7 350 16GB RAM 512GB Dysk SSD Win11 Srebrny Funkcje AI",4699.0,"17,3 "",  1920 x 1080 pikseli 60 Hz",17.3,1920,1080,2073600,60,16 GB  DDR5 RAM,16,512 GB SSD,512,Intel® Core™ 7 Series 3 350,Intel Core 7 Series 3 350,Intel,Core 7,,Intel®  Graphics,Intel Graphics,Intel,,,False,False,False,False,True,Windows 11 Home Edition
"Laptop HP OmniBook X 14-ka0003nwx OLED 14"" Ultra 9 386H 32GB RAM 1TB Dysk SSD Win11 Srebrny Funkcje AI",7999.0,"14 "", ekran dotykowy 2880 x 1800 pikseli 120 Hz",14.0,2880,1800,5184000,120,32 GB  LPDDR5x 8533 Mhz RAM,32,1 TB SSD,1024,Intel® Core™ Ultra 9 Series 3 386H,Intel Core Ultra 9 Series 3 386H,Intel,Core Ultra 9,,Intel®  Graphics,Intel Graphics,Intel,,,False,False,False,False,True,Windows 11 Home Edition
"Laptop gamingowy Acer Nitro 16 AI AN16-61 16"" 180Hz Ryzen AI 9 365 32GB RAM 1TB Dysk SSD RTX5070Ti DLSS4 Win11 Pro Czarny Funkcje AI",10999.0,"16 "",  2560 x 1600 pikseli 180 Hz",16.0,2560,1600,4096000,180,32 GB  DDR5 5600 Mhz RAM,32,1 TB SSD,1024,AMD Ryzen™ AI 9 365,AMD Ryzen AI 9 365,AMD,Ryzen AI 9,,NVIDIA® GeForce RTX™ 5070 Ti + AMD Radeon™ 880M,NVIDIA GeForce RTX 5070 Ti + AMD Radeon 880M,NVIDIA,GeForce RTX 5070 Ti,GeForce RTX 5070 Ti,True,True,True,True,False,Windows 11 Professional
"Apple MacBook Pro 2026 14,2"" M5 Max 18/32 36GB RAM 2TB Dysk macOS Srebrny Funkcje AI",19999.0,"14,2 "",  3024 x 1964 pikseli 120 Hz",14.2,3024,1964,5939136,120,36 GB  zunifikowana RAM,36,2 TB SSD,2048,Apple M5 Max,Apple M5 Max,Apple,M5 Max,,Apple  M5 Max (32-rdzenie),Apple M5 Max (32-rdzenie),Apple,M5 Max,,False,False,False,False,False,macOS
"Laptop HP OmniBook 3 17-dk0000nwx 17,3"" Core 5 120U 16GB RAM 512GB Dysk SSD Win11 Czarny",3499.0,"17,3 "",  1920 x 1200 pikseli",17.3,1920,1200,2304000,,16 GB  DDR5 5200 Mhz RAM,16,512 GB SSD,512,Intel® Core™ 5 14gen 120U,Intel Core 5 14gen 120U,Intel,Core 5,14,Intel®  Graphics,Intel Graphics,Intel,,,False,False,False,False,True,Windows 11 Home Edition
"Laptop 2w1 HP OmniBook X Flip AI 16-cc0004nwx OLED 16"" Ryzen AI 7 445 24GB RAM 512GB Dysk SSD Win11 Srebrny Funkcje AI",5999.0,"16 "", ekran dotykowy 2880 x 1800 pikseli 120 Hz",16.0,2880,1800,5184000,120,24 GB  LPDDR5x 8000 Mhz RAM,24,512 GB SSD,512,AMD Ryzen™ AI 7 445,AMD Ryzen AI 7 445,AMD,Ryzen AI 7,,AMD  Radeon™ 840M,AMD Radeon 840M,AMD,Radeon 840M,,False,False,False,True,False,Windows 11 Home Edition
Laptop ASUS ExpertBook B9 OLED B9403CVAR-KM1338X 14'' Core 7 150U 16GB RAM 512GB Dysk SSD Win11 Pro Czarny Funkcje AI,6163.1,"14 "",  2880 x 1800 pikseli 90 Hz",14.0,2880,1800,5184000,90,16 GB  LPDDR5X RAM,16,512 GB SSD,512,Intel® Core™ 7 150U,Intel Core 7 150U,Intel,Core 7,,Intel®  Graphics,Intel Graphics,Intel,,,False,False,False,False,True,Windows 11 Professional
"Laptop HP OmniBook 7 17-dc0005nw 17,3"" Ultra 7 258V 32GB RAM 2TB Dysk SSD RTX4050 Win11 Srebrny Funkcje AI",6666.0,"17,3 "", ekran dotykowy 1920 x 1080 pikseli",17.3,1920,1080,2073600,,32 GB  LPDDR5x 8533 Mhz RAM,32,2 TB SSD,2048,Intel® Core™ Ultra 7 15gen 258V,Intel Core Ultra 7 15gen 258V,Intel,Core Ultra 7,15,NVIDIA® GeForce RTX 4050 + Intel  Arc 140V,NVIDIA GeForce RTX 4050 + Intel Arc 140V,NVIDIA,GeForce RTX 4050,GeForce RTX 4050,False,True,True,False,True,Windows 11 Home Edition
"Laptop gamingowy MSI Stealth 18 HX AI A2XWIG-037PL 18"" 120Hz Ultra 9 275HX 64GB RAM 2TB Dysk SSD RTX5080 DLSS4 Win11 Pro Czarny Funkcje AI",18999.0,"18 "",  3840 x 2400 pikseli 120 Hz",18.0,3840,2400,9216000,120,64 GB  DDR5 6400 Mhz RAM,64,2 TB SSD,2048,Intel® Core™ Ultra 9 15gen 275HX,Intel Core Ultra 9 15gen 275HX,Intel,Core Ultra 9,15,NVIDIA® GeForce RTX™ 5080 + Intel Graphics,NVIDIA GeForce RTX 5080 + Intel Graphics,NVIDIA,GeForce RTX 5080,GeForce RTX 5080,True,True,True,False,True,Windows 11 Professional
"Apple MacBook Pro 2026 16,2"" M5 Max 18/40 48GB RAM 2TB Dysk macOS Gwiezdna Czerń Funkcje AI",21999.0,"16,2 "",  3456 x 2234 pikseli 120 Hz",16.2,3456,2234,7720704,120,48 GB  zunifikowana RAM,48,2 TB SSD,2048,Apple M5 Max,Apple M5 Max,Apple,M5 Max,,Apple  M5 Max (40-rdzeni),Apple M5 Max (40-rdzeni),Apple,M5 Max,,False,False,False,False,False,macOS
"Laptop MSI Prestige 16 AI Evo B1MG-227PL 16"" Ultra 7 165H 16GB RAM 512GB Dysk SSD Win11 Szary Funkcje AI",5699.0,"16 "",  1920 x 1200 pikseli 60 Hz",16.0,1920,1200,2304000,60,16 GB  LPDDR5 6400 Mhz RAM,16,512 GB SSD,512,Intel® Core™ Ultra 7 14gen 165H,Intel Core Ultra 7 14gen 165H,Intel,Core Ultra 7,14,Intel®  Arc Graphics,Intel Arc Graphics,Intel,Arc,,False,False,False,False,True,Windows 11 Home Edition
"Laptop biznesowy Lenovo ThinkPad L16 Gen 2 16"" Ryzen AI 5 Pro 340 32GB RAM 512GB Dysk SSD Win11 Pro Czarny Funkcje AI",7199.0,"16 "",  1920 x 1200 pikseli 60 Hz",16.0,1920,1200,2304000,60,32 GB  DDR5 5600 Mhz RAM,32,512 GB SSD,512,AMD Ryzen™ AI 5 Pro 340,AMD Ryzen AI 5 Pro 340,AMD,Ryzen AI 5,,AMD  Radeon™ 840M Graphics,AMD Radeon 840M Graphics,AMD,Radeon 840M,,False,False,False,True,False,Windows 11 Professional
"Laptop gamingowy Acer Nitro V 16 AI ANV16-61 16"" 180Hz Ryzen AI 7 350 32GB RAM 1TB Dysk SSD RTX5070 DLSS4 Czarny Funkcje AI",7399.0,"16 "",  2560 x 1600 pikseli 180 Hz",16.0,2560,1600,4096000,180,32 GB  DDR5 5600 Mhz RAM,32,1 TB SSD,1024,AMD Ryzen™ AI 7 350,AMD Ryzen AI 7 350,AMD,Ryzen AI 7,,NVIDIA® GeForce RTX™ 5070 + AMD Radeon™ 860M,NVIDIA GeForce RTX 5070 + AMD Radeon 860M,NVIDIA,GeForce RTX 5070,GeForce RTX 5070,True,True,True,True,False,bez systemu
"Laptop biznesowy Acer TravelMate P2 16 TMP216-71-G3-TCO 16"" Ultra 5 125H 16GB RAM 512GB Dysk SSD Win11 Pro Szary Funkcje AI",3499.0,"16 "",  1920 x 1200 pikseli 60 Hz",16.0,1920,1200,2304000,60,16 GB  DDR5 RAM,16,512 GB SSD,512,Intel® Core™ Ultra 5 14gen 125H,Intel Core Ultra 5 14gen 125H,Intel,Core Ultra 5,14,Intel®  Arc™ Graphics (działający jako Intel® Graphics),Intel Arc Graphics (działający jako Intel Graphics),Intel,Arc,,False,False,False,False,True,Windows 11 Professional
"Laptop ASUS Vivobook 16 X1607AA-MB018W 16"" Ultra 5 325 32GB RAM 1TB Dysk SSD Win11 Srebrny Funkcje AI",5499.0,"16 "",  1920 x 1200 pikseli 60 Hz",16.0,1920,1200,2304000,60,32 GB  DDR5 RAM,32,1 TB SSD,1024,Intel® Core™ Ultra 5 Series 3 325,Intel Core Ultra 5 Series 3 325,Intel,Core Ultra 5,,Intel®  Graphics,Intel Graphics,Intel,,,False,False,False,False,True,Windows 11 Home Edition
"Apple MacBook Air 2026 13,6"" M5 10/10 24GB RAM 1TB Dysk macOS Księżycowa Poświata Funkcje AI",8399.0,"13,6 "",  2560 x 1664 pikseli",13.6,2560,1664,4259840,,24 GB  zunifikowana RAM,24,1 TB SSD,1024,Apple M5,Apple M5,Apple,M5,,Apple  M5 (10-rdzeni),Apple M5 (10-rdzeni),Apple,M5,,False,False,False,False,False,macOS
"Apple MacBook Pro 2026 16,2"" M5 Max 18/32 36GB RAM 2TB Dysk macOS Srebrny",20999.0,"16,2 "",  3456 x 2234 pikseli 120 Hz",16.2,3456,2234,7720704,120,36 GB  zunifikowana RAM,36,2 TB SSD,2048,Apple M5 Max,Apple M5 Max,Apple,M5 Max,,Apple  M5 Max (32-rdzenie),Apple M5 Max (32-rdzenie),Apple,M5 Max,,False,False,False,False,False,macOS
"Laptop Acer Aspire 14 AI A14-61M 14"" Ryzen AI 5 330 32GB RAM 512GB Dysk SSD Win11 Srebrny Funkcje AI",3698.0,"14 "",  1920 x 1200 pikseli 120 Hz",14.0,1920,1200,2304000,120,32 GB  LPDDR5x 8533 Mhz RAM,32,512 GB SSD,512,AMD Ryzen™ AI 5 330,AMD Ryzen AI 5 330,AMD,Ryzen AI 5,,AMD  Radeon™ 820M Graphics,AMD Radeon 820M Graphics,AMD,Radeon 820M,,False,False,False,True,False,Windows 11 Home Edition
"Laptop Acer Aspire 16 AI A16-61M OLED 16"" Ryzen AI 7 350 16GB RAM 512GB Dysk SSD Win11 Szary Funkcje AI",4019.99,"16 "",  1920 x 1200 pikseli 60 Hz",16.0,1920,1200,2304000,60,16 GB  LPDDR5X RAM,16,512 GB SSD,512,AMD Ryzen™ AI 7 350,AMD Ryzen AI 7 350,AMD,Ryzen AI 7,,AMD  Radeon™ 860M,AMD Radeon 860M,AMD,Radeon 860M,,False,False,False,True,False,Windows 11 Home Edition
"Laptop biznesowy Dell Pro 14 Essential PV14255 14"" R7 250 16GB RAM 512GB Dysk SSD Win11 Pro Czarny Funkcje AI",4336.41,"14 "",  1920 x 1200 pikseli 60 Hz",14.0,1920,1200,2304000,60,16 GB  DDR5 5600 Mhz RAM,16,512 GB SSD,512,AMD Ryzen™ 7 250,AMD Ryzen 7 250,AMD,Ryzen 7,,AMD  Radeon™ 780M,AMD Radeon 780M,AMD,Radeon 780M,,False,False,False,True,False,Windows 11 Professional
"Laptop 2w1 Dell 14 Plus 0425-2808 14"" Ultra 7 256V 16GB RAM 512GB Dysk SSD Win11 Niebieski Funkcje AI",5499.0,"14 "", ekran dotykowy 1920 x 1200 pikseli 60 Hz",14.0,1920,1200,2304000,60,16 GB  LPDDR5x 8533 Mhz RAM,16,512 GB SSD,512,Intel® Core™ Ultra 7 15gen 256V,Intel Core Ultra 7 15gen 256V,Intel,Core Ultra 7,15,Intel®  Arc Graphics,Intel Arc Graphics,Intel,Arc,,False,False,False,False,True,Windows 11 Home Edition
"Apple MacBook Air 2026 13,6"" M5 10/10 16GB RAM 1TB Dysk macOS Księżycowa Poświata Funkcje AI",7499.0,"13,6 "",  2560 x 1664 pikseli",13.6,2560,1664,4259840,,16 GB  zunifikowana RAM,16,1 TB SSD,1024,Apple M5,Apple M5,Apple,M5,,Apple  M5 (10-rdzeni),Apple M5 (10-rdzeni),Apple,M5,,False,False,False,False,False,macOS
"Apple MacBook Pro 2026 14,2"" M5 Pro 18/20 24GB RAM 2TB Dysk macOS Srebrny Funkcje AI",13999.0,"14,2 "",  3024 x 1964 pikseli 120 Hz",14.2,3024,1964,5939136,120,24 GB  zunifikowana RAM,24,2 TB SSD,2048,Apple M5 Pro,Apple M5 Pro,Apple,M5 Pro,,Apple  M5 Pro (20-rdzeni),Apple M5 Pro (20-rdzeni),Apple,M5 Pro,,False,False,False,False,False,macOS
"Laptop biznesowy Lenovo ThinkPad X1 Carbon Gen 13 Aura Edition 14"" Ultra 7 258V 32GB RAM 1TB Dysk SSD Win11 Pro Czarny Funkcje AI",16299.0,"14 "", ekran dotykowy 1920 x 1200 pikseli 60 Hz",14.0,1920,1200,2304000,60,32 GB  LPDDR5x 8533 Mhz RAM,32,1 TB SSD,1024,Intel® Core™ Ultra 7 15gen 258V,Intel Core Ultra 7 15gen 258V,Intel,Core Ultra 7,15,Intel®  Arc Graphics 140V,Intel Arc Graphics 140V,Intel,Arc Graphics 140V,,False,False,False,False,True,Windows 11 Professional
"Laptop Dell 14 DC14255 14"" R5 220 16GB RAM 512GB Dysk SSD Win11 Czarny Funkcje AI",3599.0,"14 "",  1920 x 1200 pikseli 60 Hz",14.0,1920,1200,2304000,60,16 GB  DDR5 5600 Mhz RAM,16,512 GB SSD,512,AMD Ryzen™ 5 220,AMD Ryzen 5 220,AMD,Ryzen 5,,AMD  Radeon™ 740M,AMD Radeon 740M,AMD,Radeon 740M,,False,False,False,True,False,Windows 11 Home Edition
"Laptop Acer Swift Go 14 AI SFG14-64-R5UJ OLED 14"" Ryzen AI 5 340 16GB RAM 512GB Dysk SSD Win11 Srebrny Funkcje AI",4199.0,"14 "",  1920 x 1200 pikseli 60 Hz",14.0,1920,1200,2304000,60,16 GB  LPDDR5x 8000 Mhz RAM,16,512 GB SSD,512,AMD Ryzen™ AI 5 340,AMD Ryzen AI 5 340,AMD,Ryzen AI 5,,AMD  Radeon™ 840M,AMD Radeon 840M,AMD,Radeon 840M,,False,False,False,True,False,Windows 11 Home Edition
"Laptop gamingowy Acer Nitro V 14 AI ANV14-62 14,5"" 165Hz Ryzen AI 7 350 32GB RAM 1TB Dysk SSD RTX5050 DLSS4 Biały Funkcje AI",7299.0,"14,5 "",  2560 x 1600 pikseli 165 Hz",14.5,2560,1600,4096000,165,32 GB  DDR5 5600 Mhz RAM,32,1 TB SSD,1024,AMD Ryzen™ AI 7 350,AMD Ryzen AI 7 350,AMD,Ryzen AI 7,,NVIDIA® GeForce RTX™ 5050 + AMD Radeon™ 860M,NVIDIA GeForce RTX 5050 + AMD Radeon 860M,NVIDIA,GeForce RTX 5050,GeForce RTX 5050,True,True,True,True,False,bez systemu
"Laptop gamingowy Dell Alienware 16 Aurora AC16250 16"" 120Hz Core 9 270H 32GB RAM 1TB Dysk SSD RTX5070 DLSS4 Win11 Granatowy Funkcje AI",9999.0,"16 "",  2560 x 1600 pikseli 120 Hz",16.0,2560,1600,4096000,120,32 GB  DDR5 5600 Mhz RAM,32,1 TB SSD,1024,Intel® Core™ 9 15gen 270H,Intel Core 9 15gen 270H,Intel,Core 9,15,NVIDIA® GeForce RTX™ 5070 + Intel Graphics,NVIDIA GeForce RTX 5070 + Intel Graphics,NVIDIA,GeForce RTX 5070,GeForce RTX 5070,True,True,True,False,True,Windows 11 Home Edition
"Laptop ASUS ExpertBook B5 B5404CMA-Q51095X 14"" Ultra 5 125H 16GB RAM 512GB Dysk SSD Win11 Pro Czarny Funkcje AI",5299.0,"14 "",  1920 x 1200 pikseli",14.0,1920,1200,2304000,,16 GB  DDR5 RAM,16,512 GB SSD,512,Intel® Core™ Ultra 5 14gen 125H,Intel Core Ultra 5 14gen 125H,Intel,Core Ultra 5,14,Intel®  Graphics,Intel Graphics,Intel,,,False,False,False,False,True,Windows 11 Professional
"Apple MacBook Air 2026 15,3"" M5 10/10 24GB RAM 1TB Dysk macOS Księzycowa Poświata Funkcje AI",9399.0,"15,3"",  2880 x 1864 pikseli",15.3,2880,1864,5368320,,24 GB  zunifikowana RAM,24,1 TB SSD,1024,Apple M5,Apple M5,Apple,M5,,Apple  M5 (10-rdzeni),Apple M5 (10-rdzeni),Apple,M5,,False,False,False,False,False,macOS
"Laptop biznesowy Acer Extensa 14 EXO14-71-EP 14"" Ultra 5 125H 16GB RAM 512GB Dysk SSD Win11 Pro Czarny",3249.0,"14 "",  1920 x 1200 pikseli 60 Hz",14.0,1920,1200,2304000,60,16 GB  DDR5 4800 Mhz RAM,16,512 GB SSD,512,Intel® Core™ Ultra 5 14gen 125H,Intel Core Ultra 5 14gen 125H,Intel,Core Ultra 5,14,Intel®  Arc™ Graphics (działający jako Intel® Graphics),Intel Arc Graphics (działający jako Intel Graphics),Intel,Arc,,False,False,False,False,True,Windows 11 Professional
"Laptop Dell 14 DC14250 14"" Core 5 120U 16GB RAM 512GB Dysk SSD Win11 Srebrny Funkcje AI",3599.0,"14 "",  1920 x 1200 pikseli 60 Hz",14.0,1920,1200,2304000,60,16 GB  DDR5 5200 Mhz RAM,16,512 GB SSD,512,Intel® Core™ 5 14gen 120U,Intel Core 5 14gen 120U,Intel,Core 5,14,Intel®  Graphics,Intel Graphics,Intel,,,False,False,False,False,True,Windows 11 Home Edition
"Laptop gamingowy MSI Cyborg A17 AI B2HWEKG-011XPL 17,3""144Hz R7 260 16GB RAM 512GB Dysk SSD RTX5050 DLSS4 Czarny Funkcje AI",4099.0,"17,3 "",  1920 x 1080 pikseli 144 Hz",17.3,1920,1080,2073600,144,16 GB  DDR5 5600 Mhz RAM,16,512 GB SSD,512,AMD Ryzen™ 7 260,AMD Ryzen 7 260,AMD,Ryzen 7,,NVIDIA® GeForce RTX™ 5050 + AMD Radeon™ 780M,NVIDIA GeForce RTX 5050 + AMD Radeon 780M,NVIDIA,GeForce RTX 5050,GeForce RTX 5050,True,True,True,True,False,bez systemu
"Laptop gamingowy HP OMEN 17-db1037nw 17,3"" 240Hz Ryzen AI 9 365 32GB RAM 1TB Dysk SSD RTX5060 Win11 Czarny Funkcje AI",8499.0,"17,3 "",  2560 x 1440 pikseli 240 Hz",17.3,2560,1440,3686400,240,32 GB  DDR5 5600 Mhz RAM,32,1 TB SSD,1024,AMD Ryzen™ AI 9 365,AMD Ryzen AI 9 365,AMD,Ryzen AI 9,,NVIDIA® GeForce RTX 5060 + AMD Radeon™ 880M,NVIDIA GeForce RTX 5060 + AMD Radeon 880M,NVIDIA,GeForce RTX 5060,GeForce RTX 5060,True,True,True,True,False,Windows 11 Home Edition
"Laptop gamingowy Dell Alienware 16 Aurora AC16250 16"" 120Hz Core 9 270H 16GB RAM 1TB Dysk SSD RTX5060 DLSS4 Win11 Granatowy Funkcje AI",8999.0,"16 "",  2560 x 1600 pikseli 120 Hz",16.0,2560,1600,4096000,120,16 GB  DDR5 5600 Mhz RAM,16,1 TB SSD,1024,Intel® Core™ 9 15gen 270H,Intel Core 9 15gen 270H,Intel,Core 9,15,NVIDIA® GeForce RTX™ 5060 + Intel Graphics,NVIDIA GeForce RTX 5060 + Intel Graphics,NVIDIA,GeForce RTX 5060,GeForce RTX 5060,True,True,True,False,True,Windows 11 Home Edition
"Laptop Acer Aspire 16 AI A16-52M OLED 16"" Ultra 7 256V 16GB RAM 1TB Dysk SSD Win11 Szary Funkcje AI",4159.99,"16 "",  1920 x 1200 pikseli 60 Hz",16.0,1920,1200,2304000,60,16 GB  LPDDR5X RAM,16,1 TB SSD,1024,Intel® Core™ Ultra 7 15gen 256V,Intel Core Ultra 7 15gen 256V,Intel,Core Ultra 7,15,Intel®  Arc™ Graphics 140V,Intel Arc Graphics 140V,Intel,Arc Graphics 140V,,False,False,False,False,True,Windows 11 Home Edition
"Laptop HP OmniBook 5 16-bp0001nwx OLED 16"" Ryzen AI 7 445 16GB RAM 512GB Dysk SSD Win11 Srebrny Funkcje AI",4222.0,"16 "",  1920 x 1200 pikseli",16.0,1920,1200,2304000,,16 GB  LPDDR5x 7500 Mhz RAM,16,512 GB SSD,512,AMD Ryzen™ AI 7 445,AMD Ryzen AI 7 445,AMD,Ryzen AI 7,,AMD  Radeon™ 840M,AMD Radeon 840M,AMD,Radeon 840M,,False,False,False,True,False,Windows 11 Home Edition
"Laptop biznesowy ASUS ExpertBook Ultra B9406CAA-TH0083X OLED 14"" 120Hz Ultra 7 356H 32GB RAM 1TB Dysk SSD Win11 Pro Szary Funkcje AI",12999.0,"14 "", ekran dotykowy 2880 x 1800 pikseli 120 Hz",14.0,2880,1800,5184000,120,32 GB  LPDDR5X RAM,32,1 TB SSD,1024,Intel® Core™ Ultra 7 Series 3 356H,Intel Core Ultra 7 Series 3 356H,Intel,Core Ultra 7,,Intel®  Graphics,Intel Graphics,Intel,,,False,False,False,False,True,Windows 11 Professional
"Laptop biznesowy Lenovo ThinkPad L16 Gen 2 16"" Ryzen 5 Pro 215 16GB RAM 512GB Dysk SSD Win11 Pro Czarny Funkcje AI",4999.0,"16 "",  1920 x 1200 pikseli 60 Hz",16.0,1920,1200,2304000,60,16 GB  DDR5 5600 Mhz RAM,16,512 GB SSD,512,AMD Ryzen™ 5 Pro 215,AMD Ryzen 5 Pro 215,AMD,Ryzen 5,,AMD  Radeon™ 740M Graphics,AMD Radeon 740M Graphics,AMD,Radeon 740M,,False,False,False,True,False,Windows 11 Professional
"Laptop gamingowy Acer Nitro 16 AI AN16-61 16"" 180Hz Ryzen AI 7 350 16GB RAM 1TB Dysk SSD RTX5050 DLSS4 Czarny Funkcje AI",6499.0,"16 "",  1920 x 1200 pikseli 180 Hz",16.0,1920,1200,2304000,180,16 GB  DDR5 5600 Mhz RAM,16,1 TB SSD,1024,AMD Ryzen™ AI 7 350,AMD Ryzen AI 7 350,AMD,Ryzen AI 7,,NVIDIA® GeForce RTX™ 5050 + AMD Radeon™ 860M,NVIDIA GeForce RTX 5050 + AMD Radeon 860M,NVIDIA,GeForce RTX 5050,GeForce RTX 5050,True,True,True,True,False,bez systemu
"Apple MacBook Air 2026 15,3"" M5 10/10 16GB RAM 1TB Dysk macOS Błękitny Funkcje AI",8399.0,"15,3"",  2880 x 1864 pikseli",15.3,2880,1864,5368320,,16 GB  zunifikowana RAM,16,1 TB SSD,1024,Apple M5,Apple M5,Apple,M5,,Apple  M5 (10-rdzeni),Apple M5 (10-rdzeni),Apple,M5,,False,False,False,False,False,macOS
"Apple MacBook Air 2026 15,3"" M5 10/10 16GB RAM 1TB Dysk macOS Srebrny Funkcje AI",8399.0,"15,3"",  2880 x 1864 pikseli",15.3,2880,1864,5368320,,16 GB  zunifikowana RAM,16,1 TB SSD,1024,Apple M5,Apple M5,Apple,M5,,Apple  M5 (10-rdzeni),Apple M5 (10-rdzeni),Apple,M5,,False,False,False,False,False,macOS
"Laptop biznesowy Lenovo ThinkPad T16 Gen 4 16"" Ultra 7 255U 16GB RAM 512GB Dysk SSD Win11 Pro Czarny Funkcje AI",8449.0,"16 "",  1920 x 1200 pikseli 60 Hz",16.0,1920,1200,2304000,60,16 GB  DDR5 5600 Mhz RAM,16,512 GB SSD,512,Intel® Core™ Ultra 7 15gen 255U,Intel Core Ultra 7 15gen 255U,Intel,Core Ultra 7,15,Intel®  Graphics,Intel Graphics,Intel,,,False,False,False,False,True,Windows 11 Professional
"Apple MacBook Pro 2026 14,2"" M5 Pro 15/16 24GB RAM 2TB Dysk macOS Srebrny Funkcje AI",14499.0,"14,2 "",  3024 x 1964 pikseli 120 Hz",14.2,3024,1964,5939136,120,24 GB  zunifikowana RAM,24,2 TB SSD,2048,Apple M5 Pro,Apple M5 Pro,Apple,M5 Pro,,Apple  M5 Pro (16-rdzeni),Apple M5 Pro (16-rdzeni),Apple,M5 Pro,,False,False,False,False,False,macOS
"Apple MacBook Pro 2026 16,2"" M5 Max 18/32 36GB RAM 2TB Dysk macOS Gwiezdna Czerń Funkcje AI",20999.0,"16,2 "",  3456 x 2234 pikseli 120 Hz",16.2,3456,2234,7720704,120,36 GB  zunifikowana RAM,36,2 TB SSD,2048,Apple M5 Max,Apple M5 Max,Apple,M5 Max,,Apple  M5 Max (32-rdzenie),Apple M5 Max (32-rdzenie),Apple,M5 Max,,False,False,False,False,False,macOS
"Laptop Acer Aspire 14 AI A14-61M 14"" Ryzen AI 7 350 16GB RAM 512GB Dysk SSD Win11 Srebrny Funkcje AI",3949.0,"14 "",  1920 x 1200 pikseli 120 Hz",14.0,1920,1200,2304000,120,16 GB  LPDDR5x 8533 Mhz RAM,16,512 GB SSD,512,AMD Ryzen™ AI 7 350,AMD Ryzen AI 7 350,AMD,Ryzen AI 7,,AMD  Radeon™ 860M Graphics,AMD Radeon 860M Graphics,AMD,Radeon 860M,,False,False,False,True,False,Windows 11 Home Edition
"Laptop biznesowy ASUS ExpertBook Ultra B9406CAA-TH0246X OLED 14"" 120Hz Ultra 7 356H 32GB RAM 1TB Dysk SSD Win11 Pro Szary Funkcje AI",12599.0,"14 "", ekran dotykowy 2880 x 1800 pikseli 120 Hz",14.0,2880,1800,5184000,120,32 GB  LPDDR5X RAM,32,1 TB SSD,1024,Intel® Core™ Ultra 7 Series 3 356H,Intel Core Ultra 7 Series 3 356H,Intel,Core Ultra 7,,Intel®  Graphics,Intel Graphics,Intel,,,False,False,False,False,True,Windows 11 Professional
"Laptop 2w1 Lenovo ThinkPad X1 2-in-1 Gen 10 Aura Edition OLED 14"" Ultra 7 258V 32GB RAM 1TB Dysk SSD Win11 Pro Szary Funkcje AI",16999.0,"14 "", ekran dotykowy 2880 x 1800 pikseli 120 Hz",14.0,2880,1800,5184000,120,32 GB  LPDDR5x 8533 Mhz RAM,32,1 TB SSD,1024,Intel® Core™ Ultra 7 15gen 258V,Intel Core Ultra 7 15gen 258V,Intel,Core Ultra 7,15,Intel®  Arc Graphics 140V,Intel Arc Graphics 140V,Intel,Arc Graphics 140V,,False,False,False,False,True,Windows 11 Professional
"Laptop Acer Aspire 14 AI A14-61M 14"" Ryzen AI 7 350 16GB RAM 1TB Dysk SSD Win11 Srebrny Funkcje AI",4099.0,"14 "",  1920 x 1200 pikseli 120 Hz",14.0,1920,1200,2304000,120,16 GB  LPDDR5x 8533 Mhz RAM,16,1 TB SSD,1024,AMD Ryzen™ AI 7 350,AMD Ryzen AI 7 350,AMD,Ryzen AI 7,,AMD  Radeon™ 860M Graphics,AMD Radeon 860M Graphics,AMD,Radeon 860M,,False,False,False,True,False,Windows 11 Home Edition
"Laptop Acer Aspire 14 AI A14-61M OLED 14"" Ryzen AI 7 350 16GB RAM 1TB Dysk SSD Win11 Srebrny Funkcje AI",4349.0,"14 "",  1920 x 1200 pikseli 60 Hz",14.0,1920,1200,2304000,60,16 GB  LPDDR5x 8533 Mhz RAM,16,1 TB SSD,1024,AMD Ryzen™ AI 7 350,AMD Ryzen AI 7 350,AMD,Ryzen AI 7,,AMD  Radeon™ 860M Graphics,AMD Radeon 860M Graphics,AMD,Radeon 860M,,False,False,False,True,False,Windows 11 Home Edition
"Laptop Acer Aspire 16 AI A16-52M OLED 16"" Ultra 7 256V 16GB RAM 512GB Dysk SSD Win11 Szary Funkcje AI",4399.0,"16 "",  1920 x 1200 pikseli 60 Hz",16.0,1920,1200,2304000,60,16 GB  LPDDR5X RAM,16,512 GB SSD,512,Intel® Core™ Ultra 7 15gen 256V,Intel Core Ultra 7 15gen 256V,Intel,Core Ultra 7,15,Intel®  Arc™ Graphics 140V,Intel Arc Graphics 140V,Intel,Arc Graphics 140V,,False,False,False,False,True,Windows 11 Home Edition
"Laptop ASUS ExpertBook B2 B2402CBA-KI0476X 14"" i5-1240P 16GB RAM 512GB Dysk SSD Win11 Pro Czarny",5199.0,"14 "",  1920 x 1080 pikseli 60 Hz",14.0,1920,1080,2073600,60,16 GB  DDR4 RAM,16,512 GB SSD,512,Intel® Core™ i5 12gen 1240P,Intel Core i5 12gen 1240P,Intel,Core i5,12,Intel®  UHD Graphics,Intel UHD Graphics,Intel,UHD,,False,False,False,False,True,Windows 11 Professional
"Laptop biznesowy Lenovo ThinkBook 16 G7 ARP 16"" R7 7735HS 16GB RAM 1TB Dysk SSD Win11 Pro Szary",5243.26,"16 "",  1920 x 1200 pikseli 60 Hz",16.0,1920,1200,2304000,60,16 GB  DDR5 4800 Mhz RAM,16,1 TB SSD,1024,AMD Ryzen™ 7 7735HS,AMD Ryzen 7 7735HS,AMD,Ryzen 7,,AMD  Radeon™ 680M,AMD Radeon 680M,AMD,Radeon 680M,,False,False,False,True,False,Windows 11 Professional
"Laptop ASUS Vivobook 16 X1605VA-MB2798W 16"" Core 9 270H 16GB RAM 512GB Dysk SSD Czarny Funkcje AI",5399.0,"16 "",  1920 x 1200 pikseli 60 Hz",16.0,1920,1200,2304000,60,16 GB  DDR5 RAM,16,512 GB SSD,512,Intel® Core™ 9 Series 2 270H,Intel Core 9 Series 2 270H,Intel,Core 9,,Intel®  Graphics,Intel Graphics,Intel,,,False,False,False,False,True,Windows 11 Home Edition
"Laptop gamingowy Acer Nitro 16S AI AN16S-61 16"" 180Hz Ryzen AI 7 350 16GB RAM 1TB Dysk SSD RTX5070 DLSS4 Czarny Funkcje AI",6499.0,"16 "",  2560 x 1600 pikseli 180 Hz",16.0,2560,1600,4096000,180,16 GB  DDR5 5600 Mhz RAM,16,1 TB SSD,1024,AMD Ryzen™ AI 7 350,AMD Ryzen AI 7 350,AMD,Ryzen AI 7,,NVIDIA® GeForce RTX™ 5070 + AMD Radeon™ 860M,NVIDIA GeForce RTX 5070 + AMD Radeon 860M,NVIDIA,GeForce RTX 5070,GeForce RTX 5070,True,True,True,True,False,bez systemu
"Laptop gamingowy Acer Nitro 16 AI AN16-61 16"" 180Hz Ryzen AI 9 365 16GB RAM 1TB Dysk SSD RTX5070Ti DLSS4 Czarny Funkcje AI",8999.0,"16 "",  2560 x 1600 pikseli 180 Hz",16.0,2560,1600,4096000,180,16 GB  DDR5 5600 Mhz RAM,16,1 TB SSD,1024,AMD Ryzen™ AI 9 365,AMD Ryzen AI 9 365,AMD,Ryzen AI 9,,NVIDIA® GeForce RTX™ 5070 Ti + AMD Radeon™ 880M,NVIDIA GeForce RTX 5070 Ti + AMD Radeon 880M,NVIDIA,GeForce RTX 5070 Ti,GeForce RTX 5070 Ti,True,True,True,True,False,bez systemu
"Laptop biznesowy Lenovo ThinkPad L14 Gen 6 14"" Ryzen 7 Pro 250 16GB RAM 512GB Dysk SSD Win11 Pro Czarny Funkcje AI",5699.0,"14 "",  1920 x 1200 pikseli 60 Hz",14.0,1920,1200,2304000,60,16 GB  DDR5 5600 Mhz RAM,16,512 GB SSD,512,AMD Ryzen™ 7 Pro 250,AMD Ryzen 7 Pro 250,AMD,Ryzen 7,,AMD  Radeon™ 780M Graphics,AMD Radeon 780M Graphics,AMD,Radeon 780M,,False,False,False,True,False,Windows 11 Professional
"Laptop biznesowy Lenovo ThinkPad L14 Gen 6 14"" Ultra 5 225U 16GB RAM 512GB Dysk SSD Win11 Pro Czarny Funkcje AI",5849.0,"14 "",  1920 x 1200 pikseli 60 Hz",14.0,1920,1200,2304000,60,16 GB  DDR5 5600 Mhz RAM,16,512 GB SSD,512,Intel® Core™ Ultra 5 15gen 225U,Intel Core Ultra 5 15gen 225U,Intel,Core Ultra 5,15,Intel®  Graphics,Intel Graphics,Intel,,,False,False,False,False,True,Windows 11 Professional
"Laptop gamingowy Acer Nitro V 16 AI ANV16-61 16"" 180Hz Ryzen AI 7 350 16GB RAM 1TB Dysk SSD RTX5070 DLSS4 Czarny Funkcje AI",7199.0,"16 "",  2560 x 1600 pikseli 180 Hz",16.0,2560,1600,4096000,180,16 GB  DDR5 5600 Mhz RAM,16,1 TB SSD,1024,AMD Ryzen™ AI 7 350,AMD Ryzen AI 7 350,AMD,Ryzen AI 7,,NVIDIA® GeForce RTX™ 5070 + AMD Radeon™ 860M,NVIDIA GeForce RTX 5070 + AMD Radeon 860M,NVIDIA,GeForce RTX 5070,GeForce RTX 5070,True,True,True,True,False,bez systemu
"Laptop biznesowy ASUS ExpertBook PM3 PM3606CKA-PL0061X 16"" 144Hz Ryzen AI 7 350 16GB RAM 1TB Dysk SSD Win11 Pro Szary Funkcje AI",7199.0,"16 "",  2560 x 1600 pikseli",16.0,2560,1600,4096000,,16 GB  DDR5 RAM,16,1 TB SSD,1024,AMD Ryzen™ AI 7 350,AMD Ryzen AI 7 350,AMD,Ryzen AI 7,,AMD  Radeon™ 860M,AMD Radeon 860M,AMD,Radeon 860M,,False,False,False,True,False,Windows 11 Professional
"Laptop gamingowy Acer Nitro 16 AI AN16-61 16"" 180Hz Ryzen AI 9 365 32GB RAM 1TB Dysk SSD RTX5070 DLSS4 Win11 Pro Czarny Funkcje AI",9399.0,"16 "",  2560 x 1600 pikseli 180 Hz",16.0,2560,1600,4096000,180,32 GB  DDR5 5600 Mhz RAM,32,1 TB SSD,1024,AMD Ryzen™ AI 9 365,AMD Ryzen AI 9 365,AMD,Ryzen AI 9,,NVIDIA® GeForce RTX™ 5070 + AMD Radeon™ 880M,NVIDIA GeForce RTX 5070 + AMD Radeon 880M,NVIDIA,GeForce RTX 5070,GeForce RTX 5070,True,True,True,True,False,Windows 11 Professional
"Laptop 2w1 Lenovo ThinkPad X1 2-in-1 Gen 10 Aura Edition OLED 14"" Ultra 7 255U 32GB RAM 1TB Dysk SSD Win11 Pro Szary Funkcje AI",16999.0,"14 "", ekran dotykowy 2880 x 1800 pikseli 120 Hz",14.0,2880,1800,5184000,120,32 GB  LPDDR5x 8400 Mhz RAM,32,1 TB SSD,1024,Intel® Core™ Ultra 7 15gen 255U,Intel Core Ultra 7 15gen 255U,Intel,Core Ultra 7,15,Intel®  Graphics,Intel Graphics,Intel,,,False,False,False,False,True,Windows 11 Professional
"Laptop Acer Aspire 14 AI A14-61M 14"" Ryzen AI 5 330 16GB RAM 512GB Dysk SSD Win11 Srebrny Funkcje AI",3349.0,"14 "",  1920 x 1200 pikseli 120 Hz",14.0,1920,1200,2304000,120,16 GB  LPDDR5x 8533 Mhz RAM,16,512 GB SSD,512,AMD Ryzen™ AI 5 330,AMD Ryzen AI 5 330,AMD,Ryzen AI 5,,AMD  Radeon™ 820M Graphics,AMD Radeon 820M Graphics,AMD,Radeon 820M,,False,False,False,True,False,Windows 11 Home Edition
"Laptop 2w1 Lenovo ThinkBook 14 2-in-1 G5 IAU 14"" Ultra 5 225U 16GB RAM 512GB Dysk SSD Win11 Pro Szary Funkcje AI",6061.58,"14 "", ekran dotykowy 1920 x 1200 pikseli",14.0,1920,1200,2304000,,16 GB  DDR5 5600 Mhz RAM,16,512 GB SSD,512,Intel® Core™ Ultra 5 15gen 225U,Intel Core Ultra 5 15gen 225U,Intel,Core Ultra 5,15,Intel®  Graphics,Intel Graphics,Intel,,,False,False,False,False,True,Windows 11 Professional
"Laptop gamingowy Acer Nitro V16S ANV16S-71 16"" 180Hz Core 9 270H 32GB RAM 2TB Dysk SSD RTX5070 DLSS4 Win11 Pro Czarny Funkcje AI",10999.0,"16 "",  2560 x 1600 pikseli 180 Hz",16.0,2560,1600,4096000,180,32 GB  DDR5 5600 Mhz RAM,32,2 TB SSD,2048,Intel® Core™ 9 15gen 270H,Intel Core 9 15gen 270H,Intel,Core 9,15,NVIDIA® GeForce RTX™ 5070 + Intel Graphics,NVIDIA GeForce RTX 5070 + Intel Graphics,NVIDIA,GeForce RTX 5070,GeForce RTX 5070,True,True,True,False,True,Windows 11 Professional
"Laptop Acer Aspire 14 AI A14-61M OLED 14"" Ryzen AI 5 330 16GB RAM 512GB Dysk SSD Win11 Srebrny Funkcje AI",3649.0,"14 "",  1920 x 1200 pikseli 60 Hz",14.0,1920,1200,2304000,60,16 GB  LPDDR5x 8533 Mhz RAM,16,512 GB SSD,512,AMD Ryzen™ AI 5 330,AMD Ryzen AI 5 330,AMD,Ryzen AI 5,,AMD  Radeon™ 820M Graphics,AMD Radeon 820M Graphics,AMD,Radeon 820M,,False,False,False,True,False,Windows 11 Home Edition
"Laptop ASUS Vivobook S14 S3407AA-SF012W OLED 14"" Ultra 7 355H 16GB RAM 512GB Dysk SSD Win11 Szary Funkcje AI",4149.0,"14 "",  1920 x 1200 pikseli 60 Hz",14.0,1920,1200,2304000,60,16 GB  DDR5 RAM,16,512 GB SSD,512,Intel® Core™ Ultra 7 Series 3 355H,Intel Core Ultra 7 Series 3 355H,Intel,Core Ultra 7,,Intel®  Graphics,Intel Graphics,Intel,,,False,False,False,False,True,Windows 11 Home Edition
"Laptop gamingowy Acer Nitro 16 AI AN16-61 16"" 180Hz Ryzen AI 9 365 16GB RAM 1TB Dysk SSD RTX5060 DLSS4 Czarny Funkcje AI",7349.0,"16 "",  2560 x 1600 pikseli 180 Hz",16.0,2560,1600,4096000,180,16 GB  DDR5 5600 Mhz RAM,16,1 TB SSD,1024,AMD Ryzen™ AI 9 365,AMD Ryzen AI 9 365,AMD,Ryzen AI 9,,NVIDIA® GeForce RTX™ 5060 + AMD Radeon™ 880M,NVIDIA GeForce RTX 5060 + AMD Radeon 880M,NVIDIA,GeForce RTX 5060,GeForce RTX 5060,True,True,True,True,False,bez systemu
"Laptop gamingowy Acer Nitro 18 AI AN18-61 18"" 165Hz Ryzen AI 9 365 16GB RAM 1TB Dysk SSD RTX5070 DLSS4 Czarny Funkcje AI",9299.0,"18 "",  2560 x 1600 pikseli 165 Hz",18.0,2560,1600,4096000,165,16 GB  DDR5 5600 Mhz RAM,16,1 TB SSD,1024,AMD Ryzen™ AI 9 365,AMD Ryzen AI 9 365,AMD,Ryzen AI 9,,NVIDIA® GeForce RTX™ 5070 + AMD Radeon™ 880M,NVIDIA GeForce RTX 5070 + AMD Radeon 880M,NVIDIA,GeForce RTX 5070,GeForce RTX 5070,True,True,True,True,False,bez systemu
"Laptop ASUS Vivobook 16 X1605VA-MB2796W 16"" Core 9 270H 16GB RAM 512GB Dysk SSD Win11 Srebrny Funkcje AI",5399.0,"16 "",  1920 x 1200 pikseli 60 Hz",16.0,1920,1200,2304000,60,16 GB  DDR5 RAM,16,512 GB SSD,512,Intel® Core™ 9 Series 2 270H,Intel Core 9 Series 2 270H,Intel,Core 9,,Intel®  Graphics,Intel Graphics,Intel,,,False,False,False,False,True,Windows 11 Home Edition
"Apple MacBook Pro 2026 16,2"" M5 Pro 18/20 48GB RAM 1TB Dysk macOS Gwiezdna Czerń Funkcje AI",17499.0,"16,2 "",  3456 x 2234 pikseli 120 Hz",16.2,3456,2234,7720704,120,48 GB  zunifikowana RAM,48,1 TB SSD,1024,Apple M5 Pro,Apple M5 Pro,Apple,M5 Pro,,Apple  M5 Pro (20-rdzeni),Apple M5 Pro (20-rdzeni),Apple,M5 Pro,,False,False,False,False,False,macOS
"Laptop Acer Aspire 14 AI A14-61M OLED 14"" Ryzen AI 7 350 16GB RAM 512GB Dysk SSD Win11 Srebrny Funkcje AI",4199.0,"14 "",  1920 x 1200 pikseli 60 Hz",14.0,1920,1200,2304000,60,16 GB  LPDDR5x 8533 Mhz RAM,16,512 GB SSD,512,AMD Ryzen™ AI 7 350,AMD Ryzen AI 7 350,AMD,Ryzen AI 7,,AMD  Radeon™ 860M Graphics,AMD Radeon 860M Graphics,AMD,Radeon 860M,,False,False,False,True,False,Windows 11 Home Edition
"Laptop biznesowy Dell Pro 14 Plus PB14255 14"" R5 Pro 230 32GB RAM 1TB Dysk SSD Win11 Pro Srebrny Funkcje AI",9199.0,"14 "",  1920 x 1200 pikseli 60 Hz",14.0,1920,1200,2304000,60,32 GB  LPDDR5x 7500 Mhz RAM,32,1 TB SSD,1024,AMD Ryzen™ 5 Pro 230,AMD Ryzen 5 Pro 230,AMD,Ryzen 5,,AMD  Radeon™ 760M,AMD Radeon 760M,AMD,Radeon 760M,,False,False,False,True,False,Windows 11 Professional
"Laptop gamingowy Acer Nitro V 16S AI ANV16S-41 16"" 180Hz R7 260 16GB RAM 1TB Dysk SSD RTX5050 DLSS4 Czarny Funkcje AI",6199.0,"16 "",  1920 x 1200 pikseli 180 Hz",16.0,1920,1200,2304000,180,16 GB  DDR5 5600 Mhz RAM,16,1 TB SSD,1024,AMD Ryzen™ 7 260,AMD Ryzen 7 260,AMD,Ryzen 7,,NVIDIA® GeForce RTX™ 5050 + AMD Radeon™ 780M,NVIDIA GeForce RTX 5050 + AMD Radeon 780M,NVIDIA,GeForce RTX 5050,GeForce RTX 5050,True,True,True,True,False,bez systemu
"Laptop biznesowy Lenovo ThinkPad L16 Gen 2 16"" Ryzen 7 Pro 250 16GB RAM 512GB Dysk SSD Win11 Pro Czarny Funkcje AI",6799.0,"16 "",  1920 x 1200 pikseli 60 Hz",16.0,1920,1200,2304000,60,16 GB  DDR5 5600 Mhz RAM,16,512 GB SSD,512,AMD Ryzen™ 7 Pro 250,AMD Ryzen 7 Pro 250,AMD,Ryzen 7,,AMD  Radeon™ 780M Graphics,AMD Radeon 780M Graphics,AMD,Radeon 780M,,False,False,False,True,False,Windows 11 Professional
"Laptop Dell 14 Plus 1425-2822 14"" Ultra 7 256V 16GB RAM 1TB Dysk SSD Win11 Niebieski Funkcje AI",5999.0,"14 "", ekran dotykowy 1920 x 1200 pikseli 60 Hz",14.0,1920,1200,2304000,60,16 GB  LPDDR5x 8533 Mhz RAM,16,1 TB SSD,1024,Intel® Core™ Ultra 7 15gen 256V,Intel Core Ultra 7 15gen 256V,Intel,Core Ultra 7,15,Intel®  Arc Graphics,Intel Arc Graphics,Intel,Arc,,False,False,False,False,True,Windows 11 Home Edition
"Apple MacBook Pro 2026 14,2"" M5 Max 18/32 36GB RAM 2TB Dysk macOS Gwiezdna Czerń Funkcje AI",19999.0,"14,2 "",  3024 x 1964 pikseli 120 Hz",14.2,3024,1964,5939136,120,36 GB  zunifikowana RAM,36,2 TB SSD,2048,Apple M5 Max,Apple M5 Max,Apple,M5 Max,,Apple  M5 Max (32-rdzenie),Apple M5 Max (32-rdzenie),Apple,M5 Max,,False,False,False,False,False,macOS
"Laptop gamingowy HyperX OMEN 15-ga0005nw 15,3"" 180Hz i5-14450HX 16GB RAM 1TB Dysk SSD RTX5060 DLSS4 Win11 Czarny",5444.0,"15,3"",  2560 x 1600 pikseli 180 Hz",15.3,2560,1600,4096000,180,16 GB  DDR5 5600 Mhz RAM,16,1 TB SSD,1024,Intel® Core™ i5 14gen 14450HX,Intel Core i5 14gen 14450HX,Intel,Core i5,14,NVIDIA® GeForce RTX™ 5060 + Intel UHD Graphics,NVIDIA GeForce RTX 5060 + Intel UHD Graphics,NVIDIA,GeForce RTX 5060,GeForce RTX 5060,True,True,True,False,True,Windows 11 Home Edition
"Laptop 2w1 Lenovo ThinkBook 14 2-in-1 G5 IAU 14"" Ultra 7 255U 16GB RAM 512GB Dysk SSD Win11 Pro Szary Funkcje AI",7199.0,"14 "", ekran dotykowy 1920 x 1200 pikseli",14.0,1920,1200,2304000,,16 GB  DDR5 5600 Mhz RAM,16,512 GB SSD,512,Intel® Core™ Ultra 7 15gen 255U,Intel Core Ultra 7 15gen 255U,Intel,Core Ultra 7,15,Intel®  Graphics,Intel Graphics,Intel,,,False,False,False,False,True,Windows 11 Professional
"Laptop biznesowy Acer TravelMate P4 16 TMP416-54-TCO 16"" Ultra 5 225U 16GB RAM 512GB Dysk SSD Win11 Pro Niebieski Funkcje AI",3949.0,"16 "",  1920 x 1200 pikseli 60 Hz",16.0,1920,1200,2304000,60,16 GB  DDR5 5600 Mhz RAM,16,512 GB SSD,512,Intel® Core™ Ultra 5 15gen 225U,Intel Core Ultra 5 15gen 225U,Intel,Core Ultra 5,15,Intel®  Graphics,Intel Graphics,Intel,,,False,False,False,False,True,Windows 11 Professional
"Laptop HP OmniBook 7 16-az0003nw OLED 16"" 120Hz Core 7 240H 24GB RAM 1TB Dysk SSD Win11 Srebrny",3999.0,"16 "", ekran dotykowy 2048 x 1280 pikseli 120 Hz",16.0,2048,1280,2621440,120,24 GB  DDR5 5600 Mhz RAM,24,1 TB SSD,1024,Intel® Core™ 7 14gen 240H,Intel Core 7 14gen 240H,Intel,Core 7,14,Intel®  Graphics,Intel Graphics,Intel,,,False,False,False,False,True,Windows 11 Home Edition
"Laptop gamingowy Acer Nitro 16S AI AN16S-61 16"" 180Hz Ryzen AI 9 365 16GB RAM 1TB Dysk SSD RTX5070 DLSS4 Czarny Funkcje AI",7899.0,"16 "",  2560 x 1600 pikseli 180 Hz",16.0,2560,1600,4096000,180,16 GB  DDR5 5600 Mhz RAM,16,1 TB SSD,1024,AMD Ryzen™ AI 9 365,AMD Ryzen AI 9 365,AMD,Ryzen AI 9,,NVIDIA® GeForce RTX™ 5070 + AMD Radeon™ 880M,NVIDIA GeForce RTX 5070 + AMD Radeon 880M,NVIDIA,GeForce RTX 5070,GeForce RTX 5070,True,True,True,True,False,bez systemu
"Laptop gamingowy Acer Nitro 16S AI AN16S-61 16"" 180Hz Ryzen AI 9 365 16GB RAM 1TB Dysk SSD RTX5070Ti DLSS4 Czarny Funkcje AI",9799.0,"16 "",  2560 x 1600 pikseli 180 Hz",16.0,2560,1600,4096000,180,16 GB  DDR5 5600 Mhz RAM,16,1 TB SSD,1024,AMD Ryzen™ AI 9 365,AMD Ryzen AI 9 365,AMD,Ryzen AI 9,,NVIDIA® GeForce RTX™ 5070 Ti + AMD Radeon™ 880M,NVIDIA GeForce RTX 5070 Ti + AMD Radeon 880M,NVIDIA,GeForce RTX 5070 Ti,GeForce RTX 5070 Ti,True,True,True,True,False,bez systemu
"Laptop biznesowy Lenovo ThinkPad L16 Gen 1 16"" R5 7535U 16GB RAM 512GB Dysk SSD Win11 Pro Czarny",5899.0,"16 "",  1920 x 1200 pikseli",16.0,1920,1200,2304000,,16 GB  DDR5 4800 Mhz RAM,16,512 GB SSD,512,AMD Ryzen™ 5 7535U,AMD Ryzen 5 7535U,AMD,Ryzen 5,,AMD  Radeon™ 660M,AMD Radeon 660M,AMD,Radeon 660M,,False,False,False,True,False,Windows 11 Professional
"Laptop gamingowy Acer Nitro 16 AI AN16-61 16"" 180Hz Ryzen AI 9 365 16GB RAM 1TB Dysk SSD RTX5070 DLSS4 Czarny Funkcje AI",7499.0,"16 "",  2560 x 1600 pikseli 180 Hz",16.0,2560,1600,4096000,180,16 GB  DDR5 5600 Mhz RAM,16,1 TB SSD,1024,AMD Ryzen™ AI 9 365,AMD Ryzen AI 9 365,AMD,Ryzen AI 9,,NVIDIA® GeForce RTX™ 5070 + AMD Radeon™ 880M,NVIDIA GeForce RTX 5070 + AMD Radeon 880M,NVIDIA,GeForce RTX 5070,GeForce RTX 5070,True,True,True,True,False,bez systemu
"Laptop HP OmniBook 5 16-af1060nw 16"" Ultra 7 255U 24GB RAM 512GB Dysk SSD Win11 Srebrny Funkcje AI",4699.0,"16 "",  1920 x 1200 pikseli",16.0,1920,1200,2304000,,24 GB  LPDDR5 7467 Mhz RAM,24,512 GB SSD,512,Intel® Core™ Ultra 7 15gen 255U,Intel Core Ultra 7 15gen 255U,Intel,Core Ultra 7,15,Intel®  Graphics,Intel Graphics,Intel,,,False,False,False,False,True,Windows 11 Home Edition
Laptop gamingowy ASUS TUF Gaming A16 FA607NUG-RL116W 16'' 144Hz R7 7445HS 16GB RAM 512GB Dysk SSD RTX4050 DLSS3 Win11 Szary,3299.0,"16 "",  1920 x 1200 pikseli 144 Hz",16.0,1920,1200,2304000,144,16 GB  DDR5 5600 Mhz RAM,16,512 GB SSD,512,AMD Ryzen™ 7 7445HS,AMD Ryzen 7 7445HS,AMD,Ryzen 7,,NVIDIA® GeForce RTX 4050 + AMD Radeon™ 740M,NVIDIA GeForce RTX 4050 + AMD Radeon 740M,NVIDIA,GeForce RTX 4050,GeForce RTX 4050,True,True,True,True,False,Windows 11 Home Edition
"Laptop gamingowy ASUS TUF Gaming A16 FA608UH-R7165W 16"" 165Hz Ryzen 7 260 16GB RAM 512GB Dysk SSD RTX5050 DLSS4 Win11 Szary Funkcje AI",4099.0,"16 "",  1920 x 1200 pikseli 165 Hz",16.0,1920,1200,2304000,165,16 GB  DDR5 5600 Mhz RAM,16,512 GB SSD,512,AMD Ryzen™ 7 260,AMD Ryzen 7 260,AMD,Ryzen 7,,NVIDIA® GeForce RTX™ 5050 + 	AMD Radeon™ 780M,NVIDIA GeForce RTX 5050 + AMD Radeon 780M,NVIDIA,GeForce RTX 5050,GeForce RTX 5050,True,True,True,True,False,Windows 11 Home Edition
Laptop gamingowy ASUS TUF Gaming A16 FA608UM-R7165W 16'' 165Hz Ryzen 7 260 16GB RAM 512GB Dysk SSD RTX5060 DLSS4 Win11 Szary Funkcje AI,4699.0,"16 "",  1920 x 1200 pikseli 165 Hz",16.0,1920,1200,2304000,165,16 GB  DDR5 5600 Mhz RAM,16,512 GB SSD,512,AMD Ryzen™ 7 260,AMD Ryzen 7 260,AMD,Ryzen 7,,NVIDIA® GeForce RTX 5060 + AMD Radeon™ 780M,NVIDIA GeForce RTX 5060 + AMD Radeon 780M,NVIDIA,GeForce RTX 5060,GeForce RTX 5060,True,True,True,True,False,Windows 11 Home Edition
"Laptop gamingowy Lenovo LOQ 15IRX10 15,6"" 144Hz i5-13450HX 24GB RAM 512GB Dysk SSD RTX5050 DLSS4 Win11 Szary Funkcje AI",4099.0,"15,6 "",  1920 x 1080 pikseli 144 Hz",15.6,1920,1080,2073600,144,24 GB  DDR5 4800 Mhz RAM,24,512 GB SSD,512,Intel® Core™ i5 13gen 13450HX,Intel Core i5 13gen 13450HX,Intel,Core i5,13,NVIDIA® GeForce RTX™ 5050 + Intel UHD Graphics,NVIDIA GeForce RTX 5050 + Intel UHD Graphics,NVIDIA,GeForce RTX 5050,GeForce RTX 5050,True,True,True,False,True,Windows 11 Home Edition
"Laptop Lenovo IdeaPad Slim 3 15IRH10 15,3"" i5-13420H 16GB RAM 1TB Dysk SSD Win11S Szary",2599.0,"15,3"",  1920 x 1200 pikseli 60 Hz",15.3,1920,1200,2304000,60,16 GB  LPDDR5 4800 Mhz RAM,16,1 TB SSD,1024,Intel® Core™ i5 13gen 13420H,Intel Core i5 13gen 13420H,Intel,Core i5,13,Intel®  UHD Graphics,Intel UHD Graphics,Intel,UHD,,False,False,False,False,True,Windows 11 Home S
"Laptop HP 15-fd1037nw 15,6"" Ultra 5 125H 24GB RAM 512GB Dysk SSD Win11 Niebieski Funkcje AI",2549.0,"15,6 "",  1920 x 1080 pikseli",15.6,1920,1080,2073600,,24 GB  DDR5 5600 Mhz RAM,24,512 GB SSD,512,Intel® Core™ Ultra 5 14gen 125H,Intel Core Ultra 5 14gen 125H,Intel,Core Ultra 5,14,Intel®  Arc™ Graphics (działający jako Intel® Graphics),Intel Arc Graphics (działający jako Intel Graphics),Intel,Arc,,False,False,False,False,True,Windows 11 Home Edition
"Laptop gamingowy HP Victus 15-fa2115nw 15,6"" 144Hz Core 7 240H 24GB RAM 1TB Dysk SSD RTX5060 DLSS4 Win11 Różowy Funkcje AI",6499.0,"15,6 "",  1920 x 1080 pikseli",15.6,1920,1080,2073600,,24 GB  DDR5 5600 Mhz RAM,24,1 TB SSD,1024,Intel® Core™ 7 15gen 240H,Intel Core 7 15gen 240H,Intel,Core 7,15,NVIDIA® GeForce RTX™ 5060 + Intel Graphics,NVIDIA GeForce RTX 5060 + Intel Graphics,NVIDIA,GeForce RTX 5060,GeForce RTX 5060,True,True,True,False,True,Windows 11 Home Edition
"Laptop gamingowy MSI Vector 16 HX AI A2XWHG-256PL 16"" 240Hz Ultra 7 255HX 16GB RAM 1TB Dysk SSD RTX5070Ti DLSS4 Win11 Szary Funkcje AI",8649.0,"16 "",  2560 x 1600 pikseli 240 Hz",16.0,2560,1600,4096000,240,16 GB  DDR5 5600 Mhz RAM,16,1 TB SSD,1024,Intel® Core™ Ultra 7 15gen 255HX,Intel Core Ultra 7 15gen 255HX,Intel,Core Ultra 7,15,NVIDIA® GeForce RTX™ 5070 Ti + Intel Graphics,NVIDIA GeForce RTX 5070 Ti + Intel Graphics,NVIDIA,GeForce RTX 5070 Ti,GeForce RTX 5070 Ti,True,True,True,False,True,Windows 11 Home Edition
"Laptop Acer Swift SFL14-53M 14"" i5-1334U 16GB RAM 512GB Dysk SSD Win11 Szary",2199.0,"14 "",  1920 x 1080 pikseli 60 Hz",14.0,1920,1080,2073600,60,16 GB  DDR5 RAM,16,512 GB SSD,512,Intel® Core™ i5 13gen 1334U,Intel Core i5 13gen 1334U,Intel,Core i5,13,Intel®  UHD Graphics,Intel UHD Graphics,Intel,UHD,,False,False,False,False,True,Windows 11 Home Edition
"Laptop gamingowy Dell Alienware 16 Aurora AC16250 16"" 120Hz Core 7 240H 32GB RAM 1TB Dysk SSD RTX5060 DLSS4 Win11 Granatowy Funkcje AI",6399.0,"16 "",  2560 x 1600 pikseli 120 Hz",16.0,2560,1600,4096000,120,32 GB  DDR5 5600 Mhz RAM,32,1 TB SSD,1024,Intel® Core™ 7 15gen 240H,Intel Core 7 15gen 240H,Intel,Core 7,15,NVIDIA® GeForce RTX™ 5060 + Intel Graphics,NVIDIA GeForce RTX 5060 + Intel Graphics,NVIDIA,GeForce RTX 5060,GeForce RTX 5060,True,True,True,False,True,Windows 11 Home Edition
"Laptop 2w1 HP EliteBook X Flip G1i 14"" Ultra 7 258V 32GB RAM 1TB Dysk SSD Win11 Pro Niebieski Funkcje AI",7499.0,"14 "", ekran dotykowy 2560 x 1600 pikseli 120 Hz",14.0,2560,1600,4096000,120,32 GB  LPDDR5x 8533 Mhz RAM,32,1 TB SSD,1024,Intel® Core™ Ultra 7 15gen 258V,Intel Core Ultra 7 15gen 258V,Intel,Core Ultra 7,15,Intel®  Arc 140V,Intel Arc 140V,Intel,Arc 140V,,False,False,False,False,True,Windows 11 Professional
"Laptop ASUS ProArt GoPro Edition HN7306EAC-LX041X OLED 13,3"" Ryzen AI Max+ 395 128GB RAM 1TB Dysk SSD Win11Pro Czarny AI",13294.99,"13,3 "", ekran dotykowy 2880 x 1800 pikseli 60 Hz",13.3,2880,1800,5184000,60,128 GB  LPDDR5X RAM,128,1 TB SSD,1024,AMD Ryzen™ AI Max+ 395,AMD Ryzen AI Max+ 395,AMD,Ryzen AI Max+,,AMD  Radeon™ 8060S,AMD Radeon 8060S,AMD,Radeon 8060S,,False,False,False,True,False,Windows 11 Professional
"Laptop Huawei MateBook D 16 2024 16"" i5-12450H 16GB RAM 512GB Dysk SSD Win11 Szary",2999.0,"16 "",  1920 x 1200 pikseli 60 Hz",16.0,1920,1200,2304000,60,16 GB  LPDDR4X RAM,16,512 GB SSD,512,Intel® Core™ i5 12gen 12450H,Intel Core i5 12gen 12450H,Intel,Core i5,12,Intel®  UHD Graphics,Intel UHD Graphics,Intel,UHD,,False,False,False,False,True,Windows 11 Home Edition
"Laptop Acer Nitro V 16 ANV16-41 16"" 165Hz R5 8645HS 16GB RAM 512GB Dysk SSD RTX4050 DLSS3 Win11 Czarny Funkcje AI",4399.0,"16 "",  1920 x 1200 pikseli 165 Hz",16.0,1920,1200,2304000,165,16 GB  DDR5 5600 Mhz RAM,16,512 GB SSD,512,AMD Ryzen™ 5 8645HS,AMD Ryzen 5 8645HS,AMD,Ryzen 5,,NVIDIA® GeForce RTX™ 4050 + AMD Radeon™ 760M,NVIDIA GeForce RTX 4050 + AMD Radeon 760M,NVIDIA,GeForce RTX 4050,GeForce RTX 4050,False,True,True,True,False,Windows 11 Home Edition
"Laptop biznesowy HP EliteBook Ultra G1i OLED 14"" Ultra 7 258V 32GB RAM 512GB Dysk SSD Win11 Pro Niebieski Funkcje AI",6199.0,"14 "", ekran dotykowy 2880 x 1800 pikseli",14.0,2880,1800,5184000,,32 GB  LPDDR5x 8533 Mhz RAM,32,512 GB SSD,512,Intel® Core™ Ultra 7 15gen 258V,Intel Core Ultra 7 15gen 258V,Intel,Core Ultra 7,15,Intel®  Arc 140V,Intel Arc 140V,Intel,Arc 140V,,False,False,False,False,True,Windows 11 Professional
"Laptop gamingowy MSI Thin A15 B7VF-412XPL 15,6"" 144Hz R7 7735HS 16GB RAM 512GB Dysk SSD RTX4060 DLSS3 Szary",4299.0,"15,6 "",  1920 x 1080 pikseli 144 Hz",15.6,1920,1080,2073600,144,16 GB  DDR5 5600 Mhz RAM,16,512 GB SSD,512,AMD Ryzen™ 7 7735HS,AMD Ryzen 7 7735HS,AMD,Ryzen 7,,NVIDIA® GeForce RTX™ 4060 +  AMD Radeon™ 680M,NVIDIA GeForce RTX 4060 + AMD Radeon 680M,NVIDIA,GeForce RTX 4060,GeForce RTX 4060,True,True,True,True,False,bez systemu
"Laptop ultrabook ASUS Zenbook 14 UM3406KA-QD018W OLED 14"" Ryzen AI 5 340 16GB RAM 512GB Dysk SSD Win11 Czarny Funkcje AI",3799.0,"14 "",  1920 x 1200 pikseli 60 Hz",14.0,1920,1200,2304000,60,16 GB  LPDDR5X RAM,16,512 GB SSD,512,AMD Ryzen™ AI 5 340,AMD Ryzen AI 5 340,AMD,Ryzen AI 5,,AMD  Radeon™ 840M Graphics,AMD Radeon 840M Graphics,AMD,Radeon 840M,,False,False,False,True,False,Windows 11 Home Edition
"Laptop ASUS Vivobook S14 S3407VA-LY032W 14"" i7-13620H 16GB RAM 512GB Dysk SSD Win11 Srebrny",3749.0,"14 "",  1920 x 1200 pikseli 60 Hz",14.0,1920,1200,2304000,60,16 GB  DDR5 RAM,16,512 GB SSD,512,Intel® Core™ i7 13gen 13620H,Intel Core i7 13gen 13620H,Intel,Core i7,13,Intel®  UHD Graphics,Intel UHD Graphics,Intel,UHD,,False,False,False,False,True,Windows 11 Home Edition
"Laptop gamingowy MSI Katana 17 B12UCRK-1056XPL 17,3"" 144Hz i7-12650H 16GB RAM 512GB Dysk SSD RTX3050 DLSS3 Czarny",4399.0,"17,3 "",  1920 x 1080 pikseli 144 Hz",17.3,1920,1080,2073600,144,16 GB  DDR5 4800 Mhz RAM,16,512 GB SSD,512,Intel® Core™ i7 12gen 12650H,Intel Core i7 12gen 12650H,Intel,Core i7,12,NVIDIA® GeForce RTX™ 3050 + Intel UHD Graphics,NVIDIA GeForce RTX 3050 + Intel UHD Graphics,NVIDIA,GeForce RTX 3050,GeForce RTX 3050,True,True,True,False,True,bez systemu
"Apple MacBook Air 2025 15,3"" M4 16GB RAM 256GB Dysk macOS Północ 70W Funkcje AI",5649.0,"15,3"",  2880 x 1864 pikseli",15.3,2880,1864,5368320,,16 GB  zunifikowana RAM,16,256 GB SSD,256,Apple M4,Apple M4,Apple,M4,,Apple  M4 (10-rdzeni),Apple M4 (10-rdzeni),Apple,M4,,False,False,False,False,False,macOS Sequoia lub nowszy
"Laptop biznesowy HP EliteBook 8 G1i 14"" Ultra 5 225U 24GB RAM 512GB Dysk SSD Win11 Pro Srebrny Funkcje AI",7399.0,"14 "",  1920 x 1200 pikseli",14.0,1920,1200,2304000,,24 GB  DDR5 5600 Mhz RAM,24,512 GB SSD,512,Intel® Core™ Ultra 5 15gen 225U,Intel Core Ultra 5 15gen 225U,Intel,Core Ultra 5,15,Intel®  Graphics,Intel Graphics,Intel,,,False,False,False,False,True,Windows 11 Professional
"Laptop biznesowy Dell Pro 15 Essential PV15250 15,6"" i5-1334U 16GB RAM 1TB Dysk SSD Win11 Pro Srebrny",4499.0,"15,6 "",  1920 x 1080 pikseli 120 Hz",15.6,1920,1080,2073600,120,16 GB  DDR5 5200 Mhz RAM,16,1 TB SSD,1024,Intel® Core™ i5 13gen 1334U,Intel Core i5 13gen 1334U,Intel,Core i5,13,Intel®  Iris Xe Graphics (działający jako Intel® UHD Graphics),Intel Iris Xe Graphics (działający jako Intel UHD Graphics),Intel,Iris Xe,,False,False,False,False,True,Windows 11 Professional
"Laptop biznesowy Dell Pro 14 Essential PV14255 14"" R5 220 16GB RAM 512GB Dysk SSD Win11 Pro Czarny Funkcje AI",3749.0,"14 "",  1920 x 1200 pikseli 60 Hz",14.0,1920,1200,2304000,60,16 GB  DDR5 5600 Mhz RAM,16,512 GB SSD,512,AMD Ryzen™ 5 220,AMD Ryzen 5 220,AMD,Ryzen 5,,AMD  Radeon™ 740M,AMD Radeon 740M,AMD,Radeon 740M,,False,False,False,True,False,Windows 11 Professional
"Laptop biznesowy Dell Pro 16 PC16250 16"" Core 7 150U 16GB RAM 512GB Dysk SSD Win11 Pro Czarny Funkcje AI",6549.0,"16 "",  1920 x 1200 pikseli 60 Hz",16.0,1920,1200,2304000,60,16 GB  DDR5 5200 Mhz RAM,16,512 GB SSD,512,Intel® Core™ 7 14gen 150U,Intel Core 7 14gen 150U,Intel,Core 7,14,Intel®  Graphics,Intel Graphics,Intel,,,False,False,False,False,True,Windows 11 Professional
"Laptop biznesowy Dell Pro 16 Plus PB16250 16"" Ultra 5 235U 32GB RAM 512GB Dysk SSD Win11 Pro Srebrny Funkcje AI",8049.0,"16 "",  1920 x 1200 pikseli 60 Hz",16.0,1920,1200,2304000,60,32 GB  DDR5 5600 Mhz RAM,32,512 GB SSD,512,Intel® Core™ Ultra 5 15gen 235U,Intel Core Ultra 5 15gen 235U,Intel,Core Ultra 5,15,Intel®  Graphics,Intel Graphics,Intel,,,False,False,False,False,True,Windows 11 Professional
"Laptop 2w1 HP EliteBook X Flip G1i 14"" Ultra 7 258V 32GB RAM 512GB Dysk SSD Win11 Pro Niebieski Funkcje AI",10499.0,"14 "", ekran dotykowy 2560 x 1600 pikseli 120 Hz",14.0,2560,1600,4096000,120,32 GB  LPDDR5x 8533 Mhz RAM,32,512 GB SSD,512,Intel® Core™ Ultra 7 15gen 258V,Intel Core Ultra 7 15gen 258V,Intel,Core Ultra 7,15,Intel®  Arc 140V,Intel Arc 140V,Intel,Arc 140V,,False,False,False,False,True,Windows 11 Professional
"Laptop biznesowy HP EliteBook 8 G1i 13,3"" Ultra 7 255U 16GB RAM 512GB Dysk SSD Win11 Pro Srebrny Funkcje AI",6899.0,"13,3 "",  1920 x 1200 pikseli",13.3,1920,1200,2304000,,16 GB  LPDDR5x 7500 Mhz RAM,16,512 GB SSD,512,Intel® Core™ Ultra 7 15gen 255U,Intel Core Ultra 7 15gen 255U,Intel,Core Ultra 7,15,Intel®  Graphics,Intel Graphics,Intel,,,False,False,False,False,True,Windows 11 Professional
"Laptop biznesowy HP ProBook 4 G1i 16"" Ultra 5 225U 16GB RAM 512GB Dysk SSD Win11 Pro Srebrny Funkcje AI",4749.0,"16 "",  1920 x 1200 pikseli",16.0,1920,1200,2304000,,16 GB  DDR5 5600 Mhz RAM,16,512 GB SSD,512,Intel® Core™ Ultra 5 15gen 225U,Intel Core Ultra 5 15gen 225U,Intel,Core Ultra 5,15,Intel®  Graphics,Intel Graphics,Intel,,,False,False,False,False,True,Windows 11 Professional
"Laptop biznesowy HP EliteBook 8 G1i 16"" Ultra 5 225U 32GB RAM 512GB Dysk SSD Win11 Pro Srebrny Funkcje AI",7899.0,"16 "",  1920 x 1200 pikseli 60 Hz",16.0,1920,1200,2304000,60,32 GB  DDR5 5600 Mhz RAM,32,512 GB SSD,512,Intel® Core™ Ultra 5 15gen 225U,Intel Core Ultra 5 15gen 225U,Intel,Core Ultra 5,15,Intel®  Graphics,Intel Graphics,Intel,,,False,False,False,False,True,Windows 11 Professional
"Laptop biznesowy Dell Pro 14 Premium PA14250 14"" Ultra 5 236V 16GB RAM 512GB Dysk SSD Win11 Pro Czarny Funkcje AI",9449.0,"14 "",  1920 x 1200 pikseli 60 Hz",14.0,1920,1200,2304000,60,16 GB  LPDDR5x 8533 Mhz RAM,16,512 GB SSD,512,Intel® Core™ Ultra 5 15gen 236V,Intel Core Ultra 5 15gen 236V,Intel,Core Ultra 5,15,Intel®  Arc Graphics 130V,Intel Arc Graphics 130V,Intel,Arc Graphics 130V,,False,False,False,False,True,Windows 11 Professional
"Laptop biznesowy Dell Pro 16 PC16250 16"" Core 5 220U 16GB RAM 512GB Dysk SSD Win11 Pro Czarny Funkcje AI",5749.0,"16 "",  1920 x 1200 pikseli 60 Hz",16.0,1920,1200,2304000,60,16 GB  DDR5 5200 Mhz RAM,16,512 GB SSD,512,Intel® Core™ 5 15gen 220U,Intel Core 5 15gen 220U,Intel,Core 5,15,Intel®  Graphics,Intel Graphics,Intel,,,False,False,False,False,True,Windows 11 Professional
"Laptop biznesowy Dell Pro 14 Plus PB14255 14"" R7 Pro 250 16GB RAM 512GB Dysk SSD Win11 Pro Srebrny Funkcje AI",7099.0,"14 "",  1920 x 1200 pikseli 60 Hz",14.0,1920,1200,2304000,60,16 GB  LPDDR5x 7500 Mhz RAM,16,512 GB SSD,512,AMD Ryzen™ 7 Pro 250,AMD Ryzen 7 Pro 250,AMD,Ryzen 7,,AMD  Radeon™ 780M,AMD Radeon 780M,AMD,Radeon 780M,,False,False,False,True,False,Windows 11 Professional
"Laptop biznesowy HP EliteBook 8 G1i 16"" Ultra 5 228V 32GB RAM 512GB Dysk SSD Win11 Pro Srebrny Funkcje AI",7549.0,"16 "",  1920 x 1200 pikseli 60 Hz",16.0,1920,1200,2304000,60,32 GB  DDR5 5600 Mhz RAM,32,512 GB SSD,512,Intel® Core™ Ultra 5 15gen 228V,Intel Core Ultra 5 15gen 228V,Intel,Core Ultra 5,15,Intel®  Arc™ Graphics 130V,Intel Arc Graphics 130V,Intel,Arc Graphics 130V,,False,False,False,False,True,Windows 11 Professional
"Laptop biznesowy Dell Pro 13 Plus PB13250 13,3"" Ultra 7 266V 16GB RAM 512GB Dysk SSD Win11 Pro Srebrny Funkcje AI",9199.0,"13,3 "",  1920 x 1200 pikseli 60 Hz",13.3,1920,1200,2304000,60,16 GB  LPDDR5x 8533 Mhz RAM,16,512 GB SSD,512,Intel® Core™ Ultra 7 15gen 266V,Intel Core Ultra 7 15gen 266V,Intel,Core Ultra 7,15,Intel®  Arc Graphics,Intel Arc Graphics,Intel,Arc,,False,False,False,False,True,Windows 11 Professional
"Laptop biznesowy HP EliteBook 8 G1i 16"" Ultra 5 228V 32GB RAM 512GB Dysk SSD Win11 Pro Srebrny Funkcje AI",7599.0,"16 "",  1920 x 1200 pikseli 60 Hz",16.0,1920,1200,2304000,60,32 GB  DDR5 5600 Mhz RAM,32,512 GB SSD,512,Intel® Core™ Ultra 5 15gen 228V,Intel Core Ultra 5 15gen 228V,Intel,Core Ultra 5,15,Intel®  Arc™ Graphics 130V,Intel Arc Graphics 130V,Intel,Arc Graphics 130V,,False,False,False,False,True,Windows 11 Professional
"Laptop biznesowy Dell Pro 14 Plus PB14255 14"" Ryzen AI 7 Pro 350 32GB RAM 1TB Dysk SSD Win11 Pro Srebrny Funkcje AI",9849.0,"14 "",  1920 x 1200 pikseli 60 Hz",14.0,1920,1200,2304000,60,32 GB  LPDDR5x 7500 Mhz RAM,32,1 TB SSD,1024,AMD Ryzen™ AI 7 Pro 350,AMD Ryzen AI 7 Pro 350,AMD,Ryzen AI 7,,AMD  Radeon™ 860M,AMD Radeon 860M,AMD,Radeon 860M,,False,False,False,True,False,Windows 11 Professional
"Laptop biznesowy Dell Pro 14 PC14250 14"" Ultra 7 255U 16GB RAM 512GB Dysk SSD Win11 Pro Srebrny Funkcje AI",6749.0,"14 "",  1920 x 1200 pikseli 60 Hz",14.0,1920,1200,2304000,60,16 GB  DDR5 5600 Mhz RAM,16,512 GB SSD,512,Intel® Core™ Ultra 7 15gen 255U,Intel Core Ultra 7 15gen 255U,Intel,Core Ultra 7,15,Intel®  Graphics,Intel Graphics,Intel,,,False,False,False,False,True,Windows 11 Professional
"Laptop biznesowy HP EliteBook 6 G1i 16"" Ultra 5 225U 24GB RAM 512GB Dysk SSD Win11 Pro Srebrny Funkcje AI",6249.0,"16 "",  1920 x 1200 pikseli",16.0,1920,1200,2304000,,24 GB  DDR5 5600 Mhz RAM,24,512 GB SSD,512,Intel® Core™ Ultra 5 15gen 225U,Intel Core Ultra 5 15gen 225U,Intel,Core Ultra 5,15,Intel®  Graphics,Intel Graphics,Intel,,,False,False,False,False,True,Windows 11 Professional
"Laptop 2w1 HP EliteBook X Flip G1i 14"" Ultra 7 258V 32GB RAM 1TB Dysk SSD Win11 Pro Srebrny Funkcje AI",11999.0,"14 "", ekran dotykowy 2560 x 1600 pikseli 120 Hz",14.0,2560,1600,4096000,120,32 GB  LPDDR5x 8533 Mhz RAM,32,1 TB SSD,1024,Intel® Core™ Ultra 7 15gen 258V,Intel Core Ultra 7 15gen 258V,Intel,Core Ultra 7,15,Intel®  Arc 140V,Intel Arc 140V,Intel,Arc 140V,,False,False,False,False,True,Windows 11 Professional
"Laptop biznesowy HP ProBook 4 G1i 16"" Ultra 7 255U 16GB RAM 512GB Dysk SSD Win11 Pro Srebrny Funkcje AI",5849.0,"16 "",  1920 x 1200 pikseli",16.0,1920,1200,2304000,,16 GB  DDR5 5600 Mhz RAM,16,512 GB SSD,512,Intel® Core™ Ultra 7 15gen 255U,Intel Core Ultra 7 15gen 255U,Intel,Core Ultra 7,15,Intel®  Graphics,Intel Graphics,Intel,,,False,False,False,False,True,Windows 11 Professional
"Laptop biznesowy HP ProBook 4 G1i 16"" Ultra 7 255H 16GB RAM 512GB Dysk SSD Win11 Pro Srebrny Funkcje AI",5899.0,"16 "",  1920 x 1200 pikseli",16.0,1920,1200,2304000,,16 GB  DDR5 5600 Mhz RAM,16,512 GB SSD,512,Intel® Core™ Ultra 7 15gen 255H,Intel Core Ultra 7 15gen 255H,Intel,Core Ultra 7,15,Intel®  Arc™ 140T,Intel Arc 140T,Intel,Arc 140T,,False,False,False,False,True,Windows 11 Professional
"Laptop 2w1 Lenovo ThinkPad T14s 2-in-1 Gen 1 14"" Ultra 5 225U 16GB RAM 512GB Dysk SSD Win11 Pro Czarny Funkcje AI",9049.0,"14 "", ekran dotykowy 1920 x 1200 pikseli",14.0,1920,1200,2304000,,16 GB  LPDDR5x 7467 Mhz RAM,16,512 GB SSD,512,Intel® Core™ Ultra 5 15gen 225U,Intel Core Ultra 5 15gen 225U,Intel,Core Ultra 5,15,Intel®  Graphics,Intel Graphics,Intel,,,False,False,False,False,True,Windows 11 Professional
"Laptop biznesowy Dell Pro 14 PC14250 14"" Core 5 120U 16GB RAM 512GB Dysk SSD Win11 Pro Czarny Funkcje AI",5649.0,"14 "",  1920 x 1200 pikseli 60 Hz",14.0,1920,1200,2304000,60,16 GB  DDR5 5200 Mhz RAM,16,512 GB SSD,512,Intel® Core™ 5 14gen 120U,Intel Core 5 14gen 120U,Intel,Core 5,14,Intel®  Graphics,Intel Graphics,Intel,,,False,False,False,False,True,Windows 11 Professional
"Laptop biznesowy Dell Pro 14 Plus PB14255 14"" R5 Pro 230 16GB RAM 512GB Dysk SSD Win11 Pro Srebrny Funkcje AI",6849.0,"14 "",  1920 x 1200 pikseli 60 Hz",14.0,1920,1200,2304000,60,16 GB  LPDDR5x 7500 Mhz RAM,16,512 GB SSD,512,AMD Ryzen™ 5 Pro 230,AMD Ryzen 5 Pro 230,AMD,Ryzen 5,,AMD  Radeon™ 760M,AMD Radeon 760M,AMD,Radeon 760M,,False,False,False,True,False,Windows 11 Professional
"Laptop biznesowy Dell Pro 13 Plus PB13250 13,3"" Ultra 5 236V 16GB RAM 512GB Dysk SSD Win11 Pro Srebrny Funkcje AI",7599.0,"13,3 "",  1920 x 1200 pikseli 60 Hz",13.3,1920,1200,2304000,60,16 GB  LPDDR5x 8533 Mhz RAM,16,512 GB SSD,512,Intel® Core™ Ultra 5 15gen 236V,Intel Core Ultra 5 15gen 236V,Intel,Core Ultra 5,15,Intel®  Arc™ 130V Graphics,Intel Arc 130V Graphics,Intel,Arc 130V,,False,False,False,False,True,Windows 11 Professional
"Laptop biznesowy Dell Pro 14 Essential PV14255 14"" Ryzen AI 7 Pro 350 16GB RAM 1TB Dysk SSD Win11 Pro Platynowy Funkcje AI",5699.0,"14 "",  1920 x 1200 pikseli 60 Hz",14.0,1920,1200,2304000,60,16 GB  DDR5 5600 Mhz RAM,16,1 TB SSD,1024,AMD Ryzen™ AI 7 Pro 350,AMD Ryzen AI 7 Pro 350,AMD,Ryzen AI 7,,AMD  Radeon™ 860M,AMD Radeon 860M,AMD,Radeon 860M,,False,False,False,True,False,Windows 11 Professional
"Laptop biznesowy Dell Pro 14 PC14250 14"" Core 5 220U 16GB RAM 512GB Dysk SSD Win11 Pro Czarny Funkcje AI",5749.0,"14 "",  1920 x 1200 pikseli 60 Hz",14.0,1920,1200,2304000,60,16 GB  DDR5 5200 Mhz RAM,16,512 GB SSD,512,Intel® Core™ 5 15gen 220U,Intel Core 5 15gen 220U,Intel,Core 5,15,Intel®  Graphics,Intel Graphics,Intel,,,False,False,False,False,True,Windows 11 Professional
"Laptop biznesowy Dell Pro 16 Plus PB16250 16"" Ultra 7 266V 16GB RAM 512GB Dysk SSD Win11 Pro Srebrny Funkcje AI",8449.0,"16 "",  1920 x 1200 pikseli 60 Hz",16.0,1920,1200,2304000,60,16 GB  LPDDR5x 8533 Mhz RAM,16,512 GB SSD,512,Intel® Core™ Ultra 7 15gen 266V,Intel Core Ultra 7 15gen 266V,Intel,Core Ultra 7,15,Intel®  Arc Graphics,Intel Arc Graphics,Intel,Arc,,False,False,False,False,True,Windows 11 Professional
"Laptop biznesowy Dell Pro 14 PC14255 14"" Ryzen AI 5 Pro 340 16GB RAM 512GB Dysk SSD Win11 Pro Platynowy Funkcje AI",6199.0,"14 "",  1920 x 1200 pikseli 60 Hz",14.0,1920,1200,2304000,60,16 GB  DDR5 5600 Mhz RAM,16,512 GB SSD,512,AMD Ryzen™ AI 5 Pro 340,AMD Ryzen AI 5 Pro 340,AMD,Ryzen AI 5,,AMD  Radeon™ 840M,AMD Radeon 840M,AMD,Radeon 840M,,False,False,False,True,False,Windows 11 Professional
"Laptop biznesowy HP ProBook 4 G1i 16"" Ultra 7 255U 16GB RAM 512GB Dysk SSD Win11 Pro Srebrny Funkcje AI",5249.0,"16 "",  1920 x 1200 pikseli",16.0,1920,1200,2304000,,16 GB  DDR5 5600 Mhz RAM,16,512 GB SSD,512,Intel® Core™ Ultra 7 15gen 255U,Intel Core Ultra 7 15gen 255U,Intel,Core Ultra 7,15,Intel®  Graphics,Intel Graphics,Intel,,,False,False,False,False,True,Windows 11 Professional
"Laptop biznesowy HP EliteBook 8 G1i 13,3"" Ultra 5 225U 24GB RAM 512GB Dysk SSD Win11 Pro Srebrny Funkcje AI",6349.0,"13,3 "",  1920 x 1200 pikseli",13.3,1920,1200,2304000,,16 GB  LPDDR5x 7500 Mhz RAM,16,512 GB SSD,512,Intel® Core™ Ultra 5 15gen 225U,Intel Core Ultra 5 15gen 225U,Intel,Core Ultra 5,15,Intel®  Graphics,Intel Graphics,Intel,,,False,False,False,False,True,Windows 11 Professional
"Laptop biznesowy HP ProBook 4 G1i 14"" Ultra 5 225U 16GB RAM 512GB Dysk SSD Win11 Pro Srebrny Funkcje AI",4999.0,"14 "",  1920 x 1200 pikseli",14.0,1920,1200,2304000,,16 GB  DDR5 5600 Mhz RAM,16,512 GB SSD,512,Intel® Core™ Ultra 5 15gen 225U,Intel Core Ultra 5 15gen 225U,Intel,Core Ultra 5,15,Intel®  Graphics,Intel Graphics,Intel,,,False,False,False,False,True,Windows 11 Professional
"Laptop biznesowy HP EliteBook 8 G1i 16"" Ultra 7 255U 24GB RAM 512GB Dysk SSD Win11 Pro Srebrny Funkcje AI",8199.0,"16 "",  1920 x 1200 pikseli",16.0,1920,1200,2304000,,24 GB  DDR5 5600 Mhz RAM,24,512 GB SSD,512,Intel® Core™ Ultra 7 15gen 255U,Intel Core Ultra 7 15gen 255U,Intel,Core Ultra 7,15,Intel®  Graphics,Intel Graphics,Intel,,,False,False,False,False,True,Windows 11 Professional
"Laptop biznesowy Dell Pro 16 Plus PB16250 16"" Ultra 7 266V 16GB RAM 512GB Dysk SSD Win11 Pro Srebrny Funkcje AI",9549.0,"16 "", ekran dotykowy 1920 x 1200 pikseli 60 Hz",16.0,1920,1200,2304000,60,16 GB  LPDDR5x 8533 Mhz RAM,16,512 GB SSD,512,Intel® Core™ Ultra 7 15gen 266V,Intel Core Ultra 7 15gen 266V,Intel,Core Ultra 7,15,Intel®  Arc Graphics,Intel Arc Graphics,Intel,Arc,,False,False,False,False,True,Windows 11 Professional
"Laptop biznesowy HP ProBook 4 G1i 16"" Ultra 5 225U 16GB RAM 512GB Dysk SSD Win11 Pro Srebrny Funkcje AI",5449.0,"16 "",  1920 x 1200 pikseli",16.0,1920,1200,2304000,,16 GB  DDR5 5600 Mhz RAM,16,512 GB SSD,512,Intel® Core™ Ultra 5 15gen 225U,Intel Core Ultra 5 15gen 225U,Intel,Core Ultra 5,15,Intel®  Graphics,Intel Graphics,Intel,,,False,False,False,False,True,Windows 11 Professional
"Laptop biznesowy Dell Pro 16 Plus PB16250 16"" Ultra 5 236V 16GB RAM 512GB Dysk SSD Win11 Pro Srebrny Funkcje AI",7649.0,"16 "",  1920 x 1200 pikseli 60 Hz",16.0,1920,1200,2304000,60,16 GB  LPDDR5x 8533 Mhz RAM,16,512 GB SSD,512,Intel® Core™ Ultra 5 15gen 236V,Intel Core Ultra 5 15gen 236V,Intel,Core Ultra 5,15,Intel®  Arc 130V Graphics,Intel Arc 130V Graphics,Intel,Arc 130V,,False,False,False,False,True,Windows 11 Professional
"Laptop biznesowy Dell Pro 14 PC14250 14"" Core 3 100U 8GB RAM 512GB Dysk SSD Win11 Pro Srebrny Funkcje AI",3749.0,"14 "",  1920 x 1200 pikseli 60 Hz",14.0,1920,1200,2304000,60,8 GB  DDR5 5200 Mhz RAM,8,512 GB SSD,512,Intel® Core™ 3 100U,Intel Core 3 100U,Intel,Core 3,,Intel®  Graphics,Intel Graphics,Intel,,,False,False,False,False,True,Windows 11 Professional
"Laptop biznesowy Dell Pro 13 Plus PB13250 13,3"" Ultra 5 236V 16GB RAM 512GB Dysk SSD Win11 Pro Srebrny Funkcje AI",7949.0,"13,3 "", ekran dotykowy 1920 x 1200 pikseli 60 Hz",13.3,1920,1200,2304000,60,16 GB  LPDDR5x 8533 Mhz RAM,16,512 GB SSD,512,Intel® Core™ Ultra 5 15gen 236V,Intel Core Ultra 5 15gen 236V,Intel,Core Ultra 5,15,Intel®  Arc™ 130V Graphics,Intel Arc 130V Graphics,Intel,Arc 130V,,False,False,False,False,True,Windows 11 Professional
"Laptop biznesowy Dell Pro 16 Plus PB16250 16"" Ultra 7 266V 16GB RAM 512GB Dysk SSD Win11 Pro Srebrny Funkcje AI",8849.0,"16 "",  1920 x 1200 pikseli 60 Hz",16.0,1920,1200,2304000,60,16 GB  LPDDR5x 8533 Mhz RAM,16,512 GB SSD,512,Intel® Core™ Ultra 7 15gen 266V,Intel Core Ultra 7 15gen 266V,Intel,Core Ultra 7,15,Intel®  Arc Graphics,Intel Arc Graphics,Intel,Arc,,False,False,False,False,True,Windows 11 Professional
"Laptop biznesowy Dell Pro 16 Plus PB16250 16"" Ultra 5 236V 16GB RAM 512GB Dysk SSD Win11 Pro Srebrny Funkcje AI",7549.0,"16 "",  1920 x 1200 pikseli 60 Hz",16.0,1920,1200,2304000,60,16 GB  LPDDR5x 8533 Mhz RAM,16,512 GB SSD,512,Intel® Core™ Ultra 5 15gen 236V,Intel Core Ultra 5 15gen 236V,Intel,Core Ultra 5,15,Intel®  Arc 130V Graphics,Intel Arc 130V Graphics,Intel,Arc 130V,,False,False,False,False,True,Windows 11 Professional
"Laptop biznesowy Lenovo ThinkPad P1 Gen 7 16"" 165Hz Ultra 7 165H 32GB RAM 1TB Dysk SSD RTX4060 Win11 Pro Czarny Funkcje AI",16999.0,"16 "",  2560 x 1600 pikseli 165 Hz",16.0,2560,1600,4096000,165,32 GB  LPDDR5x 7500 Mhz RAM,32,1 TB SSD,1024,Intel® Core™ Ultra 7 14gen 165H,Intel Core Ultra 7 14gen 165H,Intel,Core Ultra 7,14,NVIDIA® RTX 4060 + Intel Arc Graphics,NVIDIA RTX 4060 + Intel Arc Graphics,NVIDIA,RTX 4060,RTX 4060,False,True,True,False,True,Windows 11 Professional
"Laptop ASUS Vivobook 14 M1405NAQ-LY015W 14"" Ryzen 5 150 16GB RAM 512GB Dysk SSD Win11 Czarny",2499.0,"14 "",  1920 x 1200 pikseli 60 Hz",14.0,1920,1200,2304000,60,16 GB  DDR5 RAM,16,512 GB SSD,512,AMD Ryzen™ 5 150,AMD Ryzen 5 150,AMD,Ryzen 5,,AMD  Radeon™ 660M,AMD Radeon 660M,AMD,Radeon 660M,,False,False,False,True,False,Windows 11 Home Edition
"Laptop biznesowy HP EliteBook X G1i B9ZY5ET 14"" Ultra 7 258V 32GB RAM 1TB Dysk SSD Win11 Pro Niebieski Funkcje AI",11599.0,"14 "",  1920 x 1200 pikseli",14.0,1920,1200,2304000,,32 GB  LPDDR5x 8533 Mhz RAM,32,1 TB SSD,1024,Intel® Core™ Ultra 7 15gen 258V,Intel Core Ultra 7 15gen 258V,Intel,Core Ultra 7,15,Intel®  Arc 140V,Intel Arc 140V,Intel,Arc 140V,,False,False,False,False,True,Windows 11 Professional
"Laptop Dell 14 Plus 1425-2846 14"" Ultra 9 288V 32GB RAM 1TB Dysk SSD Win11 Niebieski Funkcje AI",6599.0,"14 "",  2560 x 1600 pikseli 90 Hz",14.0,2560,1600,4096000,90,32 GB  LPDDR5x 8533 Mhz RAM,32,1 TB SSD,1024,Intel® Core™ Ultra 9 15gen 288V,Intel Core Ultra 9 15gen 288V,Intel,Core Ultra 9,15,Intel®  Arc Graphics,Intel Arc Graphics,Intel,Arc,,False,False,False,False,True,Windows 11 Home Edition
"Laptop 2w1 Dell 14 Plus 0425-2778 14"" Ultra 7 256V 16GB RAM 1TB Dysk SSD Win11 Niebieski Funkcje AI",5299.0,"14 "", ekran dotykowy 1920 x 1200 pikseli 60 Hz",14.0,1920,1200,2304000,60,16 GB  LPDDR5x 8533 Mhz RAM,16,1 TB SSD,1024,Intel® Core™ Ultra 7 15gen 256V,Intel Core Ultra 7 15gen 256V,Intel,Core Ultra 7,15,Intel®  Arc Graphics,Intel Arc Graphics,Intel,Arc,,False,False,False,False,True,Windows 11 Home Edition
"Laptop ASUS Zenbook Duo UX8407AA-SN094X OLED 14"" 144Hz Ultra X9 388H 32GB RAM 2TB Dysk SSD Win11 Pro Szary Funkcje AI",14999.0,"14 "", ekran dotykowy 2880 x 1800 pikseli 144 Hz",14.0,2880,1800,5184000,144,32 GB  LPDDR5X RAM,32,2 TB SSD,2048,Intel® Core™ Ultra X9 Series 3 388H,Intel Core Ultra X9 Series 3 388H,Intel,Core Ultra X9,,Intel®  Arc™ B390,Intel Arc B390,Intel,Arc,,False,False,False,False,True,Windows 11 Professional
"Laptop biznesowy ASUS ExpertBook Ultra B9406CAA-TH0748X OLED 14"" 120Hz Ultra X7 358H 64GB RAM 1TB Dysk SSD Win11 Pro Czarny Funkcje AI",16999.0,"14 "", ekran dotykowy 2880 x 1800 pikseli 120 Hz",14.0,2880,1800,5184000,120,64 GB  LPDDR5X RAM,64,1 TB SSD,1024,Intel® Core™ Ultra X7 Series 3 358H,Intel Core Ultra X7 Series 3 358H,Intel,Core Ultra X7,,Intel®  Arc™ B390 Graphics,Intel Arc B390 Graphics,Intel,Arc,,False,False,False,False,True,Windows 11 Professional
"Laptop biznesowy ASUS ExpertBook Ultra B9406CAA-TH0082X OLED 14"" 120Hz Ultra 7 356H 32GB RAM 1TB Dysk SSD Win11 Pro Czarny Funkcje AI",12999.0,"14 "", ekran dotykowy 2880 x 1800 pikseli 120 Hz",14.0,2880,1800,5184000,120,32 GB  LPDDR5X RAM,32,1 TB SSD,1024,Intel® Core™ Ultra 7 Series 3 356H,Intel Core Ultra 7 Series 3 356H,Intel,Core Ultra 7,,Intel®  Graphics,Intel Graphics,Intel,,,False,False,False,False,True,Windows 11 Professional
Laptop gamingowy ASUS TUF Gaming A16 FA608UMI-R7165 16'' 144Hz Ryzen 7 260 16GB RAM 512GB Dysk SSD RTX5060 DLSS4 Szary Funkcje AI,4299.0,"16 "",  1920 x 1200 pikseli 144 Hz",16.0,1920,1200,2304000,144,16 GB  DDR5 5600 Mhz RAM,16,512 GB SSD,512,AMD Ryzen™ 7 260,AMD Ryzen 7 260,AMD,Ryzen 7,,NVIDIA® GeForce RTX 5060 + AMD Radeon™ 780M,NVIDIA GeForce RTX 5060 + AMD Radeon 780M,NVIDIA,GeForce RTX 5060,GeForce RTX 5060,True,True,True,True,False,bez systemu
"Laptop gamingowy ASUS TUF Gaming F16 FX608JH-I5165W 16"" 165Hz i5-13450HX 16GB RAM 512GB Dysk SSD RTX5050 DLSS4 Win11 Szary",3399.0,"16 "",  1920 x 1200 pikseli 165 Hz",16.0,1920,1200,2304000,165,16 GB  DDR5 5600 Mhz RAM,16,512 GB SSD,512,Intel® Core™ i5 13gen 13450HX,Intel Core i5 13gen 13450HX,Intel,Core i5,13,NVIDIA® GeForce RTX™ 5050 + Intel UHD Graphics,NVIDIA GeForce RTX 5050 + Intel UHD Graphics,NVIDIA,GeForce RTX 5050,GeForce RTX 5050,True,True,True,False,True,Windows 11 Home Edition
Laptop gamingowy ASUS TUF Gaming A14 FA401UM-RG014 14'' 165Hz R7 260 16GB RAM 512GB Dysk SSD RTX5060 DLSS4 Szary Funkcje AI,4399.0,"14 "",  2560 x 1600 pikseli 165 Hz",14.0,2560,1600,4096000,165,16 GB  LPDDR5x 7500 Mhz RAM,16,512 TB SSD,524288,AMD Ryzen™ 7 260,AMD Ryzen 7 260,AMD,Ryzen 7,,NVIDIA® GeForce RTX™ 5060 + AMD Radeon™ 780M,NVIDIA GeForce RTX 5060 + AMD Radeon 780M,NVIDIA,GeForce RTX 5060,GeForce RTX 5060,True,True,True,True,False,bez systemu
"Laptop gamingowy MSI Katana 15 HX B14WFK-605XPL 15,6"" 144Hz i7-14650HX 16GB RAM 512GB Dysk SSD RTX5060 DLSS4 Czarny",4199.0,"15,6 "",  1920 x 1080 pikseli 144 Hz",15.6,1920,1080,2073600,144,16 GB  DDR5 5600 Mhz RAM,16,512 GB SSD,512,Intel® Core™ i7 14gen 14650HX,Intel Core i7 14gen 14650HX,Intel,Core i7,14,NVIDIA® GeForce RTX™ 5060 + Intel UHD Graphics,NVIDIA GeForce RTX 5060 + Intel UHD Graphics,NVIDIA,GeForce RTX 5060,GeForce RTX 5060,True,True,True,False,True,bez systemu
"Laptop Lenovo Yoga Slim 7 14AKP10 OLED 14"" Ryzen AI 7 350 16GB RAM 512GB Dysk SSD Win11 Zielony Funkcje AI",3699.0,"14 "",  1920 x 1200 pikseli 60 Hz",14.0,1920,1200,2304000,60,16 GB  LPDDR5 6400 Mhz RAM,16,512 GB SSD,512,AMD Ryzen™ AI 7 350,AMD Ryzen AI 7 350,AMD,Ryzen AI 7,,AMD  Radeon™ 860M Graphics,AMD Radeon 860M Graphics,AMD,Radeon 860M,,False,False,False,True,False,Windows 11 Home Edition
"Laptop biznesowy Dell Inspiron 3520-5807 15,6"" 120Hz i5-1235U 8GB RAM 512GB Dysk SSD Win11 Pro Czarny",1299.0,"15,6 "",  1920 x 1080 pikseli 120 Hz",15.6,1920,1080,2073600,120,8 GB  DDR4 2666 MHz RAM,8,512 GB SSD,512,Intel® Core™ i5 12gen 1235U,Intel Core i5 12gen 1235U,Intel,Core i5,12,Intel®  UHD Graphics 620,Intel UHD Graphics 620,Intel,UHD Graphics 620,,False,False,False,False,True,Windows 11 Professional
"Apple MacBook Air 2024 13,6"" M3 16GB RAM 256GB Dysk macOS Północ",3499.0,"13,6 "",  2560 x 1664 pikseli",13.6,2560,1664,4259840,,16 GB  zunifikowana RAM,16,256 GB SSD,256,Apple M3,Apple M3,Apple,M3,,Apple  M3 (8-rdzeni),Apple M3 (8-rdzeni),Apple,M3,,False,False,False,False,False,macOS Sonoma lub nowszy
"Apple MacBook Air 2025 13,6"" M4 16GB RAM 256GB Dysk macOS Północ Funkcje AI",3999.0,"13,6 "",  2560 x 1664 pikseli",13.6,2560,1664,4259840,,16 GB  zunifikowana RAM,16,256 GB SSD,256,Apple M4,Apple M4,Apple,M4,,Apple  M4 (8-rdzeni),Apple M4 (8-rdzeni),Apple,M4,,False,False,False,False,False,macOS Sequoia lub nowszy
"Laptop gamingowy ASUS TUF Gaming F16 FX607VU-I5165W 16"" 144Hz Core 5 210H 16GB RAM 512GB Dysk SSD RTX4050 Win11 Szary Funkcje AI",3299.0,"16 "",  1920 x 1200 pikseli 144 Hz",16.0,1920,1200,2304000,144,16 GB  DDR5 5200 Mhz RAM,16,512 GB SSD,512,Intel® Core™ 5 210H,Intel Core 5 210H,Intel,Core 5,,NVIDIA® GeForce RTX™ 4050 + Intel Graphics,NVIDIA GeForce RTX 4050 + Intel Graphics,NVIDIA,GeForce RTX 4050,GeForce RTX 4050,True,True,True,False,True,Windows 11 Home Edition
"Laptop ASUS Vivobook 16 X1605VA-MB1799W 16"" i5-13420H 16GB RAM 512GB Dysk SSD Win11 Srebrny",1799.0,"16 "",  1920 x 1200 pikseli 60 Hz",16.0,1920,1200,2304000,60,16 GB  DDR4 RAM,16,512 GB SSD,512,Intel® Core™ i5 13gen 13420H,Intel Core i5 13gen 13420H,Intel,Core i5,13,Intel®  UHD Graphics,Intel UHD Graphics,Intel,UHD,,False,False,False,False,True,Windows 11 Home Edition
"Apple MacBook Air 13,6"" M2 16GB RAM 256GB Dysk macOS Północ",3699.0,"13,6 "",  2560 x 1664 pikseli",13.6,2560,1664,4259840,,16 GB  zunifikowana RAM,16,256 GB SSD,256,Apple M2,Apple M2,Apple,M2,,Apple  M2 (8-rdzeni),Apple M2 (8-rdzeni),Apple,M2,,False,False,False,False,False,macOS Monterey lub nowszy
"Apple MacBook Air 2025 15,3"" M4 16GB RAM 512GB Dysk macOS Północ Funkcje AI",5999.0,"15,3"",  2880 x 1864 pikseli",15.3,2880,1864,5368320,,16 GB  zunifikowana RAM,16,512 GB SSD,512,Apple M4,Apple M4,Apple,M4,,Apple  M4 (10-rdzeni),Apple M4 (10-rdzeni),Apple,M4,,False,False,False,False,False,macOS Sequoia lub nowszy
"Laptop HP ProBook 465 G11 16"" R5 7535U 16GB RAM 512GB Dysk SSD Win11 Srebrny",1599.0,"16 "",  1920 x 1200 pikseli",16.0,1920,1200,2304000,,16 GB  DDR5 4800 Mhz RAM,16,512 GB SSD,512,AMD Ryzen™ 5 7535U,AMD Ryzen 5 7535U,AMD,Ryzen 5,,AMD  Radeon™ 660M,AMD Radeon 660M,AMD,Radeon 660M,,False,False,False,True,False,Windows 11 Home Edition
"Laptop gamingowy Gigabyte Gaming A18 3VHK3EEC94SD 18"" 165Hz R7 260 16GB RAM 1TB Dysk SSD RTX5060 DLSS4 Czarny Funkcje AI",4799.0,"18 "",  2560 x 1600 pikseli 165 Hz",18.0,2560,1600,4096000,165,16 GB  DDR5 5600 Mhz RAM,16,1 TB SSD,1024,AMD Ryzen™ 7 260,AMD Ryzen 7 260,AMD,Ryzen 7,,NVIDIA® GeForce RTX 5060 + AMD Radeon™ 780M,NVIDIA GeForce RTX 5060 + AMD Radeon 780M,NVIDIA,GeForce RTX 5060,GeForce RTX 5060,True,True,True,True,False,bez systemu
"Apple MacBook Air 13,6"" M2 16GB RAM 256GB Dysk macOS Księżycowa Poświata",3699.0,"13,6 "",  2560 x 1664 pikseli",13.6,2560,1664,4259840,,16 GB  zunifikowana RAM,16,256 GB SSD,256,Apple M2,Apple M2,Apple,M2,,Apple  M2 (8-rdzeni),Apple M2 (8-rdzeni),Apple,M2,,False,False,False,False,False,macOS Monterey lub nowszy
"Laptop gamingowy ASUS TUF Gaming F16 FX607VJB-RL145 16"" 144Hz Core 5 210H 16GB RAM 512GB Dysk SSD RTX3050 DLSS3 Szary Funkcje AI",2899.0,"16 "",  1920 x 1200 pikseli 144 Hz",16.0,1920,1200,2304000,144,16 GB  DDR5 5600 Mhz RAM,16,512 GB SSD,512,Intel® Core™ 5 210H,Intel Core 5 210H,Intel,Core 5,,NVIDIA® GeForce RTX™ 3050 + Intel Graphics,NVIDIA GeForce RTX 3050 + Intel Graphics,NVIDIA,GeForce RTX 3050,GeForce RTX 3050,True,True,True,False,True,bez systemu
"Laptop ultrabook Huawei MateBook 14 2024 OLED 14,2"" Ultra 5 125H 16GB RAM 512GB Dysk SSD Win11 Szary",3999.0,"14,2 "", ekran dotykowy 2880 x 1920 pikseli 120 Hz",14.2,2880,1920,5529600,120,16 GB  LPDDR5X RAM,16,512 GB SSD,512,Intel® Core™ Ultra 5 14gen 125H,Intel Core Ultra 5 14gen 125H,Intel,Core Ultra 5,14,Intel®  Arc™ Graphics,Intel Arc Graphics,Intel,Arc,,False,False,False,False,True,Windows 11 Home Edition
"Apple MacBook Air 2025 13,6"" M4 24GB RAM 512GB Dysk macOS Srebrny 70W Funkcje AI",5799.0,"13,6 "",  2560 x 1664 pikseli",13.6,2560,1664,4259840,,24 GB  zunifikowana RAM,24,512 GB SSD,512,Apple M4,Apple M4,Apple,M4,,Apple  M4 (10-rdzeni),Apple M4 (10-rdzeni),Apple,M4,,False,False,False,False,False,macOS Sequoia lub nowszy
"Laptop Lenovo IdeaPad Slim 5 16IRH10 16"" i5-13420H 16GB RAM 512GB Dysk SSD Win11 Szary",2999.0,"16 "",  1920 x 1200 pikseli 60 Hz",16.0,1920,1200,2304000,60,16 GB  DDR5 5600 Mhz RAM,16,512 GB SSD,512,Intel® Core™ i5 13gen 13420H,Intel Core i5 13gen 13420H,Intel,Core i5,13,Intel®  UHD Graphics,Intel UHD Graphics,Intel,UHD,,False,False,False,False,True,Windows 11 Home Edition
"Apple MacBook Air 2025 15,3"" M4 16GB RAM 256GB Dysk macOS Srebrny Funkcje AI",5499.0,"15,3"",  2880 x 1864 pikseli",15.3,2880,1864,5368320,,16 GB  zunifikowana RAM,16,256 GB SSD,256,Apple M4,Apple M4,Apple,M4,,Apple  M4 (10-rdzeni),Apple M4 (10-rdzeni),Apple,M4,,False,False,False,False,False,macOS Sequoia lub nowszy
"Laptop gamingowy HP Victus 15-fb3027nw 15,6"" 144Hz R7 7445HS 16GB RAM 512GB Dysk SSD RTX4050 DLSS3 Win11 Niebieski Funkcje AI",2999.0,"15,6 "",  1920 x 1080 pikseli 144 Hz",15.6,1920,1080,2073600,144,16 GB  DDR5 5600 Mhz RAM,16,512 GB SSD,512,AMD Ryzen™ 7 7445HS,AMD Ryzen 7 7445HS,AMD,Ryzen 7,,NVIDIA® GeForce RTX™ 4050 + AMD Radeon™ 740M,NVIDIA GeForce RTX 4050 + AMD Radeon 740M,NVIDIA,GeForce RTX 4050,GeForce RTX 4050,True,True,True,True,False,Windows 11 Home Edition
"Laptop 2w1 HP OmniBook X Flip 14-fk0219nw OLED 14"" Ryzen AI 5 340 16GB RAM 1TB Dysk SSD Win11 Srebrny Funkcje AI",4499.0,"14 "", ekran dotykowy 1920 x 1200 pikseli",14.0,1920,1200,2304000,,16 GB  LPDDR5x 7500 Mhz RAM,16,1 TB SSD,1024,AMD Ryzen™ AI 5 340,AMD Ryzen AI 5 340,AMD,Ryzen AI 5,,AMD  Radeon™ 840M,AMD Radeon 840M,AMD,Radeon 840M,,False,False,False,True,False,Windows 11 Home Edition
"Laptop 2w1 HP Envy x360 14-fa0222nw 14"" R5 8640HS 16GB RAM 512GB Dysk SSD Win11 Srebrny Funkcje AI",1699.0,"14 "", ekran dotykowy 1920 x 1200 pikseli",14.0,1920,1200,2304000,,16 GB  LPDDR5 6400 Mhz RAM,16,512 GB SSD,512,AMD Ryzen™ 5 8640HS,AMD Ryzen 5 8640HS,AMD,Ryzen 5,,AMD  Radeon™ 760M,AMD Radeon 760M,AMD,Radeon 760M,,False,False,False,True,False,Windows 11 Home Edition
"Laptop gamingowy Gigabyte Gaming A16 CVHI3EE894SH 16"" 165Hz i7-13620H 16GB RAM 1TB Dysk SSD RTX5060 DLSS4 Win11 Czarny",4699.0,"16 "",  1920 x 1200 pikseli 165 Hz",16.0,1920,1200,2304000,165,16 GB  DDR5 5200 Mhz RAM,16,1 TB SSD,1024,Intel® Core™ i7 13gen 13620H,Intel Core i7 13gen 13620H,Intel,Core i7,13,NVIDIA® GeForce RTX 5060 + Intel UHD Graphics,NVIDIA GeForce RTX 5060 + Intel UHD Graphics,NVIDIA,GeForce RTX 5060,GeForce RTX 5060,True,True,True,False,True,Windows 11 Home Edition
"Laptop HP Pavilion 16-ag0019nw 16"" R7 8840U 16GB RAM 512GB Dysk SSD Win11 Srebrny Funkcje AI",2299.0,"16 "",  1920 x 1200 pikseli 60 Hz",16.0,1920,1200,2304000,60,16 GB  LPDDR5 6400 Mhz RAM,16,512 GB SSD,512,AMD Ryzen™ 7 8840U,AMD Ryzen 7 8840U,AMD,Ryzen 7,,AMD  Radeon™ 780M,AMD Radeon 780M,AMD,Radeon 780M,,False,False,False,True,False,Windows 11 Home Edition
"Apple MacBook Pro 2025 14,2"" M5 16GB RAM 512GB Dysk macOS Gwiezdna Czerń Funkcje AI",7199.0,"14,2 "",  3024 x 1964 pikseli 120 Hz",14.2,3024,1964,5939136,120,16 GB  zunifikowana RAM,16,512 GB SSD,512,Apple M5,Apple M5,Apple,M5,,Apple  M5 (10-rdzeni),Apple M5 (10-rdzeni),Apple,M5,,False,False,False,False,False,macOS Spotlight lub nowszy
"Laptop gamingowy Acer Nitro 5 AN517-55-75H9 17,3"" 144Hz i7-12700H 16GB RAM 512GB Dysk SSD RTX3050 Czarny",2499.0,"17,3 "",  1920 x 1080 pikseli 144 Hz",17.3,1920,1080,2073600,144,16 GB  DDR4 RAM,16,512 GB SSD,512,Intel® Core™ i7 12gen 12700H,Intel Core i7 12gen 12700H,Intel,Core i7,12,NVIDIA® GeForce RTX™ 3050 + Intel Iris Xe Graphics,NVIDIA GeForce RTX 3050 + Intel Iris Xe Graphics,NVIDIA,GeForce RTX 3050,GeForce RTX 3050,True,True,True,False,True,bez systemu
"Laptop biznesowy Lenovo V15 G5 IRL 15,6"" i5-13420H 16GB RAM 512GB Dysk SSD Win11 Pro Czarny",2699.0,"15,6 "",  1920 x 1080 pikseli 60 Hz",15.6,1920,1080,2073600,60,16 GB  DDR5 5200 Mhz RAM,16,512 GB SSD,512,Intel® Core™ i5 13gen 13420H,Intel Core i5 13gen 13420H,Intel,Core i5,13,Intel®  UHD Graphics,Intel UHD Graphics,Intel,UHD,,False,False,False,False,True,Windows 11 Professional
"Apple MacBook Pro 2024 14,2"" M4 Pro 24GB RAM 512GB Dysk macOS Srebrny Funkcje AI",8499.0,"14,2 "",  3024 x 1964 pikseli 120 Hz",14.2,3024,1964,5939136,120,24 GB  zunifikowana RAM,24,512 GB SSD,512,Apple M4 Pro,Apple M4 Pro,Apple,M4 Pro,,Apple  M4 Pro (16-rdzeni),Apple M4 Pro (16-rdzeni),Apple,M4 Pro,,False,False,False,False,False,macOS Sequoia lub nowszy
"Apple MacBook Air 2024 15,3"" M3 8GB RAM 256GB Dysk macOS Księżycowa Poświata",2999.0,"15,3"",  2880 x 1864 pikseli",15.3,2880,1864,5368320,,8 GB  zunifikowana RAM,8,256 GB SSD,256,Apple M3,Apple M3,Apple,M3,,Apple  M3 (10-rdzeni),Apple M3 (10-rdzeni),Apple,M3,,False,False,False,False,False,macOS Sonoma lub nowszy
"Apple MacBook Air 2025 13,6"" M4 16GB RAM 256GB Dysk macOS Błękitny Funkcje AI",4499.0,"13,6 "",  2560 x 1664 pikseli",13.6,2560,1664,4259840,,16 GB  zunifikowana RAM,16,256 GB SSD,256,Apple M4,Apple M4,Apple,M4,,Apple  M4 (8-rdzeni),Apple M4 (8-rdzeni),Apple,M4,,False,False,False,False,False,macOS Sequoia lub nowszy
"Laptop gamingowy HP OMEN 16-ap0009nw 16"" 144Hz R9 8940HX 24GB RAM 512GB Dysk SSD RTX5060 DLSS4 Win11 Czarny",6499.0,"16 "",  1920 x 1200 pikseli 144 Hz",16.0,1920,1200,2304000,144,24 GB  DDR5 5200 Mhz RAM,24,512 GB SSD,512,AMD Ryzen™ 9 8940HX,AMD Ryzen 9 8940HX,AMD,Ryzen 9,,NVIDIA® GeForce RTX™ 5060 + AMD Radeon™ 610M,NVIDIA GeForce RTX 5060 + AMD Radeon 610M,NVIDIA,GeForce RTX 5060,GeForce RTX 5060,True,True,True,True,False,Windows 11 Home Edition
"Apple MacBook Pro 2024 14,2"" M4 Pro 24GB RAM 512B Dysk macOS Gwiezdna Czerń Funkcje AI",8499.0,"14,2 "",  3024 x 1964 pikseli 120 Hz",14.2,3024,1964,5939136,120,24 GB  zunifikowana RAM,24,512 GB SSD,512,Apple M4 Pro,Apple M4 Pro,Apple,M4 Pro,,Apple  M4 Pro (16-rdzeni),Apple M4 Pro (16-rdzeni),Apple,M4 Pro,,False,False,False,False,False,macOS Sequoia lub nowszy
"Laptop Acer Chromebook Plus 515 Google AI laptop CB515-2H-55JL 15,6"" i5-1235U 8GB RAM 512GB Dysk SSD ChromeOS Szary Funkcje AI",1399.0,"15,6 "",  1920 x 1080 pikseli 60 Hz",15.6,1920,1080,2073600,60,8 GB  LPDDR5X RAM,8,512 GB SSD,512,Intel® Core™ i5 12gen 1235U,Intel Core i5 12gen 1235U,Intel,Core i5,12,Intel®  Iris Xe Graphics,Intel Iris Xe Graphics,Intel,Iris Xe,,False,False,False,False,True,Chrome OS
"Apple MacBook Air 2025 15,3"" M4 16GB RAM 256GB Dysk macOS Księżycowa poświata Funkcje AI",5499.0,"15,3"",  2880 x 1864 pikseli",15.3,2880,1864,5368320,,16 GB  zunifikowana RAM,16,256 GB SSD,256,Apple M4,Apple M4,Apple,M4,,Apple  M4 (10-rdzeni),Apple M4 (10-rdzeni),Apple,M4,,False,False,False,False,False,macOS Sequoia lub nowszy
"Apple MacBook Air 2025 15,3"" M4 16GB RAM 256GB Dysk macOS Błękitny Funkcje AI",5499.0,"15,3"",  2880 x 1864 pikseli",15.3,2880,1864,5368320,,16 GB  zunifikowana RAM,16,256 GB SSD,256,Apple M4,Apple M4,Apple,M4,,Apple  M4 (10-rdzeni),Apple M4 (10-rdzeni),Apple,M4,,False,False,False,False,False,macOS Sequoia lub nowszy
"Laptop Dell Inspiron 3530-8026 15,6"" i5-1334U 16GB RAM 1TB Dysk SSD Win11 Czarny",2399.0,"15,6 "",  1920 x 1080 pikseli 120 Hz",15.6,1920,1080,2073600,120,16 GB  DDR4 2666 MHz RAM,16,1 TB SSD,1024,Intel® Core™ i5 13gen 1334U,Intel Core i5 13gen 1334U,Intel,Core i5,13,Intel®  Iris Xe Graphics,Intel Iris Xe Graphics,Intel,Iris Xe,,False,False,False,False,True,Windows 11 Home Edition
"Laptop gamingowy Acer Nitro V 15 ANV15-51 15,6"" 144Hz i5-13420H 16GB RAM 512GB Dysk SSD RTX2050 Win11 Czarny",2499.0,"15,6 "",  1920 x 1080 pikseli 144 Hz",15.6,1920,1080,2073600,144,16 GB  DDR5 RAM,16,512 GB SSD,512,Intel® Core™ i5 13gen 13420H,Intel Core i5 13gen 13420H,Intel,Core i5,13,NVIDIA® GeForce RTX™ 2050 + Intel UHD Graphics,NVIDIA GeForce RTX 2050 + Intel UHD Graphics,NVIDIA,GeForce RTX 2050,GeForce RTX 2050,True,True,True,False,True,Windows 11 Home Edition
"Laptop gamingowy Lenovo Legion Pro 5 16ADR10 16"" 240Hz R9 8945HX 32GB RAM 1TB Dysk SSD RTX5060 DLSS4 Czarny Funkcje AI",6899.0,"16 "",  2560 x 1600 pikseli 240 Hz",16.0,2560,1600,4096000,240,32 GB  DDR5 5200 Mhz RAM,32,1 TB SSD,1024,AMD Ryzen™ 9 8945HX,AMD Ryzen 9 8945HX,AMD,Ryzen 9,,NVIDIA® GeForce RTX™ 5060 + AMD Radeon™ 610M,NVIDIA GeForce RTX 5060 + AMD Radeon 610M,NVIDIA,GeForce RTX 5060,GeForce RTX 5060,True,True,True,True,False,bez systemu
"Laptop gamingowy ASUS TUF Gaming A15 FA506NC-HN001W 15,6''144Hz R5 7535HS 16GB RAM 512GB Dysk SSD RTX3050 Win11 Czarny",3399.0,"15,6 "",  1920 x 1080 pikseli 144 Hz",15.6,1920,1080,2073600,144,16 GB  DDR5 4800 Mhz RAM,16,512 GB SSD,512,AMD Ryzen™ 5 7535HS,AMD Ryzen 5 7535HS,AMD,Ryzen 5,,NVIDIA® Geforce RTX 3050 + AMD Radeon™ 660M,NVIDIA Geforce RTX 3050 + AMD Radeon 660M,NVIDIA,GeForce RTX 3050,GeForce RTX 3050,True,True,True,True,False,Windows 11 Home Edition
"Apple MacBook Air 2025 13,6"" M4 16GB RAM 256GB Dysk macOS Księżycowa poświata Funkcje AI",4499.0,"13,6 "",  2560 x 1664 pikseli",13.6,2560,1664,4259840,,16 GB  zunifikowana RAM,16,256 GB SSD,256,Apple M4,Apple M4,Apple,M4,,Apple  M4 (8-rdzeni),Apple M4 (8-rdzeni),Apple,M4,,False,False,False,False,False,macOS Sequoia lub nowszy
Laptop ASUS Zenbook 14 OLED UX3405CA-PZ051W 14'' 120Hz Ultra 5 225H 16GB RAM 512GB Dysk SSD Win11 Niebieski Funkcje AI,4499.0,"14 "", ekran dotykowy 2880 x 1800 pikseli 120 Hz",14.0,2880,1800,5184000,120,16 GB  LPDDR5X RAM,16,512 GB SSD,512,Intel® Core™ Ultra 5 15gen 225H,Intel Core Ultra 5 15gen 225H,Intel,Core Ultra 5,15,Intel®   Arc™ 130T,Intel Arc 130T,Intel,Arc 130T,,False,False,False,False,True,Windows 11 Home Edition
"Laptop Acer Nitro V 16 ANV16-41 16"" 165Hz R5 8645HS 16GB RAM 512GB Dysk SSD RTX3050 Win11 Czarny Funkcje AI",2999.0,"16 "",  1920 x 1200 pikseli 165 Hz",16.0,1920,1200,2304000,165,16 GB  DDR5 5600 Mhz RAM,16,512 GB SSD,512,AMD Ryzen™ 5 8645HS,AMD Ryzen 5 8645HS,AMD,Ryzen 5,,NVIDIA® GeForce RTX™ 3050 + AMD Radeon™ 760M,NVIDIA GeForce RTX 3050 + AMD Radeon 760M,NVIDIA,GeForce RTX 3050,GeForce RTX 3050,False,True,True,True,False,Windows 11 Home Edition
"Laptop Lenovo IdeaPad Slim 3 15ARP10 15,3"" R5 7533HS 24GB RAM 512GB Dysk SSD Win11 Szary Funkcje AI",2699.0,"15,3"",  1920 x 1200 pikseli 60 Hz",15.3,1920,1200,2304000,60,24 GB  DDR5 4800 Mhz RAM,24,512 GB SSD,512,AMD Ryzen™ 5 7533HS,AMD Ryzen 5 7533HS,AMD,Ryzen 5,,AMD  Radeon™ 660M Graphics,AMD Radeon 660M Graphics,AMD,Radeon 660M,,False,False,False,True,False,Windows 11 Home Edition
"Laptop gamingowy Dell G15 5530-8522 15,6"" 120Hz i5-13450HX 16GB RAM 512GB Dysk SSD RTX3050 Win11 Czarny",3299.0,"15,6 "",  1920 x 1080 pikseli 120 Hz",15.6,1920,1080,2073600,120,16 GB  DDR5 4800 Mhz RAM,16,512 GB SSD,512,Intel® Core™ i5 13gen 13450HX,Intel Core i5 13gen 13450HX,Intel,Core i5,13,NVIDIA® GeForce RTX™ 3050 + Intel UHD Graphics,NVIDIA GeForce RTX 3050 + Intel UHD Graphics,NVIDIA,GeForce RTX 3050,GeForce RTX 3050,True,True,True,False,True,Windows 11 Home Edition
"Laptop Lenovo Yoga Slim 7 14AKP10 OLED 14"" Ryzen AI 7 350 16GB RAM 512GB Dysk SSD Win11 Zielony Funkcje AI",4299.0,"14 "",  1920 x 1200 pikseli 60 Hz",14.0,1920,1200,2304000,60,16 GB  LPDDR5x 7500 Mhz RAM,16,512 GB SSD,512,AMD Ryzen™ AI 7 350,AMD Ryzen AI 7 350,AMD,Ryzen AI 7,,AMD  Radeon™ 860M Graphics,AMD Radeon 860M Graphics,AMD,Radeon 860M,,False,False,False,True,False,Windows 11 Home Edition
"Apple MacBook Pro 2024 14,2"" M4 16GB RAM 512GB Dysk macOS Gwiezdna Czerń Funkcje AI",6499.0,"14,2 "",  3024 x 1964 pikseli 120 Hz",14.2,3024,1964,5939136,120,16 GB  zunifikowana RAM,16,512 GB SSD,512,Apple M4,Apple M4,Apple,M4,,Apple  M4 (10-rdzeni),Apple M4 (10-rdzeni),Apple,M4,,False,False,False,False,False,macOS Sequoia lub nowszy
"Laptop ASUS Zenbook S16 UM5606GA-SR065W OLED 16"" 120Hz Ryzen AI 7 445 32GB RAM 1TB Dysk SSD Win11 Szary Funkcje AI",7199.0,"16 "", ekran dotykowy 2880 x 1800 pikseli 120 Hz",16.0,2880,1800,5184000,120,32 GB  LPDDR5X RAM,32,1 TB SSD,1024,AMD Ryzen™ AI 7 445,AMD Ryzen AI 7 445,AMD,Ryzen AI 7,,AMD  Radeon™ 840M,AMD Radeon 840M,AMD,Radeon 840M,,False,False,False,True,False,Windows 11 Home Edition
"Laptop Lenovo IdeaPad Slim 5 16IRH10 16"" i5-13420H 32GB RAM 512GB Dysk SSD Win11 Szary",3299.0,"16 "",  1920 x 1200 pikseli 60 Hz",16.0,1920,1200,2304000,60,32 GB  DDR5 5600 Mhz RAM,32,512 GB SSD,512,Intel® Core™ i5 13gen 13420H,Intel Core i5 13gen 13420H,Intel,Core i5,13,Intel®  UHD Graphics,Intel UHD Graphics,Intel,UHD,,False,False,False,False,True,Windows 11 Home Edition
"Laptop gamingowy ASUS TUF Gaming F16 FX608JMR-I7161 16"" 165Hz i7-14650HX 16GB RAM 1TB Dysk SSD RTX5060 DLSS4 Szary",5699.0,"16 "",  1920 x 1200 pikseli 165 Hz",16.0,1920,1200,2304000,165,16 GB  DDR5 5600 Mhz RAM,16,1 TB SSD,1024,Intel® Core™ i7 14gen 14650HX,Intel Core i7 14gen 14650HX,Intel,Core i7,14,NVIDIA® GeForce RTX™ 5060 + Intel UHD Graphics,NVIDIA GeForce RTX 5060 + Intel UHD Graphics,NVIDIA,GeForce RTX 5060,GeForce RTX 5060,True,True,True,False,True,bez systemu
"Laptop Lenovo IdeaPad Slim 5 16IAH8 16"" i5-12450H 16GB RAM 512GB Dysk SSD Win11 Szary",3199.0,"16 "",  1920 x 1200 pikseli 60 Hz",16.0,1920,1200,2304000,60,16 GB  LPDDR5 4800 Mhz RAM,16,512 GB SSD,512,Intel® Core™ i5 12gen 12450H,Intel Core i5 12gen 12450H,Intel,Core i5,12,Intel®  UHD Graphics,Intel UHD Graphics,Intel,UHD,,False,False,False,False,True,Windows 11 Home Edition
"Laptop gamingowy Lenovo LOQ 15IAX9 15,6"" 144Hz i5-12450HX 24GB RAM 512GB Dysk SSD RTX4050 Win11 Szary Funkcje AI",4199.0,"15,6 "",  1920 x 1080 pikseli 144 Hz",15.6,1920,1080,2073600,144,24 GB  DDR5 4800 Mhz RAM,24,512 GB SSD,512,Intel® Core™ i5 12gen 12450HX,Intel Core i5 12gen 12450HX,Intel,Core i5,12,NVIDIA® GeForce RTX™ 4050 + Intel UHD Graphics,NVIDIA GeForce RTX 4050 + Intel UHD Graphics,NVIDIA,GeForce RTX 4050,GeForce RTX 4050,True,True,True,False,True,Windows 11 Home Edition
"Laptop 2w1 Lenovo Yoga 7 2-in-1 14AKP10 OLED 14"" Ryzen AI 7 350 16GB RAM 512GB Dysk SSD Win11 Zielony Funkcje AI",5199.0,"14 "", ekran dotykowy 1920 x 1200 pikseli 60 Hz",14.0,1920,1200,2304000,60,16 GB  LPDDR5x 7500 Mhz RAM,16,512 GB SSD,512,AMD Ryzen™ AI 7 350,AMD Ryzen AI 7 350,AMD,Ryzen AI 7,,AMD  Radeon™ 860M Graphics,AMD Radeon 860M Graphics,AMD,Radeon 860M,,False,False,False,True,False,Windows 11 Home Edition
"Laptop Lenovo IdeaPad Slim 3 15ABR8 15,6"" R5 7530U 16GB RAM 512GB Dysk SSD Win11 Szary",3199.0,"15,6 "",  1920 x 1080 pikseli 60 Hz",15.6,1920,1080,2073600,60,16 GB  DDR4 3200 MHz RAM,16,512 GB SSD,512,AMD Ryzen™ 5 7530U,AMD Ryzen 5 7530U,AMD,Ryzen 5,,AMD  Radeon™ Graphics,AMD Radeon Graphics,AMD,Radeon,,False,False,False,True,False,Windows 11 Home Edition
"Laptop Acer Nitro V 16 ANV16-41 16"" 165Hz R5 8645HS 16GB RAM 1TB Dysk SSD RTX4050 DLSS3 Win11 Czarny Funkcje AI",3999.0,"16 "",  1920 x 1200 pikseli 165 Hz",16.0,1920,1200,2304000,165,16 GB  DDR5 5600 Mhz RAM,16,1 TB SSD,1024,AMD Ryzen™ 5 8645HS,AMD Ryzen 5 8645HS,AMD,Ryzen 5,,NVIDIA® GeForce RTX™ 4050 + AMD Radeon™ 760M,NVIDIA GeForce RTX 4050 + AMD Radeon 760M,NVIDIA,GeForce RTX 4050,GeForce RTX 4050,False,True,True,True,False,Windows 11 Home Edition
"Laptop gamingowy ASUS TUF Gaming A15 FA507NVR-LP017W 15,6'' 144Hz R7 7435HS 16GB RAM 512GB Dysk SSD RTX4060 DLSS3 Win11 Szary",4899.0,"15,6 "",  1920 x 1080 pikseli 144 Hz",15.6,1920,1080,2073600,144,16 GB  DDR5 4800 Mhz RAM,16,512 GB SSD,512,AMD Ryzen™ 7 7435HS,AMD Ryzen 7 7435HS,AMD,Ryzen 7,,NVIDIA® GeForce RTX™ 4060,NVIDIA GeForce RTX 4060,NVIDIA,GeForce RTX 4060,GeForce RTX 4060,True,True,True,False,False,Windows 11 Home Edition
"Laptop Acer Aspire Lite 16 AL16-54P 16"" i5-1334U 16GB RAM 512GB Dysk SSD Win11 Srebrny",1999.0,"16 "",  1920 x 1200 pikseli 60 Hz",16.0,1920,1200,2304000,60,16 GB  DDR5 4800 Mhz RAM,16,512 GB SSD,512,Intel® Core™ i5 13gen 1334U,Intel Core i5 13gen 1334U,Intel,Core i5,13,Intel®  Iris Xe Graphics (działający jako Intel® UHD Graphics),Intel Iris Xe Graphics (działający jako Intel UHD Graphics),Intel,Iris Xe,,False,False,False,False,True,Windows 11 Home Edition
"Laptop Acer Nitro V 16 ANV16-41 16"" 165Hz R5 8645HS 16GB RAM 512GB Dysk SSD RTX3050 Win11 Czarny Funkcje AI",2999.0,"16 "",  1920 x 1200 pikseli 165 Hz",16.0,1920,1200,2304000,165,16 GB  DDR5 5600 Mhz RAM,16,512 GB SSD,512,AMD Ryzen™ 5 8645HS,AMD Ryzen 5 8645HS,AMD,Ryzen 5,,NVIDIA® GeForce RTX™ 3050 + AMD Radeon™ 760M,NVIDIA GeForce RTX 3050 + AMD Radeon 760M,NVIDIA,GeForce RTX 3050,GeForce RTX 3050,False,True,True,True,False,Windows 11 Home Edition
"Laptop Acer Aspire Lite 14 AL14-52M 14"" i5-1334U 16GB RAM 512GB Dysk SSD Win11 Srebrny",1999.0,"14 "",  1920 x 1200 pikseli 60 Hz",14.0,1920,1200,2304000,60,16 GB  DDR5 4800 Mhz RAM,16,512 GB SSD,512,Intel® Core™ i5 13gen 1334U,Intel Core i5 13gen 1334U,Intel,Core i5,13,Intel®  Iris Xe Graphics (działający jako Intel® UHD Graphics),Intel Iris Xe Graphics (działający jako Intel UHD Graphics),Intel,Iris Xe,,False,False,False,False,True,Windows 11 Home Edition
"Laptop Lenovo IdeaPad Slim 3 15ARP10 15,3"" R5 7533HS 16GB RAM 512GB Dysk SSD Win11 Szary Funkcje AI",2599.0,"15,3"",  1920 x 1200 pikseli 60 Hz",15.3,1920,1200,2304000,60,16 GB  DDR5 4800 Mhz RAM,16,512 GB SSD,512,AMD Ryzen™ 5 7533HS,AMD Ryzen 5 7533HS,AMD,Ryzen 5,,AMD  Radeon™ 660M Graphics,AMD Radeon 660M Graphics,AMD,Radeon 660M,,False,False,False,True,False,Windows 11 Home Edition
"Laptop gamingowy Gigabyte Gaming A16 3VHK3EE893SH 16"" 165Hz  R7 260 16GB RAM 512GB Dysk SSD RTX5060 DLSS4 Win11 Czarny Funkcje AI",4774.16,"16 "",  1920 x 1200 pikseli 165 Hz",16.0,1920,1200,2304000,165,16 GB  DDR5 5600 Mhz RAM,16,512 GB SSD,512,AMD Ryzen™ 7 260,AMD Ryzen 7 260,AMD,Ryzen 7,,NVIDIA® GeForce RTX 5060 + AMD Radeon™ 780M,NVIDIA GeForce RTX 5060 + AMD Radeon 780M,NVIDIA,GeForce RTX 5060,GeForce RTX 5060,True,True,True,True,False,Windows 11 Home Edition
"Laptop Dell Inspiron 3520-5252 15,6"" 120Hz i5-1235U 8GB RAM 512GB Dysk SSD Win11 Czarny",1799.0,"15,6 "",  1920 x 1080 pikseli 120 Hz",15.6,1920,1080,2073600,120,8 GB  DDR4 2666 MHz RAM,8,512 GB SSD,512,Intel® Core™ i5 12gen 1235U,Intel Core i5 12gen 1235U,Intel,Core i5,12,Intel®  UHD Graphics 620,Intel UHD Graphics 620,Intel,UHD Graphics 620,,False,False,False,False,True,Windows 11 Home Edition
"Laptop gamingowy Acer Nitro V 15 ANV15-41-R4HG 15,6"" 165Hz R7 7735HS 16GB RAM 1TB Dysk SSD RTX4060 DLSS3 Win11 Czarny",3999.0,"15,6 "",  1920 x 1080 pikseli 165 Hz",15.6,1920,1080,2073600,165,16 GB  DDR5 RAM,16,1 TB SSD,1024,AMD Ryzen™ 7 7735HS,AMD Ryzen 7 7735HS,AMD,Ryzen 7,,NVIDIA® GeForce RTX™ 4060 + AMD Radeon™ 680M,NVIDIA GeForce RTX 4060 + AMD Radeon 680M,NVIDIA,GeForce RTX 4060,GeForce RTX 4060,True,True,True,True,False,Windows 11 Home Edition
"Apple MacBook Air 2024 15,3"" M3 8GB RAM 256GB Dysk macOS Północ",4499.0,"15,3"",  2880 x 1864 pikseli",15.3,2880,1864,5368320,,8 GB  zunifikowana RAM,8,256 GB SSD,256,Apple M3,Apple M3,Apple,M3,,Apple  M3 (10-rdzeni),Apple M3 (10-rdzeni),Apple,M3,,False,False,False,False,False,macOS Sonoma lub nowszy
"Laptop gamingowy Lenovo Legion 5 16IRX9 16"" 165Hz i7-13650HX 16GB RAM 512GB Dysk SSD RTX4060 DLSS3 Win11 Szary Funkcje AI",4999.0,"16 "",  2560 x 1600 pikseli 165 Hz",16.0,2560,1600,4096000,165,16 GB  DDR5 4800 Mhz RAM,16,512 GB SSD,512,Intel® Core™ i7 13gen 13650HX,Intel Core i7 13gen 13650HX,Intel,Core i7,13,NVIDIA® GeForce RTX™ 4060 + Intel UHD Graphics,NVIDIA GeForce RTX 4060 + Intel UHD Graphics,NVIDIA,GeForce RTX 4060,GeForce RTX 4060,True,True,True,False,True,Windows 11 Home Edition
"Laptop Acer Aspire Lite 16 AL16-52P 16"" i7-1355U 16GB RAM 512GB Dysk SSD Win11 Srebrny",2399.0,"16 "",  1920 x 1200 pikseli 60 Hz",16.0,1920,1200,2304000,60,16 GB  DDR5 4800 Mhz RAM,16,512 GB SSD,512,Intel® Core™ i7 13gen 1355U,Intel Core i7 13gen 1355U,Intel,Core i7,13,Intel®  Iris Xe Graphics (działający jako Intel® UHD Graphics),Intel Iris Xe Graphics (działający jako Intel UHD Graphics),Intel,Iris Xe,,False,False,False,False,True,Windows 11 Home Edition
"Laptop gamingowy MSI Vector 16 HX AI A2XWHG-094PL 16"" 240Hz Ultra 9 275HX 32GB RAM 1TB Dysk SSD RTX5070Ti DLSS4 Win11 Szary Funkcje AI",11799.0,"16 "",  2560 x 1600 pikseli 240 Hz",16.0,2560,1600,4096000,240,32 GB  DDR5 5600 Mhz RAM,32,1 TB SSD,1024,Intel® Core™ Ultra 9 15gen 275HX,Intel Core Ultra 9 15gen 275HX,Intel,Core Ultra 9,15,NVIDIA® GeForce RTX™ 5070 Ti + Intel Graphics,NVIDIA GeForce RTX 5070 Ti + Intel Graphics,NVIDIA,GeForce RTX 5070 Ti,GeForce RTX 5070 Ti,True,True,True,False,True,Windows 11 Home Edition
"Laptop gamingowy ASUS ROG Strix Scar 16 G635LW-U9644X 16"" 240Hz Ultra 9 275HX 64GB RAM 4TB Dysk SSD RTX5080 DLSS4 Win11 Pro Czarny AI",15899.0,"16 "",  2560 x 1600 pikseli 240 Hz",16.0,2560,1600,4096000,240,64 GB  DDR5 5600 Mhz RAM,64,4 TB SSD,4096,Intel® Core™ Ultra 9 15gen 275HX,Intel Core Ultra 9 15gen 275HX,Intel,Core Ultra 9,15,NVIDIA® Geforce RTX™ 5080 + Intel Graphics,NVIDIA Geforce RTX 5080 + Intel Graphics,NVIDIA,GeForce RTX 5080,GeForce RTX 5080,True,True,True,False,True,Windows 11 Professional
"Laptop gamingowy HP Victus 15-fb2719nw 15,6"" 144Hz R5 8645HS 16GB RAM 512GB Dysk SSD RTX3050 Win11 Czarno-srebrny Funkcje AI",3399.0,"15,6 "",  1920 x 1080 pikseli 144 Hz",15.6,1920,1080,2073600,144,16 GB  DDR5 5600 Mhz RAM,16,512 GB SSD,512,AMD Ryzen™ 5 8645HS,AMD Ryzen 5 8645HS,AMD,Ryzen 5,,NVIDIA® GeForce RTX™ 3050 + AMD Radeon™ 760M,NVIDIA GeForce RTX 3050 + AMD Radeon 760M,NVIDIA,GeForce RTX 3050,GeForce RTX 3050,True,True,True,True,False,Windows 11 Home Edition
"Laptop gamingowy MSI Katana 15 HX B14WFK-494XPL 15,6"" 144Hz i5-14450HX 16GB RAM 512GB Dysk SSD RTX5060 DLSS4 Czarny",4199.0,"15,6 "",  1920 x 1080 pikseli 144 Hz",15.6,1920,1080,2073600,144,16 GB  DDR5 5600 Mhz RAM,16,512 GB SSD,512,Intel® Core™ i5 14gen 14450HX,Intel Core i5 14gen 14450HX,Intel,Core i5,14,NVIDIA® GeForce RTX™ 5060 + Intel UHD Graphics,NVIDIA GeForce RTX 5060 + Intel UHD Graphics,NVIDIA,GeForce RTX 5060,GeForce RTX 5060,True,True,True,False,True,bez systemu
"Laptop Dell Inspiron 3520-9973 15,6"" 120Hz i5-1235U 16GB RAM 1TB Dysk SSD Win11 Srebrny",1999.0,"15,6 "",  1920 x 1080 pikseli 120 Hz",15.6,1920,1080,2073600,120,16 GB  DDR4 2666 MHz RAM,16,1 TB SSD,1024,Intel® Core™ i5 12gen 1235U,Intel Core i5 12gen 1235U,Intel,Core i5,12,Intel®  Iris Xe Graphics,Intel Iris Xe Graphics,Intel,Iris Xe,,False,False,False,False,True,Windows 11 Home Edition
"Laptop HP 15-fc0061nw 15,6"" AMD Ryzen 7 5825U 16GB RAM 512GB Dysk SSD Win11 Srebrny",2399.0,"15,6 "",  1920 x 1080 pikseli",15.6,1920,1080,2073600,,16 GB  DDR4 3200 MHz RAM,16,512 GB,512,AMD Ryzen™ 7 5825U,AMD Ryzen 7 5825U,AMD,Ryzen 7,,AMD  Radeon™ Graphics,AMD Radeon Graphics,AMD,Radeon,,False,False,False,True,False,Windows 11 Home Edition
"Laptop Lenovo V15 G5 IRL 15,6"" Core 5 120U 16GB RAM 512GB Dysk SSD Win11 Czarny Funkcje AI",2549.0,"15,6 "",  1920 x 1080 pikseli 60 Hz",15.6,1920,1080,2073600,60,16 GB  DDR5 5200 Mhz RAM,16,512 GB SSD,512,Intel® Core™ 5 120U,Intel Core 5 120U,Intel,Core 5,,Intel®  Graphics,Intel Graphics,Intel,,,False,False,False,False,True,Windows 11 Home Edition
"Laptop 2w1 Lenovo Yoga Slim 7x OLED 14,5"" Snapdragon X Elite X1E-78-100 32GB RAM 512GB Dysk SSD Win11 Niebieski Funkcje AI",4999.0,"14,5 "", ekran dotykowy 2944 x 1840 pikseli 90 Hz",14.5,2944,1840,5416960,90,32 GB  LPDDR5x 8448 Mhz RAM,32,512 GB SSD,512,Qualcomm® Snapdragon® X Elite X1E-78-100,Qualcomm Snapdragon X Elite X1E-78-100,Qualcomm,Snapdragon X Elite,,Qualcomm®  Adreno™ Graphics,Qualcomm Adreno Graphics,Qualcomm,Adreno,,False,False,False,False,False,Windows 11 Home Edition
"Laptop Lenovo Yoga Slim 7 ProX 14IAH7 14,5"" 120Hz i5-12500H 16GB RAM 512GB Dysk SSD Win11 Szary",5299.0,"14,5 "",  3072 x 1920 pikseli 120 Hz",14.5,3072,1920,5898240,120,16 GB  LPDDR5 6000 Mhz RAM,16,512 GB SSD,512,Intel® Core™ i5 12gen 12500H,Intel Core i5 12gen 12500H,Intel,Core i5,12,Intel®  Iris Xe Graphics,Intel Iris Xe Graphics,Intel,Iris Xe,,False,False,False,False,True,Windows 11 Home Edition
"Laptop ultrabook MSI Prestige 13 AI+ Evo A2VMG-020PL Copilot+ PC OLED 13,3"" Ultra 9 288V 32GB RAM 1TB Dysk SSD Win11 Pro Szary Funkcje AI",6999.0,"13,3 "",  2880 x 1800 pikseli 60 Hz",13.3,2880,1800,5184000,60,32 GB  LPDDR5x 8533 Mhz RAM,32,1 TB SSD,1024,Intel® Core™ Ultra 9 15gen 288V,Intel Core Ultra 9 15gen 288V,Intel,Core Ultra 9,15,Intel®  Arc Graphics 140V,Intel Arc Graphics 140V,Intel,Arc Graphics 140V,,False,False,False,False,True,Windows 11 Professional
"Laptop Dell Inspiron 3525-6518 15,6"" 120Hz R5 5625U 8GB RAM 512GB Dysk SSD Win11 Czarny",1499.0,"15,6 "",  1920 x 1080 pikseli 120 Hz",15.6,1920,1080,2073600,120,8 GB  DDR4 3200 MHz RAM,8,512 GB SSD,512,AMD Ryzen™ 5 5625U,AMD Ryzen 5 5625U,AMD,Ryzen 5,,AMD  Radeon™ Graphics,AMD Radeon Graphics,AMD,Radeon,,False,False,False,True,False,Windows 11 Home Edition
"Laptop Lenovo ThinkBook 16 G7 IML 16"" Ultra 7 155H 32GB RAM 1TB Dysk SSD Win11 Pro Szary Funkcje AI",5199.0,"16 "",  1920 x 1200 pikseli 60 Hz",16.0,1920,1200,2304000,60,32 GB  DDR5 5600 Mhz RAM,32,1 TB SSD,1024,Intel® Core™ Ultra 7 14gen 155H,Intel Core Ultra 7 14gen 155H,Intel,Core Ultra 7,14,Intel®  Arc Graphics,Intel Arc Graphics,Intel,Arc,,False,False,False,False,True,Windows 11 Professional
"Laptop gamingowy Lenovo LOQ 15ARP9 15,6"" 144Hz R7 7435HS 16GB RAM 1TB Dysk SSD RTX4060 Win11 Szary Funkcje AI",5399.0,"15,6 "",  1920 x 1080 pikseli 144 Hz",15.6,1920,1080,2073600,144,16 GB  DDR5 4800 Mhz RAM,16,1 TB SSD,1024,AMD Ryzen™ 7 7435HS,AMD Ryzen 7 7435HS,AMD,Ryzen 7,,NVIDIA® GeForce RTX™ 4060,NVIDIA GeForce RTX 4060,NVIDIA,GeForce RTX 4060,GeForce RTX 4060,True,True,True,False,False,Windows 11 Home Edition
"Laptop gamingowy Lenovo Legion 5 15ACH6H 15,6"" 165Hz R5 5600H 16GB RAM 512GB Dysk SSD RTX3060 Win11 Czarno-niebieski",6199.0,"15,6 "",  1920 x 1080 pikseli 165 Hz",15.6,1920,1080,2073600,165,16 GB  DDR4 3200 MHz RAM,16,512 GB SSD,512,AMD Ryzen™ 5 5600H,AMD Ryzen 5 5600H,AMD,Ryzen 5,,NVIDIA® GeForce RTX™ 3060 + AMD Radeon™  Graphics,NVIDIA GeForce RTX 3060 + AMD Radeon Graphics,NVIDIA,GeForce RTX 3060,GeForce RTX 3060,True,True,True,True,False,Windows 11 Home Edition
"Laptop Dell Inspiron 14 5440-7432 14"" Core 7 150U 16GB RAM 512GB Dysk SSD Win11 Pro Szaro-niebieski Funkcje AI",2199.0,"14 "",  1920 x 1200 pikseli 60 Hz",14.0,1920,1200,2304000,60,16 GB  DDR5 5200 Mhz RAM,16,512 GB SSD,512,Intel® Core™ 7 150U,Intel Core 7 150U,Intel,Core 7,,Intel®  Graphics,Intel Graphics,Intel,,,False,False,False,False,True,Windows 11 Professional
"Laptop HP Victus 15-fb3028nw 15,6"" 144Hz R5 240 16GB RAM 512GB Dysk SSD RTX5050 DLSS4 Win11 Czarno-srebrny Funkcje AI",4999.0,"15,6 "",  1920 x 1080 pikseli 144 Hz",15.6,1920,1080,2073600,144,16 GB  DDR5 5600 Mhz RAM,16,512 GB SSD,512,AMD Ryzen™ 5 240,AMD Ryzen 5 240,AMD,Ryzen 5,,NVIDIA® GeForce RTX™ 5050 + AMD Radeon™ 760M,NVIDIA GeForce RTX 5050 + AMD Radeon 760M,NVIDIA,GeForce RTX 5050,GeForce RTX 5050,False,True,True,True,False,Windows 11 Home Edition
"Laptop Lenovo Yoga 7 2-in-1 16AKP10 OLED 16"" 120Hz Ryzen AI 7 350 16GB RAM 512GB Dysk SSD Win11 Beżowy Funkcje AI",5299.0,"16 "", ekran dotykowy 2880 x 1800 pikseli 120 Hz",16.0,2880,1800,5184000,120,16 GB  LPDDR5x 7500 Mhz RAM,16,512 GB SSD,512,AMD Ryzen™ AI 7 350,AMD Ryzen AI 7 350,AMD,Ryzen AI 7,,AMD  Radeon™ 860M Graphics,AMD Radeon 860M Graphics,AMD,Radeon 860M,,False,False,False,True,False,Windows 11 Home Edition
"Laptop gamingowy Gigabyte Gaming A18 3VHK3EEC64SH 18"" 165Hz R7 260 32GB RAM 1TB Dysk SSD RTX5060 DLSS4 Win11 Czarny Funkcje AI",6999.0,"18 "",  2560 x 1600 pikseli 165 Hz",18.0,2560,1600,4096000,165,32 GB  DDR5 5600 Mhz RAM,32,1 TB SSD,1024,AMD Ryzen™ 7 260,AMD Ryzen 7 260,AMD,Ryzen 7,,NVIDIA® GeForce RTX 5060 + AMD Radeon™ 780M,NVIDIA GeForce RTX 5060 + AMD Radeon 780M,NVIDIA,GeForce RTX 5060,GeForce RTX 5060,True,True,True,True,False,Windows 11 Home Edition
"Laptop gamingowy MSI Vector 16 HX AI A2XWIG-405PL 16"" 240Hz Ultra 9 275HX 16GB RAM 1TB Dysk SSD RTX5080 DLSS4 Win11 Szary Funkcje AI",9999.0,"16 "",  2560 x 1600 pikseli 240 Hz",16.0,2560,1600,4096000,240,16 GB  DDR5 5600 Mhz RAM,16,1 TB SSD,1024,Intel® Core™ Ultra 9 15gen 275HX,Intel Core Ultra 9 15gen 275HX,Intel,Core Ultra 9,15,NVIDIA® GeForce RTX™ 5080 + Intel Graphics,NVIDIA GeForce RTX 5080 + Intel Graphics,NVIDIA,GeForce RTX 5080,GeForce RTX 5080,True,True,True,False,True,Windows 11 Home Edition
"Laptop Lenovo IdeaPad Slim 3 15IAH8 15,6"" i5-12450H 16GB RAM 1TB Dysk SSD Win11 Szary",2999.0,"15,6 "",  1920 x 1080 pikseli 60 Hz",15.6,1920,1080,2073600,60,16 GB  LPDDR5 4800 Mhz RAM,16,1 TB SSD,1024,Intel® Core™ i5 12gen 12450H,Intel Core i5 12gen 12450H,Intel,Core i5,12,Intel®  UHD Graphics,Intel UHD Graphics,Intel,UHD,,False,False,False,False,True,Windows 11 Home Edition
"Laptop gamingowy Gigabyte AORUS 16X 2024 9KG-43EEC54SD 16"" 165Hz i7-13650HX 16GB RAM 1TB Dysk SSD RTX4060 DLSS3 Szary",3999.0,"16 "",  2560 x 1600 pikseli 165 Hz",16.0,2560,1600,4096000,165,16 GB  DDR5 4800 Mhz RAM,16,1 TB SSD,1024,Intel® Core™ i7 13gen 13650HX,Intel Core i7 13gen 13650HX,Intel,Core i7,13,NVIDIA® GeForce RTX 4060 + Intel UHD Graphics,NVIDIA GeForce RTX 4060 + Intel UHD Graphics,NVIDIA,GeForce RTX 4060,GeForce RTX 4060,True,True,True,False,True,bez systemu
"Laptop Acer Aspire 17 A17-51M 17,3"" i5-1334U 16GB RAM 512 Dysk SSD Win11 Szary",2499.0,"17,3 "",  1920 x 1080 pikseli 60 Hz",17.3,1920,1080,2073600,60,16 GB  DDR5 RAM,16,512 GB SSD,512,Intel® Core™ i5 13gen 1334U,Intel Core i5 13gen 1334U,Intel,Core i5,13,Intel®  Iris Xe Graphics (działający jako Intel® UHD Graphics),Intel Iris Xe Graphics (działający jako Intel UHD Graphics),Intel,Iris Xe,,False,False,False,False,True,Windows 11 Home Edition
"Laptop Huawei MateBook D 14 2024 14"" i5-12450H 16GB RAM 512GB Dysk SSD Win11 Szary",2999.0,"14 "",  1920 x 1200 pikseli 60 Hz",14.0,1920,1200,2304000,60,16 GB  LPDDR4X RAM,16,512 GB SSD,512,Intel® Core™ i5 12gen 12450H,Intel Core i5 12gen 12450H,Intel,Core i5,12,Intel®  UHD Graphics,Intel UHD Graphics,Intel,UHD,,False,False,False,False,True,Windows 11 Home Edition
"Laptop Lenovo IdeaPad 3 15ALC6 15,6"" R7 5700U 8GB RAM 512GB Dysk SSD Win11 Szary",3199.0,"15,6 "",  1920 x 1080 pikseli",15.6,1920,1080,2073600,,8 GB  DDR4 3200 MHz RAM,8,512 GB SSD,512,AMD Ryzen™ 7 5700U,AMD Ryzen 7 5700U,AMD,Ryzen 7,,AMD  Radeon™ Graphics,AMD Radeon Graphics,AMD,Radeon,,False,False,False,True,False,Windows 11 Home Edition
"Laptop Lenovo ThinkBook 16 G7 ARP 16"" R7 7735HS 16GB RAM 512GB Dysk SSD Win11 Szary",3299.0,"16 "",  1920 x 1200 pikseli 60 Hz",16.0,1920,1200,2304000,60,16 GB  DDR5 4800 Mhz RAM,16,512 GB SSD,512,AMD Ryzen™ 7 7735HS,AMD Ryzen 7 7735HS,AMD,Ryzen 7,,AMD  Radeon™ 680M,AMD Radeon 680M,AMD,Radeon 680M,,False,False,False,True,False,Windows 11 Home Edition
"Laptop gamingowy Lenovo IdeaPad Gaming 3 15ACH6 15,6"" 120Hz R5 5600H 16GB RAM 512GB Dysk SSD RTX3050Ti Win11 Czarny",3699.0,"15,6 "",  1920 x 1080 pikseli 120 Hz",15.6,1920,1080,2073600,120,16 GB  DDR4 3200 MHz RAM,16,512 GB SSD,512,AMD Ryzen™ 5 5600H,AMD Ryzen 5 5600H,AMD,Ryzen 5,,NVIDIA® GeForce RTX™ 3050 Ti + AMD Radeon™  Graphics,NVIDIA GeForce RTX 3050 Ti + AMD Radeon Graphics,NVIDIA,GeForce RTX 3050 Ti,GeForce RTX 3050 Ti,True,True,True,True,False,Windows 11 Home Edition
"Laptop ASUS Vivobook S 14 OLED S5406SA-PP067W 14"" 120Hz Ultra 5 226V 16GB RAM 512GB Dysk SSD Win11 Niebieski Funkcje AI",4999.0,"14 "",  2880 x 1800 pikseli 120 Hz",14.0,2880,1800,5184000,120,16 GB  LPDDR5X RAM,16,512 GB SSD,512,Intel® Core™ Ultra 5 15gen 226V,Intel Core Ultra 5 15gen 226V,Intel,Core Ultra 5,15,Intel®  Arc Graphics 130V,Intel Arc Graphics 130V,Intel,Arc Graphics 130V,,False,False,False,False,True,Windows 11 Home Edition
"Laptop gamingowy Gigabyte Gaming A18 3VHK3EEC94SH 18"" 165Hz R7 260 16GB RAM 1TB Dysk SSD RTX5060 DLSS4 Win11 Czarny Funkcje AI",4999.0,"18 "",  2560 x 1600 pikseli 165 Hz",18.0,2560,1600,4096000,165,16 GB  DDR5 5600 Mhz RAM,16,1 TB SSD,1024,AMD Ryzen™ 7 260,AMD Ryzen 7 260,AMD,Ryzen 7,,NVIDIA® GeForce RTX 5060 + AMD Radeon™ 780M,NVIDIA GeForce RTX 5060 + AMD Radeon 780M,NVIDIA,GeForce RTX 5060,GeForce RTX 5060,True,True,True,True,False,Windows 11 Home Edition
"Apple MacBook Pro 2024 16,2"" M4 Pro 24GB RAM 512GB Dysk macOS Srebrny Funkcje AI",12999.0,"16,2 "",  3456 x 2234 pikseli 120 Hz",16.2,3456,2234,7720704,120,24 GB  zunifikowana RAM,24,512 GB SSD,512,Apple M4 Pro,Apple M4 Pro,Apple,M4 Pro,,Apple  M4 Pro (20-rdzeni),Apple M4 Pro (20-rdzeni),Apple,M4 Pro,,False,False,False,False,False,macOS Sequoia lub nowszy
"Laptop 2w1 Acer Spin 3 SP314-55N-52CF 14"" i5-1235U 16GB RAM 512GB Dysk SSD Win11 Srebrny",1999.0,"14 "", ekran dotykowy 1920 x 1080 pikseli 60 Hz",14.0,1920,1080,2073600,60,16 GB  LPDDR4X RAM,16,512 GB SSD,512,Intel® Core™ i5 12gen 1235U,Intel Core i5 12gen 1235U,Intel,Core i5,12,Intel®  Iris Xe Graphics,Intel Iris Xe Graphics,Intel,Iris Xe,,False,False,False,False,True,Windows 11 Home Edition
"Laptop biznesowy Acer TravelMate P4 16 TMP416-52-TCO 16"" i7-1355U 16GB RAM 512GB Dysk SSD RTX2050 Win11 Pro Czarno-niebieski",2999.0,"16 "",  1920 x 1200 pikseli 60 Hz",16.0,1920,1200,2304000,60,16 GB  DDR4 RAM,16,512 GB SSD,512,Intel® Core™ i7 13gen 1355U,Intel Core i7 13gen 1355U,Intel,Core i7,13,NVIDIA® GeForce RTX 2050 + Intel Iris Xe Graphics,NVIDIA GeForce RTX 2050 + Intel Iris Xe Graphics,NVIDIA,GeForce RTX 2050,GeForce RTX 2050,False,True,True,False,True,Windows 11 Professional
"Laptop gamingowy Acer Nitro 5 AN517-55-51MQ 17,3"" 144Hz i5-12450H 16GB RAM 512GB Dysk SSD RTX4060 DLSS3 Win11 Czarny",3699.0,"17,3 "",  1920 x 1080 pikseli 144 Hz",17.3,1920,1080,2073600,144,16 GB  DDR5 4800 Mhz RAM,16,512 GB SSD,512,Intel® Core™ i5 12gen 12450H,Intel Core i5 12gen 12450H,Intel,Core i5,12,NVIDIA® GeForce RTX™ 4060 + Intel UHD Graphics,NVIDIA GeForce RTX 4060 + Intel UHD Graphics,NVIDIA,GeForce RTX 4060,GeForce RTX 4060,True,True,True,False,True,Windows 11 Home Edition
"Laptop gamingowy Lenovo LOQ 15ARP9 15,6"" 144Hz R5 7235HS 24GB RAM 512GB Dysk SSD RTX3050 Win11 Szary Funkcje AI",3699.0,"15,6 "",  1920 x 1080 pikseli 144 Hz",15.6,1920,1080,2073600,144,24 GB  DDR5 4800 Mhz RAM,24,512 GB SSD,512,AMD Ryzen™ 5 7235HS,AMD Ryzen 5 7235HS,AMD,Ryzen 5,,NVIDIA® GeForce RTX™ 3050,NVIDIA GeForce RTX 3050,NVIDIA,GeForce RTX 3050,GeForce RTX 3050,True,True,True,False,False,Windows 11 Home Edition
"Laptop Lenovo Yoga 7 14IML9 OLED 14"" Ultra 5 125H 16GB RAM 512GB Dysk SSD Win11 + Rysik + Etui Szary Funkcje AI",4699.0,"14 "", ekran dotykowy 1920 x 1200 pikseli 60 Hz",14.0,1920,1200,2304000,60,16 GB  LPDDR5x 7467 Mhz RAM,16,512 GB SSD,512,Intel® Core™ Ultra 5 14gen 125H,Intel Core Ultra 5 14gen 125H,Intel,Core Ultra 5,14,Intel®  Arc Graphics,Intel Arc Graphics,Intel,Arc,,False,False,False,False,True,Windows 11 Home Edition
"Laptop Acer Aspire AL15-32P 15,6"" Celeron N4500 8GB RAM 256GB Dysk SSD Srebrny",1379.0,"15,6 "",  1920 x 1080 pikseli 60 Hz",15.6,1920,1080,2073600,60,8 GB  LPDDR4X RAM,8,256 GB SSD,256,Intel® Celeron® N4500,Intel Celeron N4500,Intel,N4500,,Intel®  UHD Graphics,Intel UHD Graphics,Intel,UHD,,False,False,False,False,True,bez systemu
"Laptop gamingowy Acer Nitro V 15 ANV15-41-R8DQ 15,6"" 165Hz R5 7535HS 16GB RAM 1TB Dysk SSD RTX4060 DLSS3 Win11 Czarny",3499.0,"15,6 "",  1920 x 1080 pikseli 165 Hz",15.6,1920,1080,2073600,165,16 GB  DDR5 RAM,16,1 TB SSD,1024,AMD Ryzen™ 5 7535HS,AMD Ryzen 5 7535HS,AMD,Ryzen 5,,NVIDIA® GeForce RTX™ 4060 + AMD Radeon™ 660M,NVIDIA GeForce RTX 4060 + AMD Radeon 660M,NVIDIA,GeForce RTX 4060,GeForce RTX 4060,True,True,True,True,False,Windows 11 Home Edition
"Laptop gamingowy Gigabyte Gaming A16 CMHI2EE894SH 16"" 165Hz i7-13620H 16GB RAM 1TB Dysk SSD RTX4050 DLSS3 Win11 Czarny",3999.0,"16 "",  1920 x 1200 pikseli 165 Hz",16.0,1920,1200,2304000,165,16 GB  DDR5 5200 Mhz RAM,16,1 TB SSD,1024,Intel® Core™ i7 13gen 13620H,Intel Core i7 13gen 13620H,Intel,Core i7,13,NVIDIA® GeForce RTX 4050 + Intel UHD Graphics,NVIDIA GeForce RTX 4050 + Intel UHD Graphics,NVIDIA,GeForce RTX 4050,GeForce RTX 4050,True,True,True,False,True,Windows 11 Home Edition
"Laptop gamingowy Lenovo LOQ 15IAX9 15,6"" 144Hz i5-12450HX 16GB RAM 1TB Dysk SSD RTX4060 Szary Funkcje AI",4199.0,"15,6 "",  1920 x 1080 pikseli 144 Hz",15.6,1920,1080,2073600,144,16 GB  DDR5 4800 Mhz RAM,16,1 TB SSD,1024,Intel® Core™ i5 12gen 12450HX,Intel Core i5 12gen 12450HX,Intel,Core i5,12,NVIDIA® GeForce RTX™ 4060 + Intel UHD Graphics,NVIDIA GeForce RTX 4060 + Intel UHD Graphics,NVIDIA,GeForce RTX 4060,GeForce RTX 4060,True,True,True,False,True,bez systemu
"Laptop gamingowy Lenovo Legion Slim 5 16AHP9 16"" 240Hz R7 8845HS 16GB RAM 512GB Dysk SSD RTX4060 DLSS3 Win11 Szary Funkcje AI",5299.0,"16 "",  2560 x 1600 pikseli 240 Hz",16.0,2560,1600,4096000,240,16 GB  DDR5 5600 Mhz RAM,16,512 GB SSD,512,AMD Ryzen™ 7 8845HS,AMD Ryzen 7 8845HS,AMD,Ryzen 7,,NVIDIA® GeForce RTX™ 4060 + AMD Radeon™ 780M,NVIDIA GeForce RTX 4060 + AMD Radeon 780M,NVIDIA,GeForce RTX 4060,GeForce RTX 4060,True,True,True,True,False,Windows 11 Home Edition
"Laptop ASUS Vivobook S 14 OLED S5406SA-PP041W 14"" 120Hz Ultra 7 258V 32GB RAM 1TB Dysk SSD Win11 Czarny Funkcje AI",6699.0,"14 "",  2880 x 1800 pikseli 120 Hz",14.0,2880,1800,5184000,120,32 GB  LPDDR5X RAM,32,1 TB SSD,1024,Intel® Core™ Ultra 7 15gen 258V,Intel Core Ultra 7 15gen 258V,Intel,Core Ultra 7,15,Intel®  Arc Graphics 140V,Intel Arc Graphics 140V,Intel,Arc Graphics 140V,,False,False,False,False,True,Windows 11 Home Edition
"Laptop Acer Aspire 16 A16-71M-59LY OLED 16"" Ultra 5 115U 32GB RAM 512GB Dysk SSD Win11 Szary Funkcje AI",3499.0,"16 "",  2048 x 1280 pikseli 120 Hz",16.0,2048,1280,2621440,120,32 GB  LPDDR5X RAM,32,512 GB SSD,512,Intel® Core™ Ultra 5 14gen 115U,Intel Core Ultra 5 14gen 115U,Intel,Core Ultra 5,14,Intel®  Graphics,Intel Graphics,Intel,,,False,False,False,False,True,Windows 11 Home Edition
"Laptop gamingowy Acer Nitro V 15 ANV15-51-52X2 15,6"" 144Hz i5-13420H 16GB RAM 1TB Dysk SSD RTX3050 Win11 Czarny",4399.0,"15,6 "",  1920 x 1080 pikseli 144 Hz",15.6,1920,1080,2073600,144,16 GB  DDR5 RAM,16,1 TB SSD,1024,Intel® Core™ i5 13gen 13420H,Intel Core i5 13gen 13420H,Intel,Core i5,13,NVIDIA® GeForce RTX™ 3050 + Intel UHD Graphics,NVIDIA GeForce RTX 3050 + Intel UHD Graphics,NVIDIA,GeForce RTX 3050,GeForce RTX 3050,True,True,True,False,True,Windows 11 Home Edition
"Laptop gamingowy Lenovo LOQ 15IRX10 15,6"" 144Hz i5-13450HX 16GB RAM 1TB Dysk SSD RTX5050 DLSS4 Win11 Szary Funkcje AI",5099.0,"15,6 "",  1920 x 1080 pikseli 144 Hz",15.6,1920,1080,2073600,144,16 GB  DDR5 4800 Mhz RAM,16,1 TB SSD,1024,Intel® Core™ i5 13gen 13450HX,Intel Core i5 13gen 13450HX,Intel,Core i5,13,NVIDIA® GeForce RTX™ 5050 + Intel UHD Graphics,NVIDIA GeForce RTX 5050 + Intel UHD Graphics,NVIDIA,GeForce RTX 5050,GeForce RTX 5050,True,True,True,False,True,Windows 11 Home Edition
"Laptop Dell 14 Plus 1425-2853 14"" Ultra 7 258V 32GB RAM 1TB Dysk SSD Win11 Niebieski Funkcje AI",5999.0,"14 "",  2560 x 1600 pikseli 90 Hz",14.0,2560,1600,4096000,90,32 GB  LPDDR5x 8533 Mhz RAM,32,1 TB SSD,1024,Intel® Core™ Ultra 7 15gen 258V,Intel Core Ultra 7 15gen 258V,Intel,Core Ultra 7,15,Intel®  Arc Graphics,Intel Arc Graphics,Intel,Arc,,False,False,False,False,True,Windows 11 Home Edition
"Laptop Lenovo IdeaPad Slim 3 15AMN8 15,6"" R3 7320U 8GB RAM 512GB Dysk SSD Win11 Szary",1899.0,"15,6 "",  1920 x 1080 pikseli 60 Hz",15.6,1920,1080,2073600,60,8 GB  LPDDR5 5500 Mhz RAM,8,512 GB SSD,512,AMD Ryzen™ 3 7320U,AMD Ryzen 3 7320U,AMD,Ryzen 3,,AMD  Radeon™ 610M,AMD Radeon 610M,AMD,Radeon 610M,,False,False,False,True,False,Windows 11 Home Edition
"Laptop biznesowy HP 250 G10 15,6"" i5-1334U 16GB RAM 512GB Dysk SSD Win11 Pro Srebrny",2169.0,"15,6 "",  1920 x 1080 pikseli",15.6,1920,1080,2073600,,16 GB  DDR4 3200 MHz RAM,16,512 GB SSD,512,Intel® Core™ i5 13gen 1334U,Intel Core i5 13gen 1334U,Intel,Core i5,13,Intel®  UHD Graphics,Intel UHD Graphics,Intel,UHD,,False,False,False,False,True,Windows 11 Professional
"Laptop Acer Aspire 16 A16-71M-56FP OLED 16"" Ultra 5 115U 16GB RAM 512GB Dysk SSD Win11 Szary Funkcje AI",2499.0,"16 "",  2048 x 1280 pikseli 120 Hz",16.0,2048,1280,2621440,120,16 GB  LPDDR5X RAM,16,512 GB SSD,512,Intel® Core™ Ultra 5 14gen 115U,Intel Core Ultra 5 14gen 115U,Intel,Core Ultra 5,14,Intel®  Graphics,Intel Graphics,Intel,,,False,False,False,False,True,Windows 11 Home Edition
"Laptop Lenovo IdeaPad Slim 3 16ARP10 16"" R5 7533HS 24GB RAM 1TB Dysk SSD Win11 Szary",2949.0,"16 "",  1920 x 1200 pikseli 60 Hz",16.0,1920,1200,2304000,60,24 GB  DDR5 4800 Mhz RAM,24,1 TB SSD,1024,AMD Ryzen™ 5 7533HS,AMD Ryzen 5 7533HS,AMD,Ryzen 5,,AMD  Radeon™ 660M Graphics,AMD Radeon 660M Graphics,AMD,Radeon 660M,,False,False,False,True,False,Windows 11 Home Edition
"Laptop gamingowy Lenovo Legion 5 15AHP10 OLED 15,1"" 165Hz R7 260 24GB RAM 512GB Dysk SSD RTX5050 DLSS4 Czarny Funkcje AI",4849.0,"15,1 "",  2560 x 1600 pikseli 165 Hz",15.1,2560,1600,4096000,165,24 GB  DDR5 4800 Mhz RAM,24,512 GB SSD,512,AMD Ryzen™ 7 260,AMD Ryzen 7 260,AMD,Ryzen 7,,NVIDIA® GeForce RTX™ 5050 + AMD Radeon™ 780M,NVIDIA GeForce RTX 5050 + AMD Radeon 780M,NVIDIA,GeForce RTX 5050,GeForce RTX 5050,True,True,True,True,False,bez systemu
"Laptop gamingowy Gigabyte Gaming A16 CWHI3EE894SD 16"" 165Hz i7-13620H 16GB RAM 1TB Dysk SSD RTX5070 DLSS4 Czarny",5199.0,"16 "",  1920 x 1200 pikseli 165 Hz",16.0,1920,1200,2304000,165,16 GB  DDR5 5200 Mhz RAM,16,1 TB SSD,1024,Intel® Core™ i7 13gen 13620H,Intel Core i7 13gen 13620H,Intel,Core i7,13,NVIDIA® GeForce RTX 5070 + Intel UHD Graphics,NVIDIA GeForce RTX 5070 + Intel UHD Graphics,NVIDIA,GeForce RTX 5070,GeForce RTX 5070,True,True,True,False,True,bez systemu
"Laptop gamingowy Gigabyte Gaming A16 CWHI3EE894SH 16"" 165Hz i7-13620H 16GB RAM 1TB Dysk SSD RTX5070 DLSS4 Win11 Czarny",5499.0,"16 "",  1920 x 1200 pikseli 165 Hz",16.0,1920,1200,2304000,165,16 GB  DDR5 5200 Mhz RAM,16,1 TB SSD,1024,Intel® Core™ i7 13gen 13620H,Intel Core i7 13gen 13620H,Intel,Core i7,13,NVIDIA® GeForce RTX 5070 + Intel UHD Graphics,NVIDIA GeForce RTX 5070 + Intel UHD Graphics,NVIDIA,GeForce RTX 5070,GeForce RTX 5070,True,True,True,False,True,Windows 11 Home Edition
"Laptop gamingowy Lenovo Legion 5 15ITH6H 15,6"" 165Hz i5-11400H 16GB RAM 512GB Dysk SSD RTX3060 Win11 Czarno-niebieski",6199.0,"15,6 "",  1920 x 1080 pikseli 165 Hz",15.6,1920,1080,2073600,165,16 GB  DDR4 3200 MHz RAM,16,512 GB SSD,512,Intel® Core™ i5 11gen 11400H,Intel Core i5 11gen 11400H,Intel,Core i5,11,NVIDIA® GeForce RTX™ 3060+ Intel UHD Graphics,NVIDIA GeForce RTX 3060+ Intel UHD Graphics,NVIDIA,GeForce RTX 3060,GeForce RTX 3060,True,True,True,False,True,Windows 11 Home Edition
"Laptop Acer Extensa 15 EX215-57-TCO 15,6"" i5-1334U 16GB RAM 512GB Dysk SSD Win11 Srebrny",2399.0,"15,6 "",  1920 x 1080 pikseli 60 Hz",15.6,1920,1080,2073600,60,16 GB  DDR4 RAM,16,512 GB SSD,512,Intel® Core™ i5 13gen 1334U,Intel Core i5 13gen 1334U,Intel,Core i5,13,Intel®  Iris Xe Graphics (działający jako Intel® UHD Graphics),Intel Iris Xe Graphics (działający jako Intel UHD Graphics),Intel,Iris Xe,,False,False,False,False,True,Windows 11 Home Edition
"Laptop Acer Extensa 15 EX215-55-51WD 15,6"" i5-1235U 16GB RAM 1TB Dysk SSD Win11 Szary",2499.0,"15,6 "",  1920 x 1080 pikseli 60 Hz",15.6,1920,1080,2073600,60,16 GB  DDR4 RAM,16,1 TB SSD,1024,Intel® Core™ i5 12gen 1235U,Intel Core i5 12gen 1235U,Intel,Core i5,12,Intel®  Iris Xe Graphics,Intel Iris Xe Graphics,Intel,Iris Xe,,False,False,False,False,True,Windows 11 Home Edition
"Laptop gamingowy Dell G15 Ryzen Edition 5515-9281 15,6"" 120Hz R5 5600H 16GB RAM 512GB Dysk SSD RTX3050 Win11 Szary",3999.0,"15,6 "",  1920 x 1080 pikseli 120 Hz",15.6,1920,1080,2073600,120,16 GB  DDR4 3200 MHz RAM,16,512 GB SSD,512,AMD Ryzen™ 5 5600H,AMD Ryzen 5 5600H,AMD,Ryzen 5,,NVIDIA® GeForce RTX™ 3050 + AMD Radeon™ Graphics,NVIDIA GeForce RTX 3050 + AMD Radeon Graphics,NVIDIA,GeForce RTX 3050,GeForce RTX 3050,True,True,True,True,False,Windows 11 Home Edition
"Laptop gamingowy HP OMEN 16-am0061nw 16"" 144Hz Ultra 7 255H 24GB RAM 1TB Dysk SSD RTX5060 DLSS4 Win11 Czarny Funkcje AI",6999.0,"16 "",  1920 x 1200 pikseli 144 Hz",16.0,1920,1200,2304000,144,24 GB  DDR5 5600 Mhz RAM,24,1 TB SSD,1024,Intel® Core™ Ultra 7 15gen 255H,Intel Core Ultra 7 15gen 255H,Intel,Core Ultra 7,15,NVIDIA® GeForce RTX™ 5060 + Intel Arc 140T Graphics,NVIDIA GeForce RTX 5060 + Intel Arc 140T Graphics,NVIDIA,GeForce RTX 5060,GeForce RTX 5060,True,True,True,False,True,Windows 11 Home Edition
"Laptop Acer Swift Go 14 SFG14-63-R19Q OLED 14"" R5 8645HS 16GB RAM 512GB Dysk SSD Win11 Szary Funkcje AI",2999.0,"14 "",  2880 x 1800 pikseli",14.0,2880,1800,5184000,,16 GB  LPDDR5X RAM,16,512 GB SSD,512,AMD Ryzen™ 5 8645HS,AMD Ryzen 5 8645HS,AMD,Ryzen 5,,AMD Radeon™ 760M,AMD Radeon 760M,AMD,Radeon 760M,,False,False,False,True,False,Windows 11 Home Edition
"Laptop Dell Inspiron 5310-8529 13,3"" i7-11390H 16GB RAM 512GB Dysk SSD Win11 Srebrny",3999.0,"13,3 "",  2560 x 1600 pikseli",13.3,2560,1600,4096000,,16 GB  LPDDR4X 4267 Mhz RAM,16,512 GB SSD,512,Intel® Core™ i7 11gen 11390H,Intel Core i7 11gen 11390H,Intel,Core i7,11,Intel®  Iris Xe Graphics,Intel Iris Xe Graphics,Intel,Iris Xe,,False,False,False,False,True,Windows 11 Home Edition
"Laptop gamingowy Lenovo Legion 5 15ITH6 15,6"" 120Hz i5-11400H 16GB RAM 512GB Dysk SSD RTX3050Ti Win11 Czarno-niebieski",4899.0,"15,6 "",  1920 x 1080 pikseli 120 Hz",15.6,1920,1080,2073600,120,16 GB  DDR4 3200 MHz RAM,16,512 GB SSD,512,Intel® Core™ i5 11gen 11400H,Intel Core i5 11gen 11400H,Intel,Core i5,11,NVIDIA® GeForce RTX™ 3050 Ti+ Intel UHD Graphics,NVIDIA GeForce RTX 3050 Ti+ Intel UHD Graphics,NVIDIA,GeForce RTX 3050 Ti,GeForce RTX 3050 Ti,True,True,True,False,True,Windows 11 Home Edition
"Laptop Dell 16 Plus 1625-2891 16"" Ultra 7 258V 32GB RAM 1TB Dysk SSD Win11 Niebieski Funkcje AI",5999.0,"16 "", ekran dotykowy 1920 x 1200 pikseli 60 Hz",16.0,1920,1200,2304000,60,32 GB  LPDDR5x 8533 Mhz RAM,32,1 TB SSD,1024,Intel® Core™ Ultra 7 15gen 258V,Intel Core Ultra 7 15gen 258V,Intel,Core Ultra 7,15,Intel®  Arc Graphics,Intel Arc Graphics,Intel,Arc,,False,False,False,False,True,Windows 11 Home Edition
"Laptop Lenovo Yoga Slim 7 15ILL9 Aura Edition 15,3"" Ultra 7 256V 16GB RAM 1TB Dysk SSD Win11 Szary Funkcje AI",6199.0,"15,3"", ekran dotykowy 2880 x 1800 pikseli 120 Hz",15.3,2880,1800,5184000,120,16 GB  LPDDR5x 8533 Mhz RAM,16,1 TB SSD,1024,Intel® Core™ Ultra 7 14gen 256V,Intel Core Ultra 7 14gen 256V,Intel,Core Ultra 7,14,Intel®  Arc™ Graphics 140V,Intel Arc Graphics 140V,Intel,Arc Graphics 140V,,False,False,False,False,True,Windows 11 Home Edition
"Laptop gamingowy Lenovo Legion 9 18IAX10 18"" 240Hz Ultra 9 275HX 64GB RAM 2TB Dysk SSD RTX5090 DLSS4 Win11 Pro Czarny Funkcje AI",22499.0,"18 "",  3840 x 2400 pikseli 240 Hz",18.0,3840,2400,9216000,240,64 GB  DDR5 5200 Mhz RAM,64,2 TB SSD,2048,Intel® Core™ Ultra 9 15gen 275HX,Intel Core Ultra 9 15gen 275HX,Intel,Core Ultra 9,15,NVIDIA® GeForce RTX™ 5090 + Intel Graphics,NVIDIA GeForce RTX 5090 + Intel Graphics,NVIDIA,GeForce RTX 5090,GeForce RTX 5090,True,True,True,False,True,Windows 11 Professional
"Laptop Huawei MateBook D 15 15,6"" i5-10210U 8GB RAM 512GB Dysk SSD Win10 Srebrny",2699.0,"15,6 "",  1920 x 1080 pikseli",15.6,1920,1080,2073600,,8 GB  DDR4 RAM,8,512 GB SSD,512,Intel® Core™ i5 10gen 10210U,Intel Core i5 10gen 10210U,Intel,Core i5,10,Intel®  UHD Graphics,Intel UHD Graphics,Intel,UHD,,False,False,False,False,True,Windows 10 Home Edition
"Laptop Lenovo IdeaPad Slim 3 16ABR8 16"" R5 7530U 16GB RAM 512GB Dysk SSD Win11 Szary",2899.0,"16 "",  1920 x 1200 pikseli 60 Hz",16.0,1920,1200,2304000,60,16 GB  DDR4 3200 MHz RAM,16,512 GB SSD,512,AMD Ryzen™ 5 7530U,AMD Ryzen 5 7530U,AMD,Ryzen 5,,AMD  Radeon™ Graphics,AMD Radeon Graphics,AMD,Radeon,,False,False,False,True,False,Windows 11 Home Edition
"Laptop Dell Inspiron 5310-8482 13,3"" i5-11320H 16GB RAM 512GB Dysk SSD Win11 Srebrny",2999.0,"13,3 "",  2560 x 1600 pikseli",13.3,2560,1600,4096000,,16 GB  LPDDR4X 4267 Mhz RAM,16,512 GB SSD,512,Intel® Core™ i5 11gen 11320H,Intel Core i5 11gen 11320H,Intel,Core i5,11,Intel®  Iris Xe Graphics,Intel Iris Xe Graphics,Intel,Iris Xe,,False,False,False,False,True,Windows 11 Home Edition
"Laptop gamingowy Gigabyte AERO X16 16"" 165Hz Ryzen AI 7 350 16GB RAM 1TB Dysk SSD RTX5050 DLSS4 Win11 Szary Funkcje AI",4699.0,"16 "",  2560 x 1600 pikseli 165 Hz",16.0,2560,1600,4096000,165,16 GB  DDR5 5600 Mhz RAM,16,1 TB SSD,1024,AMD Ryzen™ AI 7 350,AMD Ryzen AI 7 350,AMD,Ryzen AI 7,,NVIDIA® GeForce RTX 5050 + AMD Radeon™ 860M,NVIDIA GeForce RTX 5050 + AMD Radeon 860M,NVIDIA,GeForce RTX 5050,GeForce RTX 5050,True,True,True,True,False,Windows 11 Home Edition
"Laptop HP Victus 15-fb3035nw 15,6"" 144Hz R7 260 16GB RAM 512GB Dysk SSD RTX5050 DLSS4 Win11 Czarno-srebrny Funkcje AI",5299.0,"15,6 "",  1920 x 1080 pikseli 144 Hz",15.6,1920,1080,2073600,144,16 GB  DDR5 5600 Mhz RAM,16,512 GB SSD,512,AMD Ryzen™ 7 260,AMD Ryzen 7 260,AMD,Ryzen 7,,NVIDIA® GeForce GTX™ 5050 + AMD Radeon™ 780M,NVIDIA GeForce GTX 5050 + AMD Radeon 780M,NVIDIA,GeForce GTX 5050,GeForce GTX 5050,False,True,True,True,False,Windows 11 Home Edition
"Laptop gamingowy Lenovo LOQ 15IRX10 15,6"" 144Hz i7-13650HX 32GB RAM 1TB Dysk SSD RTX5070 DLSS4 Win11 Szary Funkcje AI",7099.0,"15,6 "",  1920 x 1080 pikseli 144 Hz",15.6,1920,1080,2073600,144,32 GB  DDR5 4800 Mhz RAM,32,1 TB SSD,1024,Intel® Core™ i7 13gen 13650HX,Intel Core i7 13gen 13650HX,Intel,Core i7,13,NVIDIA® GeForce RTX™ 5070 + Intel UHD Graphics,NVIDIA GeForce RTX 5070 + Intel UHD Graphics,NVIDIA,GeForce RTX 5070,GeForce RTX 5070,True,True,True,False,True,Windows 11 Home Edition
"Laptop ASUS ProArt P16 H7606WV OLED 16"" Ryzen AI 9 HX 370 32GB RAM 1TB Dysk SSD RTX5060 DLSS4 Win11 Pro Czarny Funkcje AI",10999.0,"16 "", ekran dotykowy 3840 x 2400 pikseli 60 Hz",16.0,3840,2400,9216000,60,32 GB  LPDDR5X RAM,32,1 TB SSD,1024,AMD Ryzen™ AI 9 HX 370,AMD Ryzen AI 9 HX 370,AMD,Ryzen AI 9,,NVIDIA® GeForce RTX 5060 + AMD Radeon 890M,NVIDIA GeForce RTX 5060 + AMD Radeon 890M,NVIDIA,GeForce RTX 5060,GeForce RTX 5060,False,True,True,True,False,Windows 11 Professional
"Laptop Lenovo IdeaPad 3 17IAU7 17,3"" i3-1215U 8GB RAM 512GB Dysk SSD Win11 Szary",2099.0,"17,3 "",  1920 x 1080 pikseli 60 Hz",17.3,1920,1080,2073600,60,8 GB  DDR4 3200 MHz RAM,8,512 GB SSD,512,Intel® Core™ i3 12gen 1215U,Intel Core i3 12gen 1215U,Intel,Core i3,12,Intel®  UHD Graphics,Intel UHD Graphics,Intel,UHD,,False,False,False,False,True,Windows 11 Home Edition
"Laptop Dell Inspiron 15 5515-8154 15,6"" R5 5500U 16GB RAM 512GB Dysk SSD Win11 Srebrny",2499.0,"15,6 "",  1920 x 1080 pikseli",15.6,1920,1080,2073600,,16 GB  DDR4 3200 MHz RAM,16,512 GB SSD,512,AMD Ryzen™ 5 5500U,AMD Ryzen 5 5500U,AMD,Ryzen 5,,AMD  Radeon™ Graphics,AMD Radeon Graphics,AMD,Radeon,,False,False,False,True,False,Windows 11 Home Edition
"Laptop Lenovo IdeaPad Slim 3 16ARP10 16"" R5 7533HS 24GB RAM 512GB Dysk SSD Win11 Szary",2749.0,"16 "",  1920 x 1200 pikseli 60 Hz",16.0,1920,1200,2304000,60,24 GB  DDR5 4800 Mhz RAM,24,512 GB SSD,512,AMD Ryzen™ 5 7533HS,AMD Ryzen 5 7533HS,AMD,Ryzen 5,,AMD  Radeon™ 660M Graphics,AMD Radeon 660M Graphics,AMD,Radeon 660M,,False,False,False,True,False,Windows 11 Home Edition
"Laptop Dell Latitude 3550 15,6"" i5-1335U 16GB RAM 512GB Dysk SSD Win11 Pro Szary",2999.0,"15,6 "",  1920 x 1080 pikseli 60 Hz",15.6,1920,1080,2073600,60,16 GB  DDR5 5200 Mhz RAM,16,512 GB SSD,512,Intel® Core™ i5 13gen 1335U,Intel Core i5 13gen 1335U,Intel,Core i5,13,Intel®  Iris Xe Graphics,Intel Iris Xe Graphics,Intel,Iris Xe,,False,False,False,False,True,Windows 11 Professional
"Laptop Lenovo ThinkBook 16 G6 IRL 16"" i5-13420H 16GB RAM 512GB Dysk SSD Win11 Pro Szary",3399.0,"16 "",  1920 x 1200 pikseli 60 Hz",16.0,1920,1200,2304000,60,16 GB  DDR5 5200 Mhz RAM,16,512 GB SSD,512,Intel® Core™ i5 13gen 13420H,Intel Core i5 13gen 13420H,Intel,Core i5,13,Intel®  UHD Graphics,Intel UHD Graphics,Intel,UHD,,False,False,False,False,True,Windows 11 Professional
"Laptop ASUS Vivobook 16 V3607VU-RP038W 16"" 144Hz  Core 5 210H 16GB RAM 512GB Dysk SSD RTX4050 Win11 Czarny Funkcje AI",3599.0,"16 "",  1920 x 1200 pikseli 144 Hz",16.0,1920,1200,2304000,144,16 GB  DDR5 RAM,16,512 GB SSD,512,Intel® Core™ 5 210H,Intel Core 5 210H,Intel,Core 5,,NVIDIA® GeForce RTX 4050 + Intel Graphics,NVIDIA GeForce RTX 4050 + Intel Graphics,NVIDIA,GeForce RTX 4050,GeForce RTX 4050,False,True,True,False,True,Windows 11 Home Edition
"Laptop Lenovo IdeaPad Slim 5 16IRH10 OLED 16"" i7-13620H 16GB RAM 512GB Dysk SSD Win11 Szary",4099.0,"16 "",  2880 x 1800 pikseli 120 Hz",16.0,2880,1800,5184000,120,16 GB  DDR5 5600 Mhz RAM,16,512 GB SSD,512,Intel® Core™ i7 13gen 13620H,Intel Core i7 13gen 13620H,Intel,Core i7,13,Intel®  UHD Graphics,Intel UHD Graphics,Intel,UHD,,False,False,False,False,True,Windows 11 Home Edition
"Laptop Lenovo ThinkBook 16 G6 IRL 16"" i7-13700H 16GB RAM 512GB Dysk SSD Win11 Pro Szary",4749.0,"16 "",  1920 x 1200 pikseli 60 Hz",16.0,1920,1200,2304000,60,16 GB  DDR5 5200 Mhz RAM,16,512 GB SSD,512,Intel® Core™ i7 13gen 13700H,Intel Core i7 13gen 13700H,Intel,Core i7,13,Intel®  UHD Graphics,Intel UHD Graphics,Intel,UHD,,False,False,False,False,True,Windows 11 Professional
"Laptop Acer TravelMate P2 TMP215-55-TCO 15,6"" Core 5 120U 16GB RAM 512GB Dysk SSD Srebrny Funkcje AI",1999.0,"15,6 "",  1920 x 1080 pikseli 60 Hz",15.6,1920,1080,2073600,60,16 GB  DDR5 5200 Mhz RAM,16,512 GB SSD,512,Intel® Core™ 5 14gen 120U,Intel Core 5 14gen 120U,Intel,Core 5,14,Intel®  Graphics,Intel Graphics,Intel,,,False,False,False,False,True,bez systemu
"Laptop Dell Inspiron 15 3511-8321 15,6"" i5-1135G7 8GB RAM 512GB Dysk SSD Win11 Czarny",1999.0,"15,6 "",  1920 x 1080 pikseli",15.6,1920,1080,2073600,,8 GB  DDR4 3200 MHz RAM,8,512 GB SSD,512,Intel® Core™ i5 11gen 1135G7,Intel Core i5 11gen 1135G7,Intel,Core i5,11,Intel®  UHD Graphics,Intel UHD Graphics,Intel,UHD,,False,False,False,False,True,Windows 11 Home Edition
"Laptop Lenovo IdeaPad Slim 3 16ARP10 16"" R5 7533HS 16GB RAM 1TB Dysk SSD Win11 Szary",2799.0,"16 "",  1920 x 1200 pikseli 60 Hz",16.0,1920,1200,2304000,60,16 GB  DDR5 4800 Mhz RAM,16,1 TB SSD,1024,AMD Ryzen™ 5 7533HS,AMD Ryzen 5 7533HS,AMD,Ryzen 5,,AMD  Radeon™ 660M Graphics,AMD Radeon 660M Graphics,AMD,Radeon 660M,,False,False,False,True,False,Windows 11 Home Edition
"Laptop biznesowy Lenovo V15 G4 IRU 15,6"" i5-13420H 16GB RAM 512GB Dysk SSD Win11 Pro Czarny",2829.0,"15,6 "",  1920 x 1080 pikseli 60 Hz",15.6,1920,1080,2073600,60,16 GB  DDR4 3200 MHz RAM,16,512 GB SSD,512,Intel® Core™ i5 13gen 13420H,Intel Core i5 13gen 13420H,Intel,Core i5,13,Intel®  UHD Graphics,Intel UHD Graphics,Intel,UHD,,False,False,False,False,True,Windows 11 Professional
"Laptop gamingowy MSI Thin 15 B13VE-3091XPL 15,6"" 144Hz i5-13420H 16GB RAM 512GB Dysk SSD RTX4050 DLSS3 Szary",3699.0,"15,6 "",  1920 x 1080 pikseli 144 Hz",15.6,1920,1080,2073600,144,16 GB  DDR4 3200 MHz RAM,16,512 GB SSD,512,Intel® Core™ i5 13gen 13420H,Intel Core i5 13gen 13420H,Intel,Core i5,13,NVIDIA® GeForce RTX™ 4050 + Intel UHD Graphics,NVIDIA GeForce RTX 4050 + Intel UHD Graphics,NVIDIA,GeForce RTX 4050,GeForce RTX 4050,True,True,True,False,True,bez systemu
"Laptop gamingowy Lenovo LOQ 15IAX9 15,6"" 144Hz i5-12450HX 16GB RAM 512GB Dysk SSD RTX3050 Szary",3799.0,"15,6 "",  1920 x 1080 pikseli 144 Hz",15.6,1920,1080,2073600,144,16 GB  DDR5 4800 Mhz RAM,16,512 GB SSD,512,Intel® Core™ i5 12gen 12450HX,Intel Core i5 12gen 12450HX,Intel,Core i5,12,NVIDIA® GeForce RTX™ 3050 + Intel UHD Graphics,NVIDIA GeForce RTX 3050 + Intel UHD Graphics,NVIDIA,GeForce RTX 3050,GeForce RTX 3050,True,True,True,False,True,bez systemu
"Laptop biznesowy ASUS ExpertBook B3 B3605CVA-MB0862X 16"" Core 5 120U 16GB RAM 1TB Dysk SSD Win11 Pro Szary",3999.0,"16 "",  1920 x 1200 pikseli 60 Hz",16.0,1920,1200,2304000,60,16 GB  DDR5 RAM,16,1 TB SSD,1024,Intel® Core™ 5 14gen 120U,Intel Core 5 14gen 120U,Intel,Core 5,14,Intel®  Graphics,Intel Graphics,Intel,,,False,False,False,False,True,Windows 11 Professional
"Laptop 2w1 Lenovo Yoga 7 2-in-1 14AKP10 OLED 14"" Ryzen AI 5 340 16GB RAM 1TB Dysk SSD Win11 Zielony Funkcje AI",4699.0,"14 "", ekran dotykowy 1920 x 1200 pikseli 60 Hz",14.0,1920,1200,2304000,60,16 GB  LPDDR5x 7500 Mhz RAM,16,1 TB SSD,1024,AMD Ryzen™ AI 5 340,AMD Ryzen AI 5 340,AMD,Ryzen AI 5,,AMD  Radeon™ 840M Graphics,AMD Radeon 840M Graphics,AMD,Radeon 840M,,False,False,False,True,False,Windows 11 Home Edition
"Laptop Lenovo Yoga Book 9 14IAH10 OLED 2x 14"" Ultra 7 255H 32GB RAM 1TB Dysk SSD Win11 Pro Srebrno-niebieski Funkcje AI",10999.0,"14 "", ekran dotykowy 2880 x 1800 pikseli 120 Hz",14.0,2880,1800,5184000,120,32 GB  LPDDR5x 8400 Mhz RAM,32,1 TB SSD,1024,Intel® Core™ Ultra 7 14gen 255H,Intel Core Ultra 7 14gen 255H,Intel,Core Ultra 7,14,Intel®  Arc™ 140T,Intel Arc 140T,Intel,Arc 140T,,False,False,False,False,True,Windows 11 Professional
"Laptop Lenovo IdeaPad 3 17IAU7 17,3"" i5-1235U 8GB RAM 512GB Dysk SSD Win11 Szary",2599.0,"17,3 "",  1920 x 1080 pikseli 60 Hz",17.3,1920,1080,2073600,60,8 GB  DDR4 3200 MHz RAM,8,512 GB SSD,512,Intel® Core™ i5 12gen 1235U,Intel Core i5 12gen 1235U,Intel,Core i5,12,Intel®  Iris Xe Graphics (działający jako Intel® UHD Graphics),Intel Iris Xe Graphics (działający jako Intel UHD Graphics),Intel,Iris Xe,,False,False,False,False,True,Windows 11 Home Edition
"Laptop ASUS Vivobook 16 X1605VA-SH2128 16"" i5-13420H 16GB RAM 512GB Dysk SSD Czarny",2799.0,"16 "",  1920 x 1200 pikseli 60 Hz",16.0,1920,1200,2304000,60,16 GB  DDR4 RAM,16,512 GB SSD,512,Intel® Core™ i5 13gen 13420H,Intel Core i5 13gen 13420H,Intel,Core i5,13,Intel®  UHD Graphics,Intel UHD Graphics,Intel,UHD,,False,False,False,False,True,bez systemu
"Laptop biznesowy HP ProBook 450 G10 15,6"" i5-1334U 16GB RAM 512GB Dysk SSD Win11 Srebrny",2799.0,"15,6 "",  1920 x 1080 pikseli 60 Hz",15.6,1920,1080,2073600,60,16 GB  DDR4 3200 MHz RAM,16,512 GB SSD,512,Intel® Core™ i5 13gen 1334U,Intel Core i5 13gen 1334U,Intel,Core i5,13,Intel®  Iris Xe Graphics (działający jako Intel UHD Graphics),Intel Iris Xe Graphics (działający jako Intel UHD Graphics),Intel,Iris Xe,,False,False,False,False,True,Windows 11 Home Edition
"Laptop ultrabook MSI Modern 14 H D13MG-095PL 14"" i5-13420H 16GB RAM 512GB Dysk SSD Win11 Czarny",2999.0,"14 "",  1920 x 1200 pikseli 60 Hz",14.0,1920,1200,2304000,60,16 GB  DDR4 3200 MHz RAM,16,512 GB SSD,512,Intel® Core™ i5 13gen 13420H,Intel Core i5 13gen 13420H,Intel,Core i5,13,Intel®  UHD Graphics,Intel UHD Graphics,Intel,UHD,,False,False,False,False,True,Windows 11 Home Edition
"Laptop gamingowy Lenovo LOQ 15IAX9E 15,6"" 144Hz i5-12450HX 16GB RAM 512GB Dysk SSD RTX2050 Win11 Szary",3199.0,"15,6 "",  1920 x 1080 pikseli 144 Hz",15.6,1920,1080,2073600,144,16 GB  DDR5 4800 Mhz RAM,16,512 GB SSD,512,Intel® Core™ i5 12gen 12450HX,Intel Core i5 12gen 12450HX,Intel,Core i5,12,NVIDIA® GeForce RTX™ 2050 + Intel UHD Graphics,NVIDIA GeForce RTX 2050 + Intel UHD Graphics,NVIDIA,GeForce RTX 2050,GeForce RTX 2050,True,True,True,False,True,Windows 11 Home Edition
"Laptop biznesowy Dell Inspiron 14 5440-7425 14"" Core 5 120U 16GB RAM 1TB Dysk SSD Win11 Pro Szaro-niebieski Funkcje AI",3499.0,"14 "",  1920 x 1200 pikseli 60 Hz",14.0,1920,1200,2304000,60,16 GB  DDR5 5200 Mhz RAM,16,1 TB SSD,1024,Intel® Core™ 5 14gen 120U,Intel Core 5 14gen 120U,Intel,Core 5,14,Intel®  Graphics,Intel Graphics,Intel,,,False,False,False,False,True,Windows 11 Professional
"Laptop Lenovo Yoga Slim 6 14IRH8 OLED 14"" i5-13500H 16GB RAM 512GB Dysk SSD Win11 Szary",4199.0,"14 "",  1920 x 1200 pikseli 60 Hz",14.0,1920,1200,2304000,60,16 GB  LPDDR5x 5200 Mhz RAM,16,512 GB SSD,512,Intel® Core™ i5 13gen 13500H,Intel Core i5 13gen 13500H,Intel,Core i5,13,Intel®  Iris Xe Graphics,Intel Iris Xe Graphics,Intel,Iris Xe,,False,False,False,False,True,Windows 11 Home Edition
"Apple MacBook Air 2024 13,6"" M3 24GB RAM 512GB Dysk macOS Gwiezdna Szarość",5499.0,"13,6 "",  2560 x 1664 pikseli",13.6,2560,1664,4259840,,24 GB  zunifikowana RAM,24,512 GB SSD,512,Apple M3,Apple M3,Apple,M3,,Apple  M3 (10-rdzeni),Apple M3 (10-rdzeni),Apple,M3,,False,False,False,False,False,macOS Sonoma lub nowszy
"Laptop ASUS ZenBook Duo UX8406CA-PZ067X OLED 14"" 120Hz Ultra 7 255H 32GB RAM 1TB Dysk SSD Win11 Pro Szary Funkcje AI",7999.0,"14 "", ekran dotykowy 2880 x 1800 pikseli 120 Hz",14.0,2880,1800,5184000,120,32 GB  LPDDR5X RAM,32,1 TB SSD,1024,Intel® Core™ Ultra 7 15gen 255H,Intel Core Ultra 7 15gen 255H,Intel,Core Ultra 7,15,Intel®  Arc 140T,Intel Arc 140T,Intel,Arc 140T,,False,False,False,False,True,Windows 11 Professional
"Laptop Lenovo Yoga Slim 9 14ILL10 OLED 14"" Ultra 7 258V 32GB RAM 1TB Dysk SSD Win11 Zielony Funkcje AI",8999.0,"14 "", ekran dotykowy 3840 x 2400 pikseli 120 Hz",14.0,3840,2400,9216000,120,32 GB  LPDDR5x 8533 Mhz RAM,32,1 TB SSD,1024,Intel® Core™ Ultra 7 15gen 258V,Intel Core Ultra 7 15gen 258V,Intel,Core Ultra 7,15,Intel®  Arc™ 140V Graphics,Intel Arc 140V Graphics,Intel,Arc 140V,,False,False,False,False,True,Windows 11 Home Edition
"Laptop Acer Chromebook Plus 515 CBE595-2-TCO-510B 15,6"" i5-1334U 16GB RAM 512GB Dysk SSD ChromeOS Szary Funkcje AI",1999.0,"15,6 "",  1920 x 1080 pikseli 60 Hz",15.6,1920,1080,2073600,60,16 GB  LPDDR5X RAM,16,512 GB SSD,512,Intel® Core™ i5 13gen 1334U,Intel Core i5 13gen 1334U,Intel,Core i5,13,Intel®  Iris Xe Graphics,Intel Iris Xe Graphics,Intel,Iris Xe,,False,False,False,False,True,Chrome OS
"Laptop Acer Aspire Lite 16 AL16-52P 16"" i5-1334U 16GB RAM 512GB Dysk SSD Win11 Srebrny",2399.0,"16 "",  1920 x 1200 pikseli 60 Hz",16.0,1920,1200,2304000,60,16 GB  DDR5 4800 Mhz RAM,16,512 GB SSD,512,Intel® Core™ i5 13gen 1334U,Intel Core i5 13gen 1334U,Intel,Core i5,13,Intel®  Iris Xe Graphics (działający jako Intel® UHD Graphics),Intel Iris Xe Graphics (działający jako Intel UHD Graphics),Intel,Iris Xe,,False,False,False,False,True,Windows 11 Home Edition
"Laptop biznesowy Dell Vostro 3530 15,6"" i5-1334U 16GB RAM 512GB Dysk SSD Win11 Pro Czarny",2459.0,"15,6 "",  1920 x 1080 pikseli 120 Hz",15.6,1920,1080,2073600,120,16 GB  DDR4 2666 MHz RAM,16,512 GB SSD,512,Intel® Core™ i5 13gen 1334U,Intel Core i5 13gen 1334U,Intel,Core i5,13,Intel®  Iris Xe Graphics,Intel Iris Xe Graphics,Intel,Iris Xe,,False,False,False,False,True,Windows 11 Professional
"Laptop Dell Inspiron 3520-4261 15,6"" 120Hz i5-1235U 16GB RAM 512GB Dysk SSD Win11",2999.0,"15,6 "",  1920 x 1080 pikseli 120 Hz",15.6,1920,1080,2073600,120,16 GB  DDR4 2666 MHz RAM,16,512 GB SSD,512,Intel® Core™ i5 12gen 1235U,Intel Core i5 12gen 1235U,Intel,Core i5,12,Intel®  Iris Xe Graphics,Intel Iris Xe Graphics,Intel,Iris Xe,,False,False,False,False,True,Windows 11 Home Edition
"Laptop gamingowy MSI Thin 15 B12UC-1621XPL 15,6"" 144Hz i5-12450H 16GB RAM 512GB Dysk SSD RTX3050 Szary",3149.0,"15,6 "",  1920 x 1080 pikseli 144 Hz",15.6,1920,1080,2073600,144,16 GB  DDR4 3200 MHz RAM,16,512 GB SSD,512,Intel® Core™ i5 12gen 12450H,Intel Core i5 12gen 12450H,Intel,Core i5,12,NVIDIA® GeForce RTX™ 3050 + Intel UHD Graphics,NVIDIA GeForce RTX 3050 + Intel UHD Graphics,NVIDIA,GeForce RTX 3050,GeForce RTX 3050,True,True,True,False,True,bez systemu
"Laptop HP 15-fd1217nw 15,6"" Ultra 7 155H 16GB RAM 512GB Dysk SSD Win11 Srebrny Funkcje AI",3499.0,"15,6 "",  1920 x 1080 pikseli",15.6,1920,1080,2073600,,16 GB  DDR5 5600 Mhz RAM,16,512 GB SSD,512,Intel® Core™ Ultra 7 14gen 155H,Intel Core Ultra 7 14gen 155H,Intel,Core Ultra 7,14,Intel®  Arc™ Graphics,Intel Arc Graphics,Intel,Arc,,False,False,False,False,True,Windows 11 Home Edition
"Laptop Huawei MateBook D 16 16"" i5-12450H 16GB RAM 512GB Dysk SSD Win11 Szary",3999.0,"16 "",  1920 x 1200 pikseli",16.0,1920,1200,2304000,,16 GB  LPDDR4X RAM,16,512 GB SSD,512,Intel® Core™ i5 12gen 12450H,Intel Core i5 12gen 12450H,Intel,Core i5,12,Intel®  UHD Graphics,Intel UHD Graphics,Intel,UHD,,False,False,False,False,True,Windows 11 Home Edition
"Laptop gamingowy Lenovo IdeaPad Gaming 3 15ACH6 15,6"" 120Hz R5 5600H 16GB RAM 512GB Dysk SSD RTX3050Ti Czarny",4199.0,"15,6 "",  1920 x 1080 pikseli 120 Hz",15.6,1920,1080,2073600,120,16 GB  DDR4 3200 MHz RAM,16,512 GB SSD,512,AMD Ryzen™ 5 5600H,AMD Ryzen 5 5600H,AMD,Ryzen 5,,NVIDIA® GeForce RTX™ 3050 Ti + AMD Radeon™  Graphics,NVIDIA GeForce RTX 3050 Ti + AMD Radeon Graphics,NVIDIA,GeForce RTX 3050 Ti,GeForce RTX 3050 Ti,True,True,True,True,False,bez systemu
"Laptop ultrabook realme Book Prime 14"" i5-11320H 16GB RAM 512GB Dysk SSD Win11 Szary",4699.0,"14 "",  2160 x 1440 pikseli 60 Hz",14.0,2160,1440,3110400,60,16 GB  LPDDR4X RAM,16,512 GB SSD,512,Intel® Core™ i5 11gen 11320H,Intel Core i5 11gen 11320H,Intel,Core i5,11,Intel®  Iris Xe Graphics,Intel Iris Xe Graphics,Intel,Iris Xe,,False,False,False,False,True,Windows 11 Home Edition
"Laptop gamingowy MSI Katana 17 B13VFK-841XPL 17,3"" 144Hz i7-13620H 16GB RAM 1TB Dysk SSD RTX4060 DLSS3 Czarny",4899.0,"17,3 "",  1920 x 1080 pikseli 144 Hz",17.3,1920,1080,2073600,144,16 GB  DDR5 5200 Mhz RAM,16,1 TB SSD,1024,Intel® Core™ i7 13gen 13620H,Intel Core i7 13gen 13620H,Intel,Core i7,13,NVIDIA® GeForce RTX™ 4060 + Intel UHD Graphics,NVIDIA GeForce RTX 4060 + Intel UHD Graphics,NVIDIA,GeForce RTX 4060,GeForce RTX 4060,True,True,True,False,True,bez systemu
"Laptop Huawei MateBook 16s 16"" i7-12700H 16GB RAM 1TB Dysk SSD Win11 Szary",4999.0,"16 "",  2520 x 1680 pikseli",16.0,2520,1680,4233600,,16 GB  LPDDR5 RAM,16,1 TB SSD,1024,Intel® Core™ i7 12gen 12700H,Intel Core i7 12gen 12700H,Intel,Core i7,12,Intel®  Iris Xe Graphics,Intel Iris Xe Graphics,Intel,Iris Xe,,False,False,False,False,True,Windows 11 Home Edition
"Laptop gamingowy Lenovo Legion 5 15IAH7H 15,6"" 165Hz i5-12500H 16GB RAM 512GB Dysk SSD RTX3060 Szary",4999.0,"15,6 "",  2560 x 1440 pikseli 165 Hz",15.6,2560,1440,3686400,165,16 GB  DDR5 4800 Mhz RAM,16,512 GB SSD,512,Intel® Core™ i5 12gen 12500H,Intel Core i5 12gen 12500H,Intel,Core i5,12,NVIDIA® GeForce RTX™ 3060 + Intel Iris Xe Graphics,NVIDIA GeForce RTX 3060 + Intel Iris Xe Graphics,NVIDIA,GeForce RTX 3060,GeForce RTX 3060,True,True,True,False,True,bez systemu
"Laptop gamingowy Lenovo LOQ 15IAX9 15,6"" 144Hz i5-12450HX 16GB RAM 512GB Dysk SSD RTX4060 Szary Funkcje AI",5149.0,"15,6 "",  1920 x 1080 pikseli 144 Hz",15.6,1920,1080,2073600,144,16 GB  DDR5 4800 Mhz RAM,16,512 GB SSD,512,Intel® Core™ i5 12gen 12450HX,Intel Core i5 12gen 12450HX,Intel,Core i5,12,NVIDIA® GeForce RTX™ 4060 + Intel UHD Graphics,NVIDIA GeForce RTX 4060 + Intel UHD Graphics,NVIDIA,GeForce RTX 4060,GeForce RTX 4060,True,True,True,False,True,bez systemu
"Laptop ultrabook Dell XPS 13 9320-3936 13,4"" i7-1260P 16GB RAM 1TB Dysk SSD Win11 Platynowy",5999.0,"13,4 "",  1920 x 1200 pikseli 60 Hz",13.4,1920,1200,2304000,60,16 GB  LPDDR5 5200 Mhz RAM,16,1 TB SSD,1024,Intel® Core™ i7 1260P,Intel Core i7 1260P,Intel,Core i7,,Intel®  Iris Xe Graphics,Intel Iris Xe Graphics,Intel,Iris Xe,,False,False,False,False,True,Windows 11 Home Edition
"Laptop 2w1 Microsoft Surface Pro Copilot+ PC 13"" Snapdragon X Plus 16GB RAM 256GB Dysk SSD Win11 Platynowy + Surface Pro Keyboard Funkcje",5999.0,"13 "", ekran dotykowy 2880 x 1920 pikseli 120 Hz",13.0,2880,1920,5529600,120,16 GB  LPDDR5X RAM,16,256 GB SSD,256,Qualcomm® Snapdragon® X Plus,Qualcomm Snapdragon X Plus,Qualcomm,Snapdragon X Plus,,Qualcomm®  Adreno™ Graphics,Qualcomm Adreno Graphics,Qualcomm,Adreno,,False,False,False,False,False,Windows 11 Home Edition
"Laptop gamingowy HP OMEN 16-ap0021nw 16"" 240Hz R9 8940HX 32GB RAM 1TB Dysk SSD RTX5060 DLSS4 Win11 Czarny",7499.0,"16 "",  2560 x 1600 pikseli 240 Hz",16.0,2560,1600,4096000,240,32 GB  DDR5 5200 Mhz RAM,32,1 TB SSD,1024,AMD Ryzen™ 9 8940HX,AMD Ryzen 9 8940HX,AMD,Ryzen 9,,NVIDIA® GeForce RTX™ 5060 + AMD Radeon™ 610M,NVIDIA GeForce RTX 5060 + AMD Radeon 610M,NVIDIA,GeForce RTX 5060,GeForce RTX 5060,True,True,True,True,False,Windows 11 Home Edition
"Laptop gamingowy Lenovo Legion 5 16IRX9 16"" 240Hz i7-14650HX 32GB RAM 512GB Dysk SSD RTX4070 DLSS3 Win11 Szary",8599.0,"16 "",  2560 x 1600 pikseli 240 Hz",16.0,2560,1600,4096000,240,32 GB  DDR5 4800 Mhz RAM,32,512 GB SSD,512,Intel® Core™ i7 14gen 14650HX,Intel Core i7 14gen 14650HX,Intel,Core i7,14,NVIDIA® GeForce RTX™ 4070 + Intel UHD Graphics,NVIDIA GeForce RTX 4070 + Intel UHD Graphics,NVIDIA,GeForce RTX 4070,GeForce RTX 4070,True,True,True,False,True,Windows 11 Home Edition
"Laptop Lenovo IdeaPad Slim 3 15ARP10 15,3"" R5 7533HS 16GB RAM 512GB Dysk SSD Szary Funkcje AI",2099.0,"15,3"",  1920 x 1200 pikseli 60 Hz",15.3,1920,1200,2304000,60,16 GB  DDR5 4800 Mhz RAM,16,512 GB SSD,512,AMD Ryzen™ 5 7533HS,AMD Ryzen 5 7533HS,AMD,Ryzen 5,,AMD  Radeon™ 660M Graphics,AMD Radeon 660M Graphics,AMD,Radeon 660M,,False,False,False,True,False,bez systemu
"Laptop ASUS X515JA-BQ3331W 15,6"" i5-1035G1 8GB RAM 256GB Dysk SSD Win11 Szary",2399.0,"15,6 "",  1920 x 1080 pikseli",15.6,1920,1080,2073600,,8 GB  DDR4 RAM,8,256 GB SSD,256,Intel® Core™ i5 10gen 1035G1,Intel Core i5 10gen 1035G1,Intel,Core i5,10,Intel®  UHD Graphics,Intel UHD Graphics,Intel,UHD,,False,False,False,False,True,Windows 11 Home Edition
"Laptop Acer TravelMate P2 15 TMP215-55-TCO 15,6"" i5-1334U 16GB RAM 512GB Dysk SSD Win11 Pro Srebrny",2499.0,"15,6 "",  1920 x 1080 pikseli 60 Hz",15.6,1920,1080,2073600,60,16 GB  DDR5 RAM,16,512 GB SSD,512,Intel® Core™ i5 13gen 1334U,Intel Core i5 13gen 1334U,Intel,Core i5,13,Intel®  UHD Graphics,Intel UHD Graphics,Intel,UHD,,False,False,False,False,True,Windows 11 Professional
"Laptop Dell Inspiron 3525-6518 15,6"" 120Hz R5 5625U 16GB RAM 512GB Dysk SSD Win11 Czarny",2499.0,"15,6 "",  1920 x 1080 pikseli 120 Hz",15.6,1920,1080,2073600,120,16 GB  DDR4 3200 MHz RAM,16,512 GB SSD,512,AMD Ryzen™ 5 5625U,AMD Ryzen 5 5625U,AMD,Ryzen 5,,AMD  Radeon™ Graphics,AMD Radeon Graphics,AMD,Radeon,,False,False,False,True,False,Windows 11 Home Edition
"Laptop chromebook Acer Chromebook Plus 514 Google AI laptop CB514-3H-R36J 14"" R5 7520C 8GB RAM 512GB Dysk SSD ChromeOS Szary Funkcje AI",2519.0,"14 "",  1920 x 1200 pikseli 60 Hz",14.0,1920,1200,2304000,60,8 GB  LPDDR5X RAM,8,512 GB SSD,512,AMD Ryzen™ 5 7520C,AMD Ryzen 5 7520C,AMD,Ryzen 5,,AMD  Radeon™ 610M,AMD Radeon 610M,AMD,Radeon 610M,,False,False,False,True,False,Chrome OS
"Laptop Lenovo IdeaPad 5 14ARE05 14"" R5 4500U 16GB RAM 512GB Dysk Szary",2799.0,"14 "",  1920 x 1080 pikseli 60 Hz",14.0,1920,1080,2073600,60,16 GB  DDR4 3200 MHz RAM,16,512 GB SSD,512,AMD Ryzen™ 5 4500U,AMD Ryzen 5 4500U,AMD,Ryzen 5,,AMD  Radeon™ Graphics,AMD Radeon Graphics,AMD,Radeon,,False,False,False,True,False,bez systemu
"Laptop ASUS Vivobook S14 S3407CA-LY035W 14"" Ultra 5 225H 16GB RAM 512GB Dysk SSD Win11 Srebrny Funkcje AI",3499.0,"14 "",  1920 x 1200 pikseli 60 Hz",14.0,1920,1200,2304000,60,16 GB  DDR5 RAM,16,512 GB SSD,512,Intel® Core™ Ultra 5 15gen 225H,Intel Core Ultra 5 15gen 225H,Intel,Core Ultra 5,15,Intel®  Arc™ Graphics (działający jako Intel® Graphics),Intel Arc Graphics (działający jako Intel Graphics),Intel,Arc,,False,False,False,False,True,Windows 11 Home Edition
"Laptop ultrabook Dell Inspiron 14 5420-5552 14"" i7-1255U 16GB RAM 512GB Dysk SSD Win11 Srebrny",3499.0,"14 "",  1920 x 1200 pikseli 60 Hz",14.0,1920,1200,2304000,60,16 GB  DDR4 3200 MHz RAM,16,512 GB SSD,512,Intel® Core™ i7 12gen 1255U,Intel Core i7 12gen 1255U,Intel,Core i7,12,Intel®  Iris Xe Graphics,Intel Iris Xe Graphics,Intel,Iris Xe,,False,False,False,False,True,Windows 11 Home Edition
"Laptop MSI Bravo 15 B5DD-051PL 15,6"" 144Hz R5 5600H 8GB RAM 512GB Dysk SSD RX5500M Win10 Czarny",4499.0,"15,6 "",  1920 x 1080 pikseli 144 Hz",15.6,1920,1080,2073600,144,8 GB  DDR4 3200 MHz RAM,8,512 GB SSD,512,AMD Ryzen™ 5 5600H,AMD Ryzen 5 5600H,AMD,Ryzen 5,,AMD Radeon™ RX 5500M + AMD Radeon™ Graphics,AMD Radeon RX 5500M + AMD Radeon Graphics,AMD,Radeon RX 5500M,,False,True,False,True,False,Windows 10 Home Edition
"Laptop gamingowy Lenovo Legion 5 15ACH6 15,6"" 165Hz R5 5600H 16GB RAM 512GB Dysk SSD RTX3050Ti Win11 Czarno-niebieski",5099.0,"15,6 "",  1920 x 1080 pikseli 165 Hz",15.6,1920,1080,2073600,165,16 GB  DDR4 3200 MHz RAM,16,512 GB SSD,512,AMD Ryzen™ 5 5600H,AMD Ryzen 5 5600H,AMD,Ryzen 5,,NVIDIA® GeForce RTX™ 3050 Ti + AMD Radeon™  Graphics,NVIDIA GeForce RTX 3050 Ti + AMD Radeon Graphics,NVIDIA,GeForce RTX 3050 Ti,GeForce RTX 3050 Ti,True,True,True,True,False,Windows 11 Home Edition
"Laptop 2w1 Microsoft Surface Laptop 5 15"" i7-1255U 8GB RAM 256GB Dysk SSD Win11 Platynowy metaliczny",5989.0,"15 "", ekran dotykowy 2496 x 1664 pikseli",15.0,2496,1664,4153344,,8 GB  LPDDR5X RAM,8,256 GB SSD,256,Intel® Core™ i7 12gen 1255U,Intel Core i7 12gen 1255U,Intel,Core i7,12,Intel®  Iris Xe Graphics,Intel Iris Xe Graphics,Intel,Iris Xe,,False,False,False,False,True,Windows 11 Home Edition
"Laptop Lenovo Yoga Slim 7x OLED 14,5"" Snapdragon X Elite X1E-78-100 16GB RAM 512GB Dysk SSD Win11 Niebieski Funkcje AI",6199.0,"14,5 "", ekran dotykowy 2944 x 1840 pikseli 90 Hz",14.5,2944,1840,5416960,90,16 GB  LPDDR5x 8448 Mhz RAM,16,512 GB SSD,512,Qualcomm® Snapdragon® X Elite X1E-78-100,Qualcomm Snapdragon X Elite X1E-78-100,Qualcomm,Snapdragon X Elite,,Qualcomm®  Adreno™ Graphics,Qualcomm Adreno Graphics,Qualcomm,Adreno,,False,False,False,False,False,Windows 11 Home Edition
"Laptop ASUS Zenbook A14 UX3407QA-QD307W OLED 14"" Snapdragon X X1-26 -100 32GB RAM 512GB Dysk SSD Win11 Beżowy Funkcje AI",6599.0,"14 "",  1920 x 1200 pikseli 60 Hz",14.0,1920,1200,2304000,60,32 GB  LPDDR5X RAM,32,512 GB SSD,512,Qualcomm® Snapdragon® X X1-26 -100,Qualcomm Snapdragon X X1-26 -100,Qualcomm,Snapdragon X,,Qualcomm®  Adreno™ Graphics,Qualcomm Adreno Graphics,Qualcomm,Adreno,,False,False,False,False,False,Windows 11 Home Edition
"Laptop gamingowy Lenovo Legion 5 15ACH6H 15,6"" 165Hz R7 5800H 16GB RAM 512GB Dysk SSD RTX3060 Win11 Czarno-niebieski",6599.0,"15,6 "",  1920 x 1080 pikseli 165 Hz",15.6,1920,1080,2073600,165,16 GB  DDR4 3200 MHz RAM,16,512 GB SSD,512,AMD Ryzen™ 7 5800H,AMD Ryzen 7 5800H,AMD,Ryzen 7,,NVIDIA® GeForce RTX™ 3060 + AMD Radeon™  Graphics,NVIDIA GeForce RTX 3060 + AMD Radeon Graphics,NVIDIA,GeForce RTX 3060,GeForce RTX 3060,True,True,True,True,False,Windows 11 Home Edition
"Laptop Acer Extensa 15 215-57 15,6"" i3-1315U 8GB RAM 512GB Dysk SSD Srebrny",1539.0,"15,6 "",  1920 x 1080 pikseli 60 Hz",15.6,1920,1080,2073600,60,8 GB  DDR5 4800 Mhz RAM,8,512 GB SSD,512,Intel® Core™ i3 13gen 1315U,Intel Core i3 13gen 1315U,Intel,Core i3,13,Intel®  UHD Graphics,Intel UHD Graphics,Intel,UHD,,False,False,False,False,True,bez systemu
"Laptop Lenovo IdeaPad Slim 3 15ABR8 15,6"" R5 7530U 8GB RAM 512GB Dysk SSD Win11 Szary",1899.0,"15,6 "",  1920 x 1080 pikseli 60 Hz",15.6,1920,1080,2073600,60,8 GB  DDR4 3200 MHz RAM,8,512 GB SSD,512,AMD Ryzen™ 5 7530U,AMD Ryzen 5 7530U,AMD,Ryzen 5,,AMD  Radeon™ Graphics,AMD Radeon Graphics,AMD,Radeon,,False,False,False,True,False,Windows 11 Home Edition
"Laptop Acer Aspire 15 A15-51M-561U 15,6"" Core 5 120U 16GB RAM 512GB Dysk SSD Win11 Szary",2399.0,"15,6 "",  1920 x 1080 pikseli 60 Hz",15.6,1920,1080,2073600,60,16 GB  LPDDR5 RAM,16,512 GB SSD,512,Intel® Core™ 5 120U,Intel Core 5 120U,Intel,Core 5,,Intel®  Graphics,Intel Graphics,Intel,,,False,False,False,False,True,Windows 11 Home Edition
"Laptop NTT Book B15IP NBC-B15IP-H03 15,6"" i5-1235U 16GB RAM 1TB Dysk SSD Win11 Czarny",2599.0,"15,6 "",  1920 x 1080 pikseli 60 Hz",15.6,1920,1080,2073600,60,16 GB  DDR4 3200 MHz RAM,16,1 TB SSD,1024,Intel® Core™ i5 12gen 1235U,Intel Core i5 12gen 1235U,Intel,Core i5,12,Intel®  Iris Xe Graphics (działający jako Intel® UHD Graphics),Intel Iris Xe Graphics (działający jako Intel UHD Graphics),Intel,Iris Xe,,False,False,False,False,True,Windows 11 Home Edition
"Laptop Dell Inspiron 5635-9935 16"" R7 7730U 16GB RAM 512GB Dysk SSD Win11 Srebrny",2999.0,"16 "",  1920 x 1200 pikseli 60 Hz",16.0,1920,1200,2304000,60,16 GB  LPDDR4x 4266 MHz RAM,16,512 GB SSD,512,AMD Ryzen™ 7 7730U,AMD Ryzen 7 7730U,AMD,Ryzen 7,,AMD  Radeon™ Graphics,AMD Radeon Graphics,AMD,Radeon,,False,False,False,True,False,Windows 11 Home Edition
"Laptop biznesowy ASUS ExpertBook B1 B1402CVA-EB0112X 14"" i5-1335U 8GB RAM 512GB Dysk SSD Win11 Pro Czarny",3199.0,"14 "",  1920 x 1080 pikseli 60 Hz",14.0,1920,1080,2073600,60,8 GB  DDR4 RAM,8,512 GB SSD,512,Intel® Core™ i5 13gen 1335U,Intel Core i5 13gen 1335U,Intel,Core i5,13,Intel®  UHD Graphics,Intel UHD Graphics,Intel,UHD,,False,False,False,False,True,Windows 11 Professional
"Laptop MSI Modern 15 H AI C1MOG-210PL 15,6"" Ultra 5 125H 16GB RAM 512GB Dysk SSD Win11 Czarny Funkcje AI",3207.36,"15,6 "",  1920 x 1080 pikseli 60 Hz",15.6,1920,1080,2073600,60,16 GB  DDR5 5600 Mhz RAM,16,512 GB SSD,512,Intel® Core™ Ultra 5 14gen 125H,Intel Core Ultra 5 14gen 125H,Intel,Core Ultra 5,14,Intel®  Arc™ Graphics,Intel Arc Graphics,Intel,Arc,,False,False,False,False,True,Windows 11 Home Edition
"Laptop gamingowy MSI Katana 17 B12UCRK-1055XPL 17,3"" 144Hz i5-12450H 16GB RAM 512GB Dysk SSD RTX3050 Czarny",3299.0,"17,3 "",  1920 x 1080 pikseli 144 Hz",17.3,1920,1080,2073600,144,16 GB  DDR5 4800 Mhz RAM,16,512 GB SSD,512,Intel® Core™ i5 12gen 12450H,Intel Core i5 12gen 12450H,Intel,Core i5,12,NVIDIA® GeForce RTX™ 3050 + Intel UHD Graphics,NVIDIA GeForce RTX 3050 + Intel UHD Graphics,NVIDIA,GeForce RTX 3050,GeForce RTX 3050,True,True,True,False,True,bez systemu
"Laptop Lenovo IdeaPad 5 15ALC05 15,6"" R7 5700U 16GB RAM 512GB Dysk SSD Win11 Szary",3499.0,"15,6 "",  1920 x 1080 pikseli 60 Hz",15.6,1920,1080,2073600,60,16 GB  DDR4 3200 MHz RAM,16,512 GB SSD,512,AMD Ryzen™ 7 5700U,AMD Ryzen 7 5700U,AMD,Ryzen 7,,AMD  Radeon™ Graphics,AMD Radeon Graphics,AMD,Radeon,,False,False,False,True,False,Windows 11 Home Edition
"Laptop Huawei MateBook 14 14"" R5 4600H 8GB RAM 512GB Dysk SSD Win10 Szary",3799.0,"14 "",  2160 x 1440 pikseli",14.0,2160,1440,3110400,,8 GB  DDR4 RAM,8,512 GB SSD,512,AMD Ryzen™ 5 4600H,AMD Ryzen 5 4600H,AMD,Ryzen 5,,AMD  Radeon™ Graphics,AMD Radeon Graphics,AMD,Radeon,,False,False,False,True,False,Windows 10 Home Edition
"Laptop Huawei MateBook D 16 2024 16"" i5-13420H 16GB RAM 1TB Dysk SSD Win11 Szary",3989.0,"16 "",  1920 x 1200 pikseli 60 Hz",16.0,1920,1200,2304000,60,16 GB  LPDDR4X RAM,16,1 TB SSD,1024,Intel® Core™ i5 13gen 13420H,Intel Core i5 13gen 13420H,Intel,Core i5,13,Intel®  UHD Graphics,Intel UHD Graphics,Intel,UHD,,False,False,False,False,True,Windows 11 Home Edition
"Laptop gamingowy Gigabyte G6X 9KG 2024 9KG-43EE854SD 16"" 165Hz i7-13650HX 16GB RAM 1TB Dysk SSD RTX4060 DLSS3 Szary",3999.0,"16 "",  1920 x 1200 pikseli 165 Hz",16.0,1920,1200,2304000,165,16 GB  DDR5 4800 Mhz RAM,16,1 TB SSD,1024,Intel® Core™ i7 13gen 13650HX,Intel Core i7 13gen 13650HX,Intel,Core i7,13,NVIDIA® GeForce RTX 4060 + Intel UHD Graphics,NVIDIA GeForce RTX 4060 + Intel UHD Graphics,NVIDIA,GeForce RTX 4060,GeForce RTX 4060,True,True,True,False,True,bez systemu
"Laptop Huawei MateBook D 16 16,1"" R5 4600H 16GB RAM 512GB Dysk SSD Win10 Szary",4199.0,"16,1 "",  1920 x 1080 pikseli",16.1,1920,1080,2073600,,16 GB  DDR4 RAM,16,512 GB SSD,512,AMD Ryzen™ 5 4600H,AMD Ryzen 5 4600H,AMD,Ryzen 5,,AMD  Radeon™ Graphics,AMD Radeon Graphics,AMD,Radeon,,False,False,False,True,False,Windows 10 Home Edition
"Laptop gamingowy Lenovo IdeaPad Gaming 3 15IHU6 15,6"" 120Hz i5-11300H 16GB RAM 512GB Dysk SSD RTX3050 Win11 Czarny",4199.0,"15,6 "",  1920 x 1080 pikseli 120 Hz",15.6,1920,1080,2073600,120,16 GB  DDR4 3200 MHz RAM,16,512 GB SSD,512,Intel® Core™ i5 11gen 11300H,Intel Core i5 11gen 11300H,Intel,Core i5,11,NVIDIA® GeForce RTX™ 3050 + Intel Iris Xe Graphics,NVIDIA GeForce RTX 3050 + Intel Iris Xe Graphics,NVIDIA,GeForce RTX 3050,GeForce RTX 3050,True,True,True,False,True,Windows 11 Home Edition
"Laptop Lenovo IdeaPad 5 Pro 16ACH6 16"" R5 5600H 16GB RAM 512GB Dysk SSD Win11 Szary",4349.0,"16 "",  2560 x 1600 pikseli 60 Hz",16.0,2560,1600,4096000,60,16 GB  DDR4 3200 MHz RAM,16,512 GB SSD,512,AMD Ryzen™ 5 5600H,AMD Ryzen 5 5600H,AMD,Ryzen 5,,AMD  Radeon™ Graphics,AMD Radeon Graphics,AMD,Radeon,,False,False,False,True,False,Windows 11 Home Edition
"Laptop biznesowy Dell Latitude 3440 14"" Core i5-1345U 16GB RAM 512GB Dysk SSD Win11 Pro Szary",4499.0,"14 "",  1920 x 1080 pikseli",14.0,1920,1080,2073600,,16 GB  DDR4 3200 MHz RAM,16,512 GB SSD,512,Intel® Core™ i5 13gen 1345U,Intel Core i5 13gen 1345U,Intel,Core i5,13,Intel®  Iris Xe Graphics,Intel Iris Xe Graphics,Intel,Iris Xe,,False,False,False,False,True,Windows 11 Professional
"Laptop biznesowy Lenovo ThinkBook 14 G8 IRL 14"" Core 5 210H 16GB RAM 512GB Dysk SSD Win11 Pro Szary Funkcje AI",4499.0,"14 "",  1920 x 1200 pikseli 60 Hz",14.0,1920,1200,2304000,60,16 GB  DDR5 5600 Mhz RAM,16,512 GB SSD,512,Intel® Core™ 5 15gen 210H,Intel Core 5 15gen 210H,Intel,Core 5,15,Intel®  Graphics,Intel Graphics,Intel,,,False,False,False,False,True,Windows 11 Professional
"Laptop 2w1 HP Envy x360 16-ac0013nw OLED 16"" 120Hz Ultra 5 125U 16GB RAM 512GB Dysk SSD Win11 Srebrny Funkcje AI",5399.0,"16 "", ekran dotykowy 2880 x 1800 pikseli 120 Hz",16.0,2880,1800,5184000,120,16 GB  LPDDR5 6400 Mhz RAM,16,512 GB SSD,512,Intel® Core™ Ultra 5 14gen 125U,Intel Core Ultra 5 14gen 125U,Intel,Core Ultra 5,14,Intel®  Graphics,Intel Graphics,Intel,,,False,False,False,False,True,Windows 11 Home Edition
"Laptop Lenovo IdeaPad 5 Pro 16ACH6 16"" 120Hz R7 5800H 16GB RAM 1TB Dysk SSD GTX1650 Win11 Szary",5499.0,"16 "",  2560 x 1600 pikseli 120 Hz",16.0,2560,1600,4096000,120,16 GB  DDR4 3200 MHz RAM,16,1 TB SSD,1024,AMD Ryzen™ 7 5800H,AMD Ryzen 7 5800H,AMD,Ryzen 7,,NVIDIA® GeForce GTX 1650 + AMD Radeon™ Graphics,NVIDIA GeForce GTX 1650 + AMD Radeon Graphics,NVIDIA,GeForce GTX 1650,GeForce GTX 1650,False,True,True,True,False,Windows 11 Home Edition
"Laptop biznesowy Dell Latitude 5530 15,6"" i5-1235U 8GB RAM 256GB Dysk SSD Win11 Pro Szary",5799.0,"15,6 "",  1920 x 1080 pikseli",15.6,1920,1080,2073600,,8 GB  DDR4 3200 MHz RAM,8,256 GB SSD,256,Intel® Core™ i5 12gen 1235U,Intel Core i5 12gen 1235U,Intel,Core i5,12,Intel®  UHD Graphics,Intel UHD Graphics,Intel,UHD,,False,False,False,False,True,Windows 11 Professional
"Laptop biznesowy Lenovo ThinkPad L16 Gen 1 16"" Ultra 5 125U 16GB RAM 512GB Dysk SSD Win11 Pro Czarny Funkcje AI",6149.0,"16 "",  1920 x 1200 pikseli",16.0,1920,1200,2304000,,16 GB  DDR5 5600 Mhz RAM,16,512 GB SSD,512,Intel® Core™ Ultra 5 14gen 125U,Intel Core Ultra 5 14gen 125U,Intel,Core Ultra 5,14,Intel®  Graphics,Intel Graphics,Intel,,,False,False,False,False,True,Windows 11 Professional
"Laptop MSI Prestige 14 A10SC-215PL 14"" i5-10210U 16GB RAM 512GB Dysk SSD GTX1650 Max-Q Win10 Szary",6249.0,"14 "",  1920 x 1080 pikseli 60 Hz",14.0,1920,1080,2073600,60,16 GB  LPDDR3 RAM,16,512 GB SSD,512,Intel® Core™ i5 10gen 10210U,Intel Core i5 10gen 10210U,Intel,Core i5,10,NVIDIA® GeForce GTX™ 1650 Max-Q + Intel UHD Graphics,NVIDIA GeForce GTX 1650 Max-Q + Intel UHD Graphics,NVIDIA,GeForce GTX 1650 Max-Q,GeForce GTX 1650 Max-Q,False,True,True,False,True,Windows 10 Home Edition
"Laptop biznesowy Lenovo ThinkPad T14 Gen 6 14"" Ultra 5 225U 16GB RAM 512GB Dysk SSD Win11 Pro Czarny Funkcje AI",7149.0,"14 "",  1920 x 1200 pikseli 60 Hz",14.0,1920,1200,2304000,60,16 GB  DDR5 5600 Mhz RAM,16,512 GB SSD,512,Intel® Core™ Ultra 5 15gen 225U,Intel Core Ultra 5 15gen 225U,Intel,Core Ultra 5,15,Intel®  Graphics,Intel Graphics,Intel,,,False,False,False,False,True,Windows 11 Professional
"Laptop gamingowy Lenovo Legion 5 15IRX10 OLED 15,1"" 165Hz i7-13650HX 32GB RAM 512GB Dysk SSD RTX5070 DLSS4 Win11 Czarny Funkcje AI",7299.0,"15,1 "",  2560 x 1600 pikseli 165 Hz",15.1,2560,1600,4096000,165,32 GB  DDR5 4800 Mhz RAM,32,512 GB SSD,512,Intel® Core™ i7 13gen 13650HX,Intel Core i7 13gen 13650HX,Intel,Core i7,13,NVIDIA® GeForce RTX™ 5070 + Intel UHD Graphics,NVIDIA GeForce RTX 5070 + Intel UHD Graphics,NVIDIA,GeForce RTX 5070,GeForce RTX 5070,True,True,True,False,True,Windows 11 Home Edition
"Laptop Huawei MateBook 14s 14,2"" i7-11370H 16GB RAM 1TB Dysk SSD Win10 Szary",7699.0,"14,2 "", ekran dotykowy 2520 x 1680 pikseli 90 Hz",14.2,2520,1680,4233600,90,16 GB  LPDDR4X RAM,16,1 TB SSD,1024,Intel® Core™ i7 11gen 11370H,Intel Core i7 11gen 11370H,Intel,Core i7,11,Intel®  Iris Xe Graphics,Intel Iris Xe Graphics,Intel,Iris Xe,,False,False,False,False,True,Windows 10 Home Edition
"Laptop 2w1 Dell XPS 13 9315-9225 13,4"" i7-1250U 16GB RAM 512GB Dysk SSD Win11 Pro Niebieski",8849.0,"13,4 "", ekran dotykowy 3840 x 2400 pikseli 60 Hz",13.4,3840,2400,9216000,60,16 GB  LPDDR5 5200 Mhz RAM,16,512 GB,512,Intel® Core™ i7 12gen 1250U,Intel Core i7 12gen 1250U,Intel,Core i7,12,Intel®  Iris Xe Graphics,Intel Iris Xe Graphics,Intel,Iris Xe,,False,False,False,False,True,Windows 11 Professional
"Laptop Lenovo ThinkPad T14s Gen 6 14"" Snapdragon X Elite X1E-78-100 32GB RAM 1TB Dysk SSD Win11 Pro Czarny Funkcje AI",10499.0,"14 "",  1920 x 1200 pikseli 60 Hz",14.0,1920,1200,2304000,60,32 GB  LPDDR5x 8448 Mhz RAM,32,1 TB SSD,1024,Qualcomm® Snapdragon™ X Elite X1E-78-100,Qualcomm Snapdragon X Elite X1E-78-100,Qualcomm,Snapdragon X Elite,,Qualcomm®  Adreno™,Qualcomm Adreno,Qualcomm,Adreno,,False,False,False,False,False,Windows 11 Professional
"Laptop gamingowy MSI Stealth 18 HX AI A2XWJG-033PL 18"" 120Hz Ultra 9 275HX 64GB RAM 2TB Dysk SSD RTX5090 DLSS4 Win11 Pro Czarny Funkcje AI",21599.0,"18 "",  3840 x 2400 pikseli 120 Hz",18.0,3840,2400,9216000,120,64 GB  DDR5 6400 Mhz RAM,64,2 TB SSD,2048,Intel® Core™ Ultra 9 15gen 275HX,Intel Core Ultra 9 15gen 275HX,Intel,Core Ultra 9,15,NVIDIA® GeForce RTX™ 5090 + Intel Graphics,NVIDIA GeForce RTX 5090 + Intel Graphics,NVIDIA,GeForce RTX 5090,GeForce RTX 5090,True,True,True,False,True,Windows 11 Professional
"Laptop Lenovo IdeaPad 3 15ALC6 15,6"" R5 5500U 8GB RAM 512GB Dysk SSD Win11 Szary",2599.0,"15,6 "",  1920 x 1080 pikseli",15.6,1920,1080,2073600,,8 GB  DDR4 3200 MHz RAM,8,512 GB SSD,512,AMD Ryzen™ 5 5500U,AMD Ryzen 5 5500U,AMD,Ryzen 5,,AMD  Radeon™ Graphics,AMD Radeon Graphics,AMD,Radeon,,False,False,False,True,False,Windows 11 Home Edition
"Laptop HP Pavilion 15-eh3412nw 15,6"" R5 7530U 16GB RAM 512GB Dysk SSD Win11 Srebrny",2799.0,"15,6 "",  1920 x 1080 pikseli 60 Hz",15.6,1920,1080,2073600,60,16 GB  DDR4 3200 MHz RAM,16,512 GB SSD,512,AMD Ryzen™ 5 7530U,AMD Ryzen 5 7530U,AMD,Ryzen 5,,AMD  Radeon™ Graphics,AMD Radeon Graphics,AMD,Radeon,,False,False,False,True,False,Windows 11 Home Edition
"Laptop Lenovo IdeaPad 3 15ALC6 15,6"" R5 5500U 16GB RAM 512GB Dysk SSD Win11 Szary",2799.0,"15,6 "",  1920 x 1080 pikseli",15.6,1920,1080,2073600,,16 GB  DDR4 3200 MHz RAM,16,512 GB SSD,512,AMD Ryzen™ 5 5500U,AMD Ryzen 5 5500U,AMD,Ryzen 5,,AMD  Radeon™ Graphics,AMD Radeon Graphics,AMD,Radeon,,False,False,False,True,False,Windows 11 Home Edition
"Laptop ASUS Vivobook 16 M1605YA-MB160W 16"" R7 7730U 16GB RAM 512GB Dysk SSD Win11 Czarny Funkcje AI",2899.0,"16 "",  1920 x 1200 pikseli 60 Hz",16.0,1920,1200,2304000,60,16 GB  DDR4 RAM,16,512 GB SSD,512,AMD Ryzen™ 7 7730U,AMD Ryzen 7 7730U,AMD,Ryzen 7,,AMD  Radeon™ Graphics,AMD Radeon Graphics,AMD,Radeon,,False,False,False,True,False,Windows 11 Home Edition
"Laptop HP OmniBook 5 16-af1220nw 16"" Ultra 5 225U 16GB RAM 512GB Dysk SSD Win11 Srebrny Funkcje AI",2999.0,"16 "",  1920 x 1200 pikseli",16.0,1920,1200,2304000,,16 GB  LPDDR5 7467 Mhz RAM,16,512 GB SSD,512,Intel® Core™ Ultra 5 15gen 225U,Intel Core Ultra 5 15gen 225U,Intel,Core Ultra 5,15,Intel®  Graphics,Intel Graphics,Intel,,,False,False,False,False,True,Windows 11 Home Edition
"Laptop biznesowy Lenovo V14 G4 IRU 14"" i5-13420H 8GB RAM 512GB Dysk SSD Win11 Pro Czarny",3049.0,"14 "",  1920 x 1080 pikseli 60 Hz",14.0,1920,1080,2073600,60,8 GB  DDR4 3200 MHz RAM,8,512 GB SSD,512,Intel® Core™ i5 13gen 13420H,Intel Core i5 13gen 13420H,Intel,Core i5,13,Intel®  UHD Graphics,Intel UHD Graphics,Intel,UHD,,False,False,False,False,True,Windows 11 Professional
"Laptop Huawei MateBook D 15 15,6"" i5-1135G7 8GB RAM 512GB Dysk SSD Win10 Srebrny",3399.0,"15,6 "",  1920 x 1080 pikseli",15.6,1920,1080,2073600,,8 GB  DDR4 RAM,8,512 GB SSD,512,Intel® Core™ i5 11gen 1135G7,Intel Core i5 11gen 1135G7,Intel,Core i5,11,Intel®  Iris Xe Graphics,Intel Iris Xe Graphics,Intel,Iris Xe,,False,False,False,False,True,Windows 10 Home Edition
"Laptop Dell Latitude 3450 14"" Core i5-1335U 16GB RAM 512GB Dysk SSD Win11 Pro Szary",3799.0,"14 "",  1920 x 1080 pikseli 60 Hz",14.0,1920,1080,2073600,60,16 GB  DDR5 5200 Mhz RAM,16,512 GB SSD,512,Intel® Core™ i5 13gen 1335U,Intel Core i5 13gen 1335U,Intel,Core i5,13,Intel®  Iris Xe Graphics,Intel Iris Xe Graphics,Intel,Iris Xe,,False,False,False,False,True,Windows 11 Professional
"Laptop biznesowy Acer TravelMate P214-53-50PC 14"" i5-1145G7 8GB RAM 512GB Dysk SSD Win11 Pro Czarny",4049.0,"14 "",  1920 x 1080 pikseli 60 Hz",14.0,1920,1080,2073600,60,8 GB  DDR4 RAM,8,512 GB SSD,512,Intel® Core™ i5 11gen 1145G7,Intel Core i5 11gen 1145G7,Intel,Core i5,11,Intel®  UHD Graphics,Intel UHD Graphics,Intel,UHD,,False,False,False,False,True,Windows 11 Professional
"Laptop 2w1 Dell Inspiron 14 7440-7487 2w1 14"" Core 5 120U 16GB RAM 1TB Dysk SSD Win11 Pro Srebrno-niebieski Funkcje AI",4499.0,"14 "", ekran dotykowy 1920 x 1200 pikseli 60 Hz",14.0,1920,1200,2304000,60,16 GB  DDR5 5200 Mhz RAM,16,1 TB SSD,1024,Intel® Core™ 5 14gen 120U,Intel Core 5 14gen 120U,Intel,Core 5,14,Intel®  Graphics,Intel Graphics,Intel,,,False,False,False,False,True,Windows 11 Professional
"Laptop 2w1 Dell Latitude 3340 13,3"" Core i5-1335U 8GB RAM 256GB Dysk SSD Win11 Pro Szary",4599.0,"13,3 "", ekran dotykowy 1920 x 1080 pikseli",13.3,1920,1080,2073600,,8 GB  LPDDR5 RAM,8,256 GB SSD,256,Intel® Core™ i5 13gen 1335U,Intel Core i5 13gen 1335U,Intel,Core i5,13,Intel®  Iris Xe Graphics,Intel Iris Xe Graphics,Intel,Iris Xe,,False,False,False,False,True,Windows 11 Professional
"Laptop gamingowy MSI Katana 15 B13VFK-1437XPL 15,6"" 144Hz i7-13620H 16GB RAM 1TB Dysk SSD RTX4060 DLSS3 Czarny",4899.0,"15,6 "",  1920 x 1080 pikseli 144 Hz",15.6,1920,1080,2073600,144,16 GB  DDR5 5200 Mhz RAM,16,1 TB SSD,1024,Intel® Core™ i7 13gen 13620H,Intel Core i7 13gen 13620H,Intel,Core i7,13,NVIDIA® GeForce RTX™ 4060 + Intel UHD Graphics,NVIDIA GeForce RTX 4060 + Intel UHD Graphics,NVIDIA,GeForce RTX 4060,GeForce RTX 4060,True,True,True,False,True,bez systemu
"Laptop Lenovo IdeaPad 5 Pro 16ACH6 16"" 120Hz R7 5800H 16GB RAM 1TB Dysk SSD Win11 Szary",5099.0,"16 "",  2560 x 1600 pikseli 120 Hz",16.0,2560,1600,4096000,120,16 GB  DDR4 3200 MHz RAM,16,1 TB SSD,1024,AMD Ryzen™ 7 5800H,AMD Ryzen 7 5800H,AMD,Ryzen 7,,AMD  Radeon™ Graphics,AMD Radeon Graphics,AMD,Radeon,,False,False,False,True,False,Windows 11 Home Edition
"Laptop gamingowy Lenovo LOQ 17IRX10 17,3"" 165Hz i5-13450HX 16GB RAM 1TB Dysk SSD RTX5050 DLSS4 Win11 Szary Funkcje AI",5199.0,"17,3 "",  1920 x 1080 pikseli 165 Hz",17.3,1920,1080,2073600,165,16 GB  DDR5 4800 Mhz RAM,16,1 TB SSD,1024,Intel® Core™ i5 13gen 13450HX,Intel Core i5 13gen 13450HX,Intel,Core i5,13,NVIDIA® GeForce RTX™ 5050 + Intel UHD Graphics,NVIDIA GeForce RTX 5050 + Intel UHD Graphics,NVIDIA,GeForce RTX 5050,GeForce RTX 5050,True,True,True,False,True,Windows 11 Home Edition
"Laptop Lenovo ThinkPad L14 Gen 4 14"" i5-1335U 16GB RAM 512GB Dysk SSD Win11 Pro Czarny",6149.0,"14 "",  1920 x 1080 pikseli",14.0,1920,1080,2073600,,16 GB  DDR4 3200 MHz RAM,16,512 GB SSD,512,Intel® Core™ i5 13gen 1335U,Intel Core i5 13gen 1335U,Intel,Core i5,13,Intel®  UHD Graphics,Intel UHD Graphics,Intel,UHD,,False,False,False,False,True,Windows 11 Professional
"Laptop gamingowy HIRO 15,6"" Intel® Core™ i7-10750H 16GB RAM 512GB Dysk SSD RTX3060 Win10 Szary",6499.0,"15,6 "",  1920 x 1080 pikseli",15.6,1920,1080,2073600,,16 GB  DDR4 2666 MHz RAM,16,512 GB SSD,512,Intel® Core™ i7 10gen 10750H,Intel Core i7 10gen 10750H,Intel,Core i7,10,NVIDIA® NVIDIA GeForce RTX™ 3060 + Intel UHD Graphics,NVIDIA NVIDIA GeForce RTX 3060 + Intel UHD Graphics,NVIDIA,GeForce RTX 3060,GeForce RTX 3060,True,True,True,False,True,Windows 10 Home Edition
"Laptop 2w1 Microsoft Surface Laptop Copilot+ PC 13,8"" Snapdragon X Plus 16GB RAM 512GB Dysk SSD Win11 Platynowy Funkcje AI",6499.0,"13,8"", ekran dotykowy 2304 x 1536 pikseli 120 Hz",13.8,2304,1536,3538944,120,16 GB  LPDDR5X RAM,16,512 GB SSD,512,Qualcomm® Snapdragon® X Plus,Qualcomm Snapdragon X Plus,Qualcomm,Snapdragon X Plus,,Qualcomm®  Adreno™ Graphics,Qualcomm Adreno Graphics,Qualcomm,Adreno,,False,False,False,False,False,Windows 11 Home Edition
"Laptop gamingowy Lenovo Legion 5 17ACH6H 17,3"" 144Hz R7 5800H 16GB RAM 1TB Dysk SSD RTX3060 Czarny",6699.0,"17,3 "",  1920 x 1080 pikseli 144 Hz",17.3,1920,1080,2073600,144,16 GB  DDR4 3200 MHz RAM,16,1 TB SSD,1024,AMD Ryzen™ 7 5800H,AMD Ryzen 7 5800H,AMD,Ryzen 7,,NVIDIA® GeForce RTX™ 3060 + AMD Radeon™  Graphics,NVIDIA GeForce RTX 3060 + AMD Radeon Graphics,NVIDIA,GeForce RTX 3060,GeForce RTX 3060,True,True,True,True,False,bez systemu
"Laptop Acer Swift Go 16 AI SFG16-74 OLED 16"" Core Ultra 9 288V 32GB RAM 2TB Dysk SSD Win11 Czarny Funkcje AI",6999.0,"16 "",  2048 x 1280 pikseli 120 Hz",16.0,2048,1280,2621440,120,32 GB  LPDDR5x 8000 Mhz RAM,32,2 TB SSD,2048,Intel® Core™ Ultra 9 15gen 288V,Intel Core Ultra 9 15gen 288V,Intel,Core Ultra 9,15,Intel®  Arc™ 140V Graphics,Intel Arc 140V Graphics,Intel,Arc 140V,,False,False,False,False,True,Windows 11 Home Edition
"Laptop gamingowy Lenovo Legion 5 16IRX9 16"" 240Hz i7-14650HX 16GB RAM 512GB Dysk SSD RTX4070 DLSS3 Win11 Szary",8199.0,"16 "",  2560 x 1600 pikseli 240 Hz",16.0,2560,1600,4096000,240,16 GB  DDR5 4800 Mhz RAM,16,512 GB SSD,512,Intel® Core™ i7 14gen 14650HX,Intel Core i7 14gen 14650HX,Intel,Core i7,14,NVIDIA® GeForce RTX™ 4070 + Intel UHD Graphics,NVIDIA GeForce RTX 4070 + Intel UHD Graphics,NVIDIA,GeForce RTX 4070,GeForce RTX 4070,True,True,True,False,True,Windows 11 Home Edition
"Laptop biznesowy Lenovo ThinkPad P16v Gen 1 16"" R7 7840HS 32GB RAM 1TB Dysk SSD Win11 Pro Czarny",9549.0,"16 "",  1920 x 1200 pikseli 60 Hz",16.0,1920,1200,2304000,60,32 GB  DDR5 5600 Mhz RAM,32,1 TB SSD,1024,AMD Ryzen™ 7 7840HS,AMD Ryzen 7 7840HS,AMD,Ryzen 7,,AMD  Radeon™ 780M,AMD Radeon 780M,AMD,Radeon 780M,,False,False,False,True,False,Windows 11 Professional
"Laptop 2w1 Dell XPS 13 Plus 9320-8648 OLED 13,4"" i7-1260P 16GB RAM 1TB Dysk SSD Win11 Grafitowy",10499.0,"13,4 "", ekran dotykowy 3546 x 2160 pikseli 60 Hz",13.4,3546,2160,7659360,60,16 GB  LPDDR5 5200 Mhz RAM,16,1 TB SSD,1024,Intel® Core™ i7 1260P,Intel Core i7 1260P,Intel,Core i7,,Intel®  UHD Graphics,Intel UHD Graphics,Intel,UHD,,False,False,False,False,True,Windows 11 Home Edition
"Laptop biznesowy Lenovo ThinkPad X1 Carbon Gen 13 Aura Edition 14"" Ultra 5 225U 16GB RAM 512GB Dysk SSD Win11 Pro Czarny Funkcje AI",11499.0,"14 "",  1920 x 1200 pikseli 60 Hz",14.0,1920,1200,2304000,60,16 GB  LPDDR5x 8400 Mhz RAM,16,512 GB SSD,512,Intel® Core™ Ultra 5 15gen 225U,Intel Core Ultra 5 15gen 225U,Intel,Core Ultra 5,15,Intel®  Graphics,Intel Graphics,Intel,,,False,False,False,False,True,Windows 11 Professional
"Laptop ASUS ZenBook Duo UX8406CA-PZ068X OLED 14"" 120Hz Ultra 9 285H 32GB RAM 2TB Dysk SSD Win11 Pro Szary Funkcje AI",12999.0,"14 "", ekran dotykowy 2880 x 1800 pikseli 120 Hz",14.0,2880,1800,5184000,120,32 GB  LPDDR5X RAM,32,2 TB SSD,2048,Intel® Core™ Ultra 9 15gen 285H,Intel Core Ultra 9 15gen 285H,Intel,Core Ultra 9,15,Intel®  Arc 140T,Intel Arc 140T,Intel,Arc 140T,,False,False,False,False,True,Windows 11 Professional
"Laptop biznesowy HP EliteBook X G1i B9ZY3ET 14"" Ultra 7 268V 32GB RAM 1TB Dysk SSD Win11 Pro Srebrny Funkcje AI",14799.0,"14 "",  1920 x 1200 pikseli",14.0,1920,1200,2304000,,32 GB  LPDDR5x 8533 Mhz RAM,32,1 TB SSD,1024,Intel® Core™ Ultra 7 15gen 268V,Intel Core Ultra 7 15gen 268V,Intel,Core Ultra 7,15,Intel®  Arc 140V,Intel Arc 140V,Intel,Arc 140V,,False,False,False,False,True,Windows 11 Professional
"Laptop gamingowy MSI Titan 18 HX AI A2XWJG-477PL 18"" 120Hz Ultra 9 285HX 64GB RAM 6TB Dysk SSD RTX5090 DLSS4 Win11 Pro Czarny Funkcje AI",26599.0,"18 "",  3840 x 2400 pikseli 120 Hz",18.0,3840,2400,9216000,120,64 GB  DDR5 6400 Mhz RAM,64,6 TB SSD,6144,Intel® Core™ Ultra 9 15gen 285HX,Intel Core Ultra 9 15gen 285HX,Intel,Core Ultra 9,15,NVIDIA® GeForce RTX™ 5090 + Intel Graphics,NVIDIA GeForce RTX 5090 + Intel Graphics,NVIDIA,GeForce RTX 5090,GeForce RTX 5090,True,True,True,False,True,Windows 11 Professional
"Laptop HP 15s-fq2222nw 15,6"" i5-1135G7 8GB RAM 512GB Dysk SSD Win11 Czarny",2599.0,"15,6 "",  1920 x 1080 pikseli",15.6,1920,1080,2073600,,8 GB  DDR4 2666 MHz RAM,8,512 GB SSD,512,Intel® Core™ i5 11gen 1135G7,Intel Core i5 11gen 1135G7,Intel,Core i5,11,Intel®  Iris Xe Graphics,Intel Iris Xe Graphics,Intel,Iris Xe,,False,False,False,False,True,Windows 11 Home Edition
"Laptop MSI Modern 15 B12MO-686PL 15,6"" i7-1255U 16GB RAM 512GB Dysk SSD Win11 Czarny",2699.0,"15,6 "",  1920 x 1080 pikseli 60 Hz",15.6,1920,1080,2073600,60,16 GB  DDR4 3200 MHz RAM,16,512 GB SSD,512,Intel® Core™ i7 12gen 1255U,Intel Core i7 12gen 1255U,Intel,Core i7,12,Intel®  Iris Xe Graphics,Intel Iris Xe Graphics,Intel,Iris Xe,,False,False,False,False,True,Windows 11 Home Edition
"Laptop Lenovo IdeaPad 5 14ARE05 14"" R7 4700U 8GB RAM 512GB Dysk Szary",2899.0,"14 "",  1920 x 1080 pikseli",14.0,1920,1080,2073600,,8 GB  DDR4 3200 MHz RAM,8,512 GB SSD,512,AMD Ryzen™ 7 4700U,AMD Ryzen 7 4700U,AMD,Ryzen 7,,AMD  Radeon™ Graphics,AMD Radeon Graphics,AMD,Radeon,,False,False,False,True,False,bez systemu
"Laptop ASUS Vivobook S14 S3407CA-LY042W 14"" Ultra 5 225H 16GB RAM 512GB Dysk SSD Win11 Szary Funkcje AI",3499.0,"14 "",  1920 x 1200 pikseli 60 Hz",14.0,1920,1200,2304000,60,16 GB  DDR5 RAM,16,512 GB SSD,512,Intel® Core™ Ultra 5 15gen 225H,Intel Core Ultra 5 15gen 225H,Intel,Core Ultra 5,15,Intel®  Arc™ Graphics (działający jako Intel® Graphics),Intel Arc Graphics (działający jako Intel Graphics),Intel,Arc,,False,False,False,False,True,Windows 11 Home Edition
"Laptop ultrabook Dell Inspiron 14 5420-5521 14"" i5-1235U 16GB RAM 512GB Dysk SSD Win11 Srebrny",3499.0,"14 "",  1920 x 1200 pikseli 60 Hz",14.0,1920,1200,2304000,60,16 GB  DDR4 3200 MHz RAM,16,512 GB SSD,512,Intel® Core™ i5 12gen 1235U,Intel Core i5 12gen 1235U,Intel,Core i5,12,Intel®  Iris Xe Graphics,Intel Iris Xe Graphics,Intel,Iris Xe,,False,False,False,False,True,Windows 11 Home Edition
Laptop biznesowy Dell Inspiron 16 5620-5613 16'' i7-1255U 16GB RAM 1TB Dysk SSD Win11 Srebrny,3499.0,"16 "",  1920 x 1200 pikseli 60 Hz",16.0,1920,1200,2304000,60,16 GB  DDR4 3200 MHz RAM,16,1 TB SSD,1024,Intel® Core™ i7 12gen 1255U,Intel Core i7 12gen 1255U,Intel,Core i7,12,Intel®  Iris Xe Graphics,Intel Iris Xe Graphics,Intel,Iris Xe,,False,False,False,False,True,Windows 11 Home Edition
"Laptop ASUS Vivobook S16 M3607HA-RP033W 16"" 144Hz R7 260 16GB RAM 512GB Dysk SSD Win11 Srebrny Funkcje AI",3799.0,"16 "",  1920 x 1200 pikseli 144 Hz",16.0,1920,1200,2304000,144,16 GB  DDR5 RAM,16,512 GB SSD,512,AMD Ryzen™ 7 260,AMD Ryzen 7 260,AMD,Ryzen 7,,AMD  Radeon™ 780M,AMD Radeon 780M,AMD,Radeon 780M,,False,False,False,True,False,Windows 11 Home Edition
"Laptop ultrabook Lenovo IdeaPad 5 14ITL05 14"" i7-1165G7 8GB RAM 1TB Dysk SSD Win11 Platynowy",3999.0,"14 "",  1920 x 1080 pikseli 60 Hz",14.0,1920,1080,2073600,60,8 GB  DDR4 3200 MHz RAM,8,1 TB SSD,1024,Intel® Core™ i7 11gen 1165G7,Intel Core i7 11gen 1165G7,Intel,Core i7,11,Intel®  Iris Xe Graphics,Intel Iris Xe Graphics,Intel,Iris Xe,,False,False,False,False,True,Windows 11 Home Edition
"Laptop biznesowy Lenovo ThinkBook 16 G6 ABP 16"" R5 7530U 8GB RAM 512GB Dysk SSD Win11 Pro Szary",3999.0,"16 "",  1920 x 1200 pikseli 60 Hz",16.0,1920,1200,2304000,60,8 GB  DDR4 3200 MHz RAM,8,512 GB SSD,512,AMD Ryzen™ 5 7530U,AMD Ryzen 5 7530U,AMD,Ryzen 5,,AMD  Radeon™ Graphics,AMD Radeon Graphics,AMD,Radeon,,False,False,False,True,False,Windows 11 Professional
"Laptop MSI Modern 14 A10M-1062PL 14"" i7-10510U 8GB RAM 512GB Dysk SSD Win10 Szary",4599.0,"14 "",  1920 x 1080 pikseli 60 Hz",14.0,1920,1080,2073600,60,8 GB  DDR4 2666 MHz RAM,8,512 GB SSD,512,Intel® Core™ i7 10gen 10510U,Intel Core i7 10gen 10510U,Intel,Core i7,10,Intel®  UHD Graphics,Intel UHD Graphics,Intel,UHD,,False,False,False,False,True,Windows 10 Home Edition
"Laptop Lenovo ThinkBook 16 G7 IML 16"" Ultra 5 125U 16GB RAM 512GB Dysk SSD Win11 Pro Szary",4649.0,"16 "",  1920 x 1200 pikseli 60 Hz",16.0,1920,1200,2304000,60,16 GB  DDR5 5600 Mhz RAM,16,512 GB SSD,512,Intel® Core™ Ultra 5 14gen 125U,Intel Core Ultra 5 14gen 125U,Intel,Core Ultra 5,14,Intel®  Graphics,Intel Graphics,Intel,,,False,False,False,False,True,Windows 11 Professional
"Laptop gamingowy Lenovo Legion 5 15ITH6 15,6"" 165Hz i5-11400H 16GB RAM 512GB Dysk SSD RTX3050Ti Czarno-niebieski",4699.0,"15,6 "",  1920 x 1080 pikseli 165 Hz",15.6,1920,1080,2073600,165,16 GB  DDR4 3200 MHz RAM,16,512 GB SSD,512,Intel® Core™ i5 11gen 11400H,Intel Core i5 11gen 11400H,Intel,Core i5,11,NVIDIA® GeForce RTX™ 3050 Ti+ Intel UHD Graphics,NVIDIA GeForce RTX 3050 Ti+ Intel UHD Graphics,NVIDIA,GeForce RTX 3050 Ti,GeForce RTX 3050 Ti,True,True,True,False,True,bez systemu
"Laptop Lenovo V17 G4 IRU 17,3"" i7-1355U 16GB RAM 512GB Dysk SSD Win11 Pro Szary",4749.0,"17,3 "",  1920 x 1080 pikseli 60 Hz",17.3,1920,1080,2073600,60,16 GB  DDR4 3200 MHz RAM,16,512 GB SSD,512,Intel® Core™ i7 13gen 1355U,Intel Core i7 13gen 1355U,Intel,Core i7,13,Intel®  Iris Xe Graphics,Intel Iris Xe Graphics,Intel,Iris Xe,,False,False,False,False,True,Windows 11 Professional
"Laptop ultrabook Lenovo IdeaPad 5 Pro 14ITL6 14"" i7-1165G7 16GB RAM 1TB Dysk SSD Win11 Szary",4799.0,"14 "",  2240 x 1400 pikseli 60 Hz",14.0,2240,1400,3136000,60,16 GB  DDR4 3200 MHz RAM,16,1 TB SSD,1024,Intel® Core™ i7 11gen 1165G7,Intel Core i7 11gen 1165G7,Intel,Core i7,11,Intel®  Iris Xe Graphics,Intel Iris Xe Graphics,Intel,Iris Xe,,False,False,False,False,True,Windows 11 Home Edition
"Laptop gamingowy Dell G15 5511-9199 15,6"" 360Hz i7-11800H 16GB RAM 512GB Dysk SSD RTX3060 Win11 Czarny",4999.0,"15,6 "",  1920 x 1080 pikseli 360 Hz",15.6,1920,1080,2073600,360,16 GB  DDR4 3200 MHz RAM,16,512 GB SSD,512,Intel® Core™ i7 11gen 11800H,Intel Core i7 11gen 11800H,Intel,Core i7,11,NVIDIA® GeForce RTX™ 3060 + Intel UHD Graphics,NVIDIA GeForce RTX 3060 + Intel UHD Graphics,NVIDIA,GeForce RTX 3060,GeForce RTX 3060,True,True,True,False,True,Windows 11 Home Edition
"Laptop gamingowy Lenovo Legion 5 15IAH7 15,6"" 165Hz i5-12500H 16GB RAM 512GB Dysk SSD RTX3050Ti Szary",5099.0,"15,6 "",  1920 x 1080 pikseli 165 Hz",15.6,1920,1080,2073600,165,16 GB  DDR5 4800 Mhz RAM,16,512 GB SSD,512,Intel® Core™ i5 12gen 12500H,Intel Core i5 12gen 12500H,Intel,Core i5,12,NVIDIA® GeForce RTX™ 3050 Ti + Intel Iris Xe Graphics,NVIDIA GeForce RTX 3050 Ti + Intel Iris Xe Graphics,NVIDIA,GeForce RTX 3050 Ti,GeForce RTX 3050 Ti,True,True,True,False,True,bez systemu
"Laptop Huawei MateBook 16 16"" R5 5600H 16GB RAM 512GB Dysk SSD Win11 Szary",5199.0,"16 "",  2520 x 1680 pikseli",16.0,2520,1680,4233600,,16 GB  DDR4 RAM,16,512 GB SSD,512,AMD Ryzen™ 5 5600H,AMD Ryzen 5 5600H,AMD,Ryzen 5,,AMD  Radeon™ Graphics,AMD Radeon Graphics,AMD,Radeon,,False,False,False,True,False,Windows 11 Home Edition
"Laptop gamingowy Dell G15 5525-8380 15,6"" 165Hz R7 6800H 16GB RAM 1TB Dysk SSD RTX3070Ti Win11 Szary",5999.0,"15,6 "",  1920 x 1080 pikseli 165 Hz",15.6,1920,1080,2073600,165,16 GB  DDR5 4800 Mhz RAM,16,1 TB SSD,1024,AMD Ryzen™ 7 6800H,AMD Ryzen 7 6800H,AMD,Ryzen 7,,NVIDIA® GeForce RTX™ 3070 Ti + AMD Radeon™ 660M,NVIDIA GeForce RTX 3070 Ti + AMD Radeon 660M,NVIDIA,GeForce RTX 3070 Ti,GeForce RTX 3070 Ti,True,True,True,True,False,Windows 11 Home Edition
"Laptop biznesowy Dell XPS 9315-9171 13,4"" i7-1250U 16GB RAM 512GB Dysk SSD Win11 Pro Srebrny",5999.0,"13,4 "",  1920 x 1200 pikseli 60 Hz",13.4,1920,1200,2304000,60,16 GB  LPDDR5 5200 Mhz RAM,16,512 GB,512,Intel® Core™ i7 12gen 1250U,Intel Core i7 12gen 1250U,Intel,Core i7,12,Intel®  Iris Xe Graphics,Intel Iris Xe Graphics,Intel,Iris Xe,,False,False,False,False,True,Windows 11 Professional
"Laptop gamingowy Lenovo Legion Slim 5 16AHP9 16"" 165Hz R7 8845HS 16GB RAM 512GB Dysk SSD RTX4060 DLSS3 Szary Funkcje AI",5999.0,"16 "",  2560 x 1600 pikseli 165 Hz",16.0,2560,1600,4096000,165,16 GB  DDR5 5600 Mhz RAM,16,512 GB SSD,512,AMD Ryzen™ 7 8845HS,AMD Ryzen 7 8845HS,AMD,Ryzen 7,,NVIDIA® GeForce RTX™ 4060 + AMD Radeon™ 780M,NVIDIA GeForce RTX 4060 + AMD Radeon 780M,NVIDIA,GeForce RTX 4060,GeForce RTX 4060,True,True,True,True,False,bez systemu
"Laptop biznesowy Lenovo ThinkBook 15p IMH 15,6"" i5-10300H 16GB RAM 512GB Dysk SSD GTX1650TiMQ Win10 Pro Szary",5999.0,"15,6 "",  3840 x 2160 pikseli 60 Hz",15.6,3840,2160,8294400,60,16 GB  DDR4 2933 MHz RAM,16,512 GB SSD,512,Intel® Core™ i5 10gen 10300H,Intel Core i5 10gen 10300H,Intel,Core i5,10,NVIDIA® GeForce GTX™ 1650Ti Max-Q + Intel UHD Graphics,NVIDIA GeForce GTX 1650Ti Max-Q + Intel UHD Graphics,NVIDIA,GeForce GTX 1650Ti Max-Q,GeForce GTX 1650Ti Max-Q,False,True,True,False,True,Windows 10 Professional
"Laptop gamingowy Lenovo Legion 5 15ACH6H 15,6"" 120Hz R7 5800H 16GB RAM 1TB Dysk SSD RTX3060 Win10 Czarny",6799.0,"15,6 "",  1920 x 1080 pikseli 120 Hz",15.6,1920,1080,2073600,120,16 GB  DDR4 3200 MHz RAM,16,1 TB SSD,1024,AMD Ryzen™ 7 5800H,AMD Ryzen 7 5800H,AMD,Ryzen 7,,NVIDIA® GeForce RTX™ 3060 + AMD Radeon™  Graphics,NVIDIA GeForce RTX 3060 + AMD Radeon Graphics,NVIDIA,GeForce RTX 3060,GeForce RTX 3060,True,True,True,True,False,Windows 10 Home Edition
"Laptop 2w1 Microsoft Surface Laptop 5 13,5"" i5-1235U 16GB RAM 512GB Dysk SSD Win11 Platynowy Alcantara",8349.0,"13,5 "", ekran dotykowy 2256 x 1504 pikseli",13.5,2256,1504,3393024,,16 GB  LPDDR5X RAM,16,512 GB SSD,512,Intel® Core™ i5 12gen 1235U,Intel Core i5 12gen 1235U,Intel,Core i5,12,Intel®  Iris Xe Graphics,Intel Iris Xe Graphics,Intel,Iris Xe,,False,False,False,False,True,Windows 11 Home Edition
"Laptop Dell XPS 13 Plus 9320-8662 13,4"" i7-1260P 16GB RAM 1TB Dysk SSD Win11 Grafitowy",8499.0,"13,4 "",  1920 x 1200 pikseli 60 Hz",13.4,1920,1200,2304000,60,16 GB  LPDDR5 5200 Mhz RAM,16,1 TB SSD,1024,Intel® Core™ i7 1260P,Intel Core i7 1260P,Intel,Core i7,,Intel®  UHD Graphics,Intel UHD Graphics,Intel,UHD,,False,False,False,False,True,Windows 11 Home Edition
"Laptop biznesowy Lenovo ThinkPad P16s Gen 3 OLED 16"" Ultra 7 165H 32GB RAM 1TB Dysk SSD RTX500 Win11 Pro Czarny Funkcje AI",13199.0,"16 "",  3840 x 2400 pikseli",16.0,3840,2400,9216000,,32 GB  DDR5 5600 Mhz RAM,32,1 TB SSD,1024,Intel® Core™ Ultra 7 14gen 165H,Intel Core Ultra 7 14gen 165H,Intel,Core Ultra 7,14,NVIDIA® GeForce RTX 500 + Intel Arc Graphics,NVIDIA GeForce RTX 500 + Intel Arc Graphics,NVIDIA,GeForce RTX 500,GeForce RTX 500,False,True,True,False,True,Windows 11 Professional
"Apple MacBook Pro 2024 16,2"" M4 Pro 48GB RAM 512GB Dysk macOS Srebrny Funkcje AI",13499.0,"16,2 "",  3456 x 2234 pikseli 120 Hz",16.2,3456,2234,7720704,120,48 GB  zunifikowana RAM,48,512 GB SSD,512,Apple M4 Pro,Apple M4 Pro,Apple,M4 Pro,,Apple  M4 Pro (20-rdzeni),Apple M4 Pro (20-rdzeni),Apple,M4 Pro,,False,False,False,False,False,macOS Sequoia lub nowszy
"Laptop biznesowy Lenovo ThinkPad X1 Carbon Gen 12 14"" Ultra 7 155U 32GB RAM 1TB Dysk SSD Win11 Pro Czarny Funkcje AI",14799.0,"14 "",  1920 x 1200 pikseli 60 Hz",14.0,1920,1200,2304000,60,32 GB   LPDDR5x 6400 Mhz RAM,32,1 TB SSD,1024,Intel® Core™ Ultra 7 14gen 155U,Intel Core Ultra 7 14gen 155U,Intel,Core Ultra 7,14,Intel®  Graphics,Intel Graphics,Intel,,,False,False,False,False,True,Windows 11 Professional
"Laptop Lenovo ThinkPad X1 Carbon Gen 12 OLED 14"" Ultra 7 155U 32GB RAM 1TB Dysk SSD Win11 Pro Czarny Funkcje AI",15099.0,"14 "", ekran dotykowy 2880 x 1800 pikseli 120 Hz",14.0,2880,1800,5184000,120,32 GB   LPDDR5x 6400 Mhz RAM,32,1 TB SSD,1024,Intel® Core™ Ultra 7 14gen 155U,Intel Core Ultra 7 14gen 155U,Intel,Core Ultra 7,14,Intel®  Graphics,Intel Graphics,Intel,,,False,False,False,False,True,Windows 11 Professional
"Laptop gamingowy Dell Alienware x15 R2 15R2-4698 15,6"" 360Hz i7-12700H 32GB RAM 2TB Dysk SSD RTX3080Ti Win11 Szary",15999.0,"15,6 "",  1920 x 1080 pikseli 360 Hz",15.6,1920,1080,2073600,360,32 GB  LPDDR5 5200 Mhz RAM,32,2 TB SSD,2048,Intel® Core™ i7 12gen 12700H,Intel Core i7 12gen 12700H,Intel,Core i7,12,NVIDIA® GeForce RTX™ 3080 Ti + Intel Iris Xe Graphics,NVIDIA GeForce RTX 3080 Ti + Intel Iris Xe Graphics,NVIDIA,GeForce RTX 3080 Ti,GeForce RTX 3080 Ti,True,True,True,False,True,Windows 11 Home Edition
"Laptop Lenovo V15 IML 15,6"" i3-10110U 8GB RAM 256GB Dysk Szary",1799.0,"15,6 "",  1920 x 1080 pikseli",15.6,1920,1080,2073600,,8 GB  DDR4 2666 MHz RAM,8,256 GB SSD,256,Intel® Core™ i3 10gen 10110U,Intel Core i3 10gen 10110U,Intel,Core i3,10,Intel®  UHD Graphics,Intel UHD Graphics,Intel,UHD,,False,False,False,False,True,bez systemu
"Laptop Huawei MateBook D 15 15,6"" i3-1115G4 8GB RAM 256GB Dysk SSD Win11 Srebrny",2499.0,"15,6 "",  1920 x 1080 pikseli",15.6,1920,1080,2073600,,8 GB  DDR4 RAM,8,256 GB SSD,256,Intel® Core™ i3 11gen 1115G4,Intel Core i3 11gen 1115G4,Intel,Core i3,11,Intel®  UHD Graphics,Intel UHD Graphics,Intel,UHD,,False,False,False,False,True,Windows 11 Home Edition
"Laptop biznesowy Dell Vostro 3440 14"" i5-1334U 16GB RAM 512GB Dysk SSD Win11 Pro Szary",2719.0,"14 "",  1920 x 1200 pikseli 60 Hz",14.0,1920,1200,2304000,60,16 GB  DDR5 4400 Mhz RAM,16,512 GB SSD,512,Intel® Core™ i5 13gen 1334U,Intel Core i5 13gen 1334U,Intel,Core i5,13,Intel®  Iris Xe Graphics,Intel Iris Xe Graphics,Intel,Iris Xe,,False,False,False,False,True,Windows 11 Professional
"Laptop ASUS Vivobook S14 S3407VA-LY014 14"" i5-13420H 16GB RAM 512GB Dysk SSD Szary",2799.0,"14 "",  1920 x 1200 pikseli 60 Hz",14.0,1920,1200,2304000,60,16 GB  DDR5 RAM,16,512 GB SSD,512,Intel® Core™ i5 13gen 13420H,Intel Core i5 13gen 13420H,Intel,Core i5,13,Intel®  UHD Graphics,Intel UHD Graphics,Intel,UHD,,False,False,False,False,True,bez systemu
"Laptop Dell Inspiron 3525-6549 15,6"" 120Hz R7 5825U 16GB RAM 512GB Dysk SSD Win11 Czarny",2999.0,"15,6 "",  1920 x 1080 pikseli 120 Hz",15.6,1920,1080,2073600,120,16 GB  DDR4 3200 MHz RAM,16,512 GB SSD,512,AMD Ryzen™ 7 5825U,AMD Ryzen 7 5825U,AMD,Ryzen 7,,AMD  Radeon™ Graphics,AMD Radeon Graphics,AMD,Radeon,,False,False,False,True,False,Windows 11 Home Edition
"Laptop Huawei MateBook D 15 15,6"" i5-1135G7 8GB RAM 512GB Dysk SSD Win11 Srebrny",2999.0,"15,6 "",  1920 x 1080 pikseli",15.6,1920,1080,2073600,,8 GB  DDR4 RAM,8,512 GB SSD,512,Intel® Core™ i5 11gen 1135G7,Intel Core i5 11gen 1135G7,Intel,Core i5,11,Intel®  Iris Xe Graphics,Intel Iris Xe Graphics,Intel,Iris Xe,,False,False,False,False,True,Windows 11 Home Edition
"Laptop Lenovo IdeaPad Slim 3 15AMN8 15,6"" R5 7520U 16GB RAM 512GB Dysk SSD Win11 Szary",2999.0,"15,6 "",  1920 x 1080 pikseli 60 Hz",15.6,1920,1080,2073600,60,16 GB  LPDDR5 5500 Mhz RAM,16,512 GB SSD,512,AMD Ryzen™ 5 7520U,AMD Ryzen 5 7520U,AMD,Ryzen 5,,AMD  Radeon™ 610M,AMD Radeon 610M,AMD,Radeon 610M,,False,False,False,True,False,Windows 11 Home Edition
"Laptop MSI Modern 15 H C13M-202PL 15,6"" i5-13420H 16GB RAM 512GB Dysk SSD Win11 Czarny",2999.0,"15,6 "",  1920 x 1080 pikseli 60 Hz",15.6,1920,1080,2073600,60,16 GB  DDR4 3200 MHz RAM,16,512 GB SSD,512,Intel® Core™ i5 13gen 13420H,Intel Core i5 13gen 13420H,Intel,Core i5,13,Intel®  UHD Graphics,Intel UHD Graphics,Intel,UHD,,False,False,False,False,True,Windows 11 Home Edition
"Laptop Huawei MateBook D14 14"" i5-1135G7 8GB RAM 512GB Dysk SSD Win11 Srebrny",3199.0,"14 "",  1920 x 1080 pikseli",14.0,1920,1080,2073600,,8 GB  DDR4 RAM,8,512 GB SSD,512,Intel® Core™ i5 11gen 1135G7,Intel Core i5 11gen 1135G7,Intel,Core i5,11,Intel®  Iris Xe Graphics,Intel Iris Xe Graphics,Intel,Iris Xe,,False,False,False,False,True,Windows 11 Home Edition
Laptop biznesowy Dell Inspiron 16 5620-3493 16'' i5-1235U 16GB RAM 512GB Dysk SSD Win11 Srebrny,3499.0,"16 "",  1920 x 1200 pikseli",16.0,1920,1200,2304000,,16 GB  DDR4 3200 MHz RAM,16,512 GB SSD,512,Intel® Core™ i5 12gen 1235U,Intel Core i5 12gen 1235U,Intel,Core i5,12,Intel®  Iris Xe Graphics,Intel Iris Xe Graphics,Intel,Iris Xe,,False,False,False,False,True,Windows 11 Home Edition
"Laptop gamingowy Dell G15 5511-6204 15,6"" 120Hz i5-11260H 16GB RAM 512GB Dysk SSD RTX3050 Win11 Czarny",3999.0,"15,6 "",  1920 x 1080 pikseli 120 Hz",15.6,1920,1080,2073600,120,16 GB  DDR4 3200 MHz RAM,16,512 GB SSD,512,Intel® Core™ i5 11gen 11260H,Intel Core i5 11gen 11260H,Intel,Core i5,11,NVIDIA® GeForce RTX™ 3050 + Intel UHD Graphics,NVIDIA GeForce RTX 3050 + Intel UHD Graphics,NVIDIA,GeForce RTX 3050,GeForce RTX 3050,True,True,True,False,True,Windows 11 Home Edition
"Laptop gamingowy Lenovo IdeaPad Gaming 3 15IAH7 15,6"" 165Hz i5-12450H 16GB RAM 512GB Dysk SSD RTX3050 Szary",3999.0,"15,6 "",  1920 x 1080 pikseli 165 Hz",15.6,1920,1080,2073600,165,16 GB  DDR4 3200 MHz RAM,16,512 GB SSD,512,Intel® Core™ i5 12gen 12450H,Intel Core i5 12gen 12450H,Intel,Core i5,12,NVIDIA® GeForce RTX™ 3050 + Intel UHD Graphics,NVIDIA GeForce RTX 3050 + Intel UHD Graphics,NVIDIA,GeForce RTX 3050,GeForce RTX 3050,True,True,True,False,True,bez systemu
"Laptop Lenovo IdeaPad 5 2-in-1 14Q8X9 OLED 14"" Snapdragon X Plus X1P-42-100 16GB RAM 512GB Dysk SSD Win11 Szary Funkcje AI",4199.0,"14 "", ekran dotykowy 1920 x 1200 pikseli 60 Hz",14.0,1920,1200,2304000,60,16 GB  LPDDR5x 8448 Mhz RAM,16,512 GB SSD,512,Qualcomm® Snapdragon® X Plus X1P-42-100,Qualcomm Snapdragon X Plus X1P-42-100,Qualcomm,Snapdragon X Plus,,Qualcomm®  Adreno™ Graphics,Qualcomm Adreno Graphics,Qualcomm,Adreno,,False,False,False,False,False,Windows 11 Home Edition
"Laptop ultrabook Dell XPS 13 9315-9195 13,4"" i5-1230U 16GB RAM 512GB Dysk SSD Win11 Pro Niebieski",4499.0,"13,4 "",  1920 x 1200 pikseli 60 Hz",13.4,1920,1200,2304000,60,16 GB  LPDDR5 5200 Mhz RAM,16,512 GB,512,Intel® Core™ i5 12gen 1230U,Intel Core i5 12gen 1230U,Intel,Core i5,12,Intel®  Iris Xe Graphics,Intel Iris Xe Graphics,Intel,Iris Xe,,False,False,False,False,True,Windows 11 Professional
"Laptop biznesowy Lenovo ThinkBook 14 G7 IML 14"" Ultra 5 125U 16GB RAM 512GB Dysk SSD Win11 Pro Szary",4549.0,"14 "",  1920 x 1200 pikseli 60 Hz",14.0,1920,1200,2304000,60,16 GB  DDR5 5600 Mhz RAM,16,512 GB SSD,512,Intel® Core™ Ultra 5 14gen 125U,Intel Core Ultra 5 14gen 125U,Intel,Core Ultra 5,14,Intel®  Graphics,Intel Graphics,Intel,,,False,False,False,False,True,Windows 11 Professional
"Laptop gamingowy Lenovo Legion 5 15ACH6 15,6"" 165Hz R7 5800H 16GB RAM 512GB Dysk SSD RTX3050 Czarno-niebieski",4999.0,"15,6 "",  2560 x 1440 pikseli 165 Hz",15.6,2560,1440,3686400,165,16 GB  DDR4 3200 MHz RAM,16,512 GB SSD,512,AMD Ryzen™ 7 5800H,AMD Ryzen 7 5800H,AMD,Ryzen 7,,NVIDIA® GeForce RTX™ 3050 + AMD Radeon™  Graphics,NVIDIA GeForce RTX 3050 + AMD Radeon Graphics,NVIDIA,GeForce RTX 3050,GeForce RTX 3050,True,True,True,True,False,bez systemu
"Laptop Lenovo ThinkPad E16 Gen 1 16"" i5-1335U 16GB RAM 512GB Dysk SSD MX550 Win11 Pro Czarny",5499.0,"16 "",  1920 x 1200 pikseli 60 Hz",16.0,1920,1200,2304000,60,16 GB  DDR4 3200 MHz RAM,16,512 GB SSD,512,Intel® Core™ i5 13gen 1335U,Intel Core i5 13gen 1335U,Intel,Core i5,13,NVIDIA® GeForce MX550 + Intel Iris Xe Graphics,NVIDIA GeForce MX550 + Intel Iris Xe Graphics,NVIDIA,GeForce MX550,GeForce MX550,False,True,True,False,True,Windows 11 Professional
"Laptop gamingowy Lenovo Legion 5 15IAH7H 15,6"" 165Hz i5-12500H 16GB RAM 512GB Dysk SSD RTX3060 Szary",6099.0,"15,6 "",  1920 x 1080 pikseli 165 Hz",15.6,1920,1080,2073600,165,16 GB  DDR5 4800 Mhz RAM,16,512 GB SSD,512,Intel® Core™ i5 12gen 12500H,Intel Core i5 12gen 12500H,Intel,Core i5,12,NVIDIA® GeForce RTX™ 3060 + Intel Iris Xe Graphics,NVIDIA GeForce RTX 3060 + Intel Iris Xe Graphics,NVIDIA,GeForce RTX 3060,GeForce RTX 3060,True,True,True,False,True,bez systemu
"Laptop gamingowy Lenovo Legion 5 16IRX9 16"" 240Hz i7-14650HX 16GB RAM 512GB Dysk SSD RTX4070 DLSS3 Szary Funkcje AI",7699.0,"16 "",  2560 x 1600 pikseli 240 Hz",16.0,2560,1600,4096000,240,16 GB  DDR5 5600 Mhz RAM,16,512 GB SSD,512,Intel® Core™ i7 14gen 14650HX,Intel Core i7 14gen 14650HX,Intel,Core i7,14,NVIDIA® GeForce RTX™ 4070 + Intel UHD Graphics,NVIDIA GeForce RTX 4070 + Intel UHD Graphics,NVIDIA,GeForce RTX 4070,GeForce RTX 4070,True,True,True,False,True,bez systemu
"Laptop gamingowy Lenovo Legion 5 15ACH6H 15,6"" 165Hz R5 5600H 16GB RAM 1TB Dysk SSD RTX3070 Win11 Czarno-niebieski",7999.0,"15,6 "",  2560 x 1440 pikseli 165 Hz",15.6,2560,1440,3686400,165,16 GB  DDR4 3200 MHz RAM,16,1 TB SSD,1024,AMD Ryzen™ 5 5600H,AMD Ryzen 5 5600H,AMD,Ryzen 5,,NVIDIA® GeForce RTX™ 3070 + AMD Radeon™  Graphics,NVIDIA GeForce RTX 3070 + AMD Radeon Graphics,NVIDIA,GeForce RTX 3070,GeForce RTX 3070,True,True,True,True,False,Windows 11 Home Edition
"Laptop gamingowy MSI Katana 17 B13VGK-856XPL 17,3"" 144Hz i7-13620H 16GB RAM 1TB Dysk SSD RTX4070 DLSS3 Czarny",8199.0,"17,3 "",  1920 x 1080 pikseli 144 Hz",17.3,1920,1080,2073600,144,16 GB  DDR5 5200 Mhz RAM,16,1 TB SSD,1024,Intel® Core™ i7 13gen 13620H,Intel Core i7 13gen 13620H,Intel,Core i7,13,NVIDIA® GeForce RTX™ 4070 + Intel UHD Graphics,NVIDIA GeForce RTX 4070 + Intel UHD Graphics,NVIDIA,GeForce RTX 4070,GeForce RTX 4070,True,True,True,False,True,bez systemu
Laptop gamingowy HP OMEN 14-fb0422nw OLED 14'' 120Hz Ultra 7 155H 16GB RAM 1TB Dysk SSD RTX4060 DLSS3 Win11 Czarny Funkcje AI,9169.0,"14 "",  2880 x 1800 pikseli 120 Hz",14.0,2880,1800,5184000,120,16 GB  LPDDR5x 7467 Mhz RAM,16,1 TB SSD,1024,Intel® Core™ Ultra 7 14gen 155H,Intel Core Ultra 7 14gen 155H,Intel,Core Ultra 7,14,NVIDIA® GeForce RTX™ 4060 + Intel Arc Graphics,NVIDIA GeForce RTX 4060 + Intel Arc Graphics,NVIDIA,GeForce RTX 4060,GeForce RTX 4060,True,True,True,False,True,Windows 11 Home Edition
"Laptop biznesowy Dell Vostro 3440 14"" i3-1305U 8GB RAM 512GB Dysk SSD Win11 Pro Szary",2199.0,"14 "",  1920 x 1200 pikseli 60 Hz",14.0,1920,1200,2304000,60,8 GB  DDR5 4400 Mhz RAM,8,512 GB SSD,512,Intel® Core™ i3 13gen 1305U,Intel Core i3 13gen 1305U,Intel,Core i3,13,Intel®  UHD Graphics,Intel UHD Graphics,Intel,UHD,,False,False,False,False,True,Windows 11 Professional
"Laptop Lenovo IdeaPad 3 15IIL05 15,6"" i5-1035G1 8GB RAM 512GB Dysk Szary",2399.0,"15,6 "",  1920 x 1080 pikseli 60 Hz",15.6,1920,1080,2073600,60,8 GB  DDR4 2666 MHz RAM,8,512 GB SSD,512,Intel® Core™ i5 10gen 1035G1,Intel Core i5 10gen 1035G1,Intel,Core i5,10,Intel®  UHD Graphics,Intel UHD Graphics,Intel,UHD,,False,False,False,False,True,bez systemu
"Laptop biznesowy Dell Pro 14 Essential PV14250 14"" Core 3 100U 8GB RAM 512GB Dysk SSD Win11 Pro Srebrny Funkcje AI",2649.0,"14 "",  1920 x 1200 pikseli 60 Hz",14.0,1920,1200,2304000,60,8 GB  DDR5 5200 Mhz RAM,8,512 GB SSD,512,Intel® Core™ 3 100U,Intel Core 3 100U,Intel,Core 3,,Intel®  Graphics,Intel Graphics,Intel,,,False,False,False,False,True,Windows 11 Professional
"Laptop Dell Inspiron 5625-6440 16""' R5 5625U 16GB RAM 512GB Dysk SSD Win11 Srebrny",2999.0,"16 "",  1920 x 1200 pikseli",16.0,1920,1200,2304000,,16 GB  DDR4 3200 MHz RAM,16,512 GB SSD,512,AMD Ryzen™ 5 5625U,AMD Ryzen 5 5625U,AMD,Ryzen 5,,AMD  Radeon™ Graphics,AMD Radeon Graphics,AMD,Radeon,,False,False,False,True,False,Windows 11 Home Edition
"Laptop biznesowy Dell Vostro 3530 15,6"" i7-1355U 16GB RAM 512GB Dysk SSD Win11 Pro Czarny",3449.0,"15,6 "",  1920 x 1080 pikseli 120 Hz",15.6,1920,1080,2073600,120,16 GB  DDR4 3200 MHz RAM,16,512 GB SSD,512,Intel® Core™ i7 13gen 1355U,Intel Core i7 13gen 1355U,Intel,Core i7,13,Intel®  Iris Xe Graphics,Intel Iris Xe Graphics,Intel,Iris Xe,,False,False,False,False,True,Windows 11 Professional
"Laptop Dell Inspiron 15 5510-5917 15,6"" i5-11320H 16GB RAM 512GB Dysk SSD Win11 Srebrny",3499.0,"15,6 "",  1920 x 1080 pikseli",15.6,1920,1080,2073600,,16 GB  DDR4 3200 MHz RAM,16,512 GB SSD,512,Intel® Core™ i5 11gen 11320H,Intel Core i5 11gen 11320H,Intel,Core i5,11,Intel®  Iris Xe Graphics,Intel Iris Xe Graphics,Intel,Iris Xe,,False,False,False,False,True,Windows 11 Home Edition
"Laptop gamingowy MSI Cyborg 15 A13VF-1484XPL 15,6""144Hz  i7-13620H 16GB RAM 512GB Dysk SSD RTX4060 DLSS3 Czarny",4365.82,"15,6 "",  1920 x 1080 pikseli 144 Hz",15.6,1920,1080,2073600,144,16 GB  DDR5 5200 Mhz RAM,16,512 GB SSD,512,Intel® Core™ i7 13gen 13620H,Intel Core i7 13gen 13620H,Intel,Core i7,13,NVIDIA® GeForce RTX™ 4060 + Intel UHD Graphics,NVIDIA GeForce RTX 4060 + Intel UHD Graphics,NVIDIA,GeForce RTX 4060,GeForce RTX 4060,True,True,True,False,True,bez systemu
"Laptop Acer TravelMate P4 16 TMP416-53-TCO 16"" Ulta 5 125U 16GB RAM 512GB Dysk SSD Win11 Pro Czarno-niebieski Funkcje AI",4699.0,"16 "",  1920 x 1200 pikseli 60 Hz",16.0,1920,1200,2304000,60,16 GB  DDR5 RAM,16,512 GB SSD,512,Intel® Core™ Ultra 5 14gen 125U,Intel Core Ultra 5 14gen 125U,Intel,Core Ultra 5,14,Intel®  Graphics,Intel Graphics,Intel,,,False,False,False,False,True,Windows 11 Professional
"Laptop gamingowy HIRO 7165 15,6"" i7-9750H 8GB RAM 512GB Dysk SSD GTX1650 Win11 Szary",4699.0,"15,6 "",  1920 x 1080 pikseli 60 Hz",15.6,1920,1080,2073600,60,8 GB  DDR4 2666 MHz RAM,8,512 GB,512,Intel® Core™ i7 9gen 9750H,Intel Core i7 9gen 9750H,Intel,Core i7,9,NVIDIA® GeForce GTX 1650 + Intel UHD Graphics 630,NVIDIA GeForce GTX 1650 + Intel UHD Graphics 630,NVIDIA,GeForce GTX 1650,GeForce GTX 1650,True,True,True,False,True,Windows 11 Home Edition
"Laptop Lenovo IdeaPad 5 Pro 16ACH6 16"" 120Hz R5 5600H 16GB RAM 512GB Dysk SSD GTX1650 Win11 Szary",4849.0,"16 "",  2560 x 1600 pikseli 120 Hz",16.0,2560,1600,4096000,120,16 GB  DDR4 3200 MHz RAM,16,512 GB SSD,512,AMD Ryzen™ 5 5600H,AMD Ryzen 5 5600H,AMD,Ryzen 5,,NVIDIA® GeForce GTX 1650 + AMD Radeon™ Graphics,NVIDIA GeForce GTX 1650 + AMD Radeon Graphics,NVIDIA,GeForce GTX 1650,GeForce GTX 1650,False,True,True,True,False,Windows 11 Home Edition
"Laptop gamingowy Dell G15 5511-6365 15,6"" 165Hz i7-11800H 16GB RAM 512GB Dysk SSD RTX3060 Win11 Czarny",5499.0,"15,6 "",  1920 x 1080 pikseli 165 Hz",15.6,1920,1080,2073600,165,16 GB  DDR4 3200 MHz RAM,16,512 GB SSD,512,Intel® Core™ i7 11gen 11800H,Intel Core i7 11gen 11800H,Intel,Core i7,11,NVIDIA® GeForce RTX™ 3060 + Intel UHD Graphics,NVIDIA GeForce RTX 3060 + Intel UHD Graphics,NVIDIA,GeForce RTX 3060,GeForce RTX 3060,True,True,True,False,True,Windows 11 Home Edition
"Laptop gamingowy Gigabyte AORUS 15 2024 BKG-13EE754SH 15,6"" 165Hz Ultra 7 155H 16GB RAM 1TB Dysk SSD RTX4060 DLSS3 Win11 Czarny",5799.0,"15,6 "",  2560 x 1440 pikseli 165 Hz",15.6,2560,1440,3686400,165,16 GB  DDR5 5600 Mhz RAM,16,1 TB SSD,1024,Intel® Core™ Ultra 7 14gen 155H,Intel Core Ultra 7 14gen 155H,Intel,Core Ultra 7,14,NVIDIA® GeForce RTX 4060 + Intel Arc Graphics,NVIDIA GeForce RTX 4060 + Intel Arc Graphics,NVIDIA,GeForce RTX 4060,GeForce RTX 4060,True,True,True,False,True,Windows 11 Home Edition
"Laptop Lenovo ThinkPad E14 Gen 6 14"" Ultra 7 155H 16GB RAM 512GB Dysk SSD Win11 Pro Czarny",5899.0,"14 "",  1920 x 1200 pikseli",14.0,1920,1200,2304000,,16 GB  DDR5 5600 Mhz RAM,16,512 GB SSD,512,Intel® Core™ Ultra 7 14gen 155H,Intel Core Ultra 7 14gen 155H,Intel,Core Ultra 7,14,Intel®  Arc™ Graphics,Intel Arc Graphics,Intel,Arc,,False,False,False,False,True,Windows 11 Professional
"Laptop biznesowy Dell Latitude 7350 13,3"" Ultra 5 135U 16GB RAM 512GB Dysk SSD Win11 Pro Srebrny Funkcje AI",6449.0,"13,3 "",  1920 x 1200 pikseli 60 Hz",13.3,1920,1200,2304000,60,16 GB   LPDDR5x 6400 Mhz RAM,16,512 GB SSD,512,Intel® Core™ Ultra 5 14gen 135U,Intel Core Ultra 5 14gen 135U,Intel,Core Ultra 5,14,Intel®  Graphics,Intel Graphics,Intel,,,False,False,False,False,True,Windows 11 Professional
"Laptop gamingowy HIRO 15,6"" Intel® Core™ i7-9750H 16GB RAM 512GB Dysk SSD GTX1660Ti Win10 Szary",6549.0,"15,6 "",  1920 x 1080 pikseli",15.6,1920,1080,2073600,,16 GB  DDR4 2666 MHz RAM,16,512 GB SSD,512,Intel® Core™ i7 9gen 9750H,Intel Core i7 9gen 9750H,Intel,Core i7,9,NVIDIA® NVIDIA GeForce GTX™ 1660 Ti + Intel UHD Graphics,NVIDIA NVIDIA GeForce GTX 1660 Ti + Intel UHD Graphics,NVIDIA,GeForce GTX 1660 Ti,GeForce GTX 1660 Ti,True,True,True,False,True,Windows 10 Home Edition
"Laptop gamingowy Lenovo Legion 7 15IMH05 15,6"" 144Hz i7-10750H 16GB RAM 1TB Dysk SSD RTX2080SMQ Szary",9399.0,"15,6 "",  1920 x 1080 pikseli 144 Hz",15.6,1920,1080,2073600,144,16 GB  DDR4 2933 MHz RAM,16,1 TB SSD,1024,Intel® Core™ i7 10gen 10750H,Intel Core i7 10gen 10750H,Intel,Core i7,10,NVIDIA® GeForce RTX™ 2080 Super Max-Q + Intel UHD Graphics,NVIDIA GeForce RTX 2080 Super Max-Q + Intel UHD Graphics,NVIDIA,GeForce RTX 2080,GeForce RTX 2080,True,True,True,False,True,bez systemu
"Laptop gamingowy HIRO X570T 15,6"" 144Hz i7-12700H 16GB RAM 1TB Dysk SSD RTX3070Ti Win11 Czarny",9949.0,"15,6 "",  1920 x 1080 pikseli 144 Hz",15.6,1920,1080,2073600,144,16 GB  DDR4 3200 MHz RAM,16,1 TB SSD,1024,Intel® Core™ i7 12gen 12700H,Intel Core i7 12gen 12700H,Intel,Core i7,12,NVIDIA® GeForce RTX™ 3070 Ti + Intel Iris Xe Graphics,NVIDIA GeForce RTX 3070 Ti + Intel Iris Xe Graphics,NVIDIA,GeForce RTX 3070 Ti,GeForce RTX 3070 Ti,True,True,True,False,True,Windows 11 Home Edition
"Laptop Dell XPS 13 9320-3912 OLED 13,4"" i7-1260P 16GB RAM 1TB Dysk SSD Win11 Platynowy",11499.0,"13,4 "", ekran dotykowy 3456 x 2160 pikseli 60 Hz",13.4,3456,2160,7464960,60,16 GB  LPDDR5 5200 Mhz RAM,16,1 TB SSD,1024,Intel® Core™ i7 1260P,Intel Core i7 1260P,Intel,Core i7,,Intel®  UHD Graphics,Intel UHD Graphics,Intel,UHD,,False,False,False,False,True,Windows 11 Home Edition
"Laptop gamingowy Razer Blade 15 15,6"" 360Hz i7-12800H -16GB RAM 1TB Dysk SSD RTX3070Ti Win11 Czarny",12560.0,"15,6 "",  1920 x 1080 pikseli 360 Hz",15.6,1920,1080,2073600,360,16 GB  DDR5 4800 Mhz RAM,16,1 TB SSD,1024,Intel® Core™ i7 12800H,Intel Core i7 12800H,Intel,Core i7,,NVIDIA® GeForce RTX 3070 Ti + Intel Iris Xe Graphics,NVIDIA GeForce RTX 3070 Ti + Intel Iris Xe Graphics,NVIDIA,GeForce RTX 3070 Ti,GeForce RTX 3070 Ti,True,True,True,False,True,Windows 11 Home Edition
Laptop Dell Inspiron 5625-6426 16' R5 5625U 16GB RAM 512GB Dysk SSD Win11 Srebrny,3150.0,"16 "",  1920 x 1200 pikseli",16.0,1920,1200,2304000,,16 GB  DDR4 3200 MHz RAM,16,512 GB SSD,512,AMD Ryzen™ 5 5625U,AMD Ryzen 5 5625U,AMD,Ryzen 5,,AMD  Radeon™ Graphics,AMD Radeon Graphics,AMD,Radeon,,False,False,False,True,False,Windows 11 Home Edition
"Laptop gamingowy Dell Alienware x16 AX16-6603 16"" 240Hz i9-13900HK 32GB RAM 2TB Dysk SSD RTX4080 DLSS3 Win11 Srebrny",17000.0,"16 "",  2560 x 1600 pikseli 240 Hz",16.0,2560,1600,4096000,240,32 GB  LPDDR5 6000 Mhz RAM,32,2 TB SSD,2048,Intel® Core™ i9 13gen 13900HK,Intel Core i9 13gen 13900HK,Intel,Core i9,13,NVIDIA® GeForce RTX™ 4080 + Intel Iris Xe Graphics,NVIDIA GeForce RTX 4080 + Intel Iris Xe Graphics,NVIDIA,GeForce RTX 4080,GeForce RTX 4080,True,True,True,False,True,Windows 11 Home Edition
"Laptop ASUS Vivobook S14 S3407QA-KP003W 14"" Snapdragon X X1-26-100 16GB RAM 512GB Dysk SSD Win11 Szary Funkcje AI",3330.0,"14 "",  2560 x 1600 pikseli 60 Hz",14.0,2560,1600,4096000,60,16 GB  LPDDR5X RAM,16,512 GB SSD,512,Qualcomm® Snapdragon® X X1-26-100,Qualcomm Snapdragon X X1-26-100,Qualcomm,Snapdragon X,,Qualcomm®  Adreno™,Qualcomm Adreno,Qualcomm,Adreno,,False,False,False,False,False,Windows 11 Home Edition
"Laptop 2w1 Lenovo ThinkPad X1 Titanium Yoga Gen1 13,5"" i7-1160G7 16GB RAM 512GB Dysk SSD Win10 Pro Tytanowy",6375.0,"13,5 "", ekran dotykowy 2256 x 1504 pikseli",13.5,2256,1504,3393024,,16 GB  LPDDR4X RAM,16,512 GB SSD,512,Intel® Core™ i7 11gen 1160G7,Intel Core i7 11gen 1160G7,Intel,Core i7,11,Intel®  Iris Xe Graphics,Intel Iris Xe Graphics,Intel,Iris Xe,,False,False,False,False,True,Windows 10 Professional
"Laptop gamingowy Dell G15 5521-4353 SE 15,6"" 165Hz i7-12700H 16GB RAM 1TB Dysk SSD RTX3070Ti Win11 Czarny",6800.0,"15,6 "",  1920 x 1080 pikseli 165 Hz",15.6,1920,1080,2073600,165,16 GB  DDR5 4800 Mhz RAM,16,1 TB SSD,1024,Intel® Core™ i7 12gen 12700H,Intel Core i7 12gen 12700H,Intel,Core i7,12,NVIDIA® GeForce RTX™ 3070 Ti + Intel Iris Xe Graphics,NVIDIA GeForce RTX 3070 Ti + Intel Iris Xe Graphics,NVIDIA,GeForce RTX 3070 Ti,GeForce RTX 3070 Ti,True,True,True,False,True,Windows 11 Home Edition
"Laptop gamingowy ASUS TUF Dash F15 FX516PR-AZ024 15,6"" 240Hz Intel® Core™ i7-11370H 16GB RAM 1TB SSD Dysk RTX3070 Grafika Biały",6885.0,"15,6 "",  1920 x 1080 pikseli 240 Hz",15.6,1920,1080,2073600,240,16 GB  DDR4 3200 MHz RAM,16,1 TB SSD,1024,Intel® Core™ i7 11gen 11370H,Intel Core i7 11gen 11370H,Intel,Core i7,11,NVIDIA® GeForce RTX™ 3070 + Intel Iris Xe Graphics,NVIDIA GeForce RTX 3070 + Intel Iris Xe Graphics,NVIDIA,GeForce RTX 3070,GeForce RTX 3070,True,True,True,False,True,bez systemu
"Laptop Dell Latitude 7440 14"" i7-1365U 16GB RAM 512GB Dysk SSD Win11 Pro Srebrny",7650.0,"14 "",  1920 x 1200 pikseli 60 Hz",14.0,1920,1200,2304000,60,16 GB  LPDDR5 RAM,16,512 GB SSD,512,Intel® Core™ i7 13gen 1365U,Intel Core i7 13gen 1365U,Intel,Core i7,13,Intel®  Iris Xe Graphics,Intel Iris Xe Graphics,Intel,Iris Xe,,False,False,False,False,True,Windows 11 Professional
"Laptop biznesowy Lenovo ThinkPad X1 Fold 16 Gen 1 OLED 16,3"" i7-1260U 32GB RAM 1TB Dysk SSD Win11 Pro Czarny",16575.0,"16,3"", ekran dotykowy 2560 x 2024 pikseli",16.3,2560,2024,5181440,,32 GB  LPDDR5 5200 Mhz RAM,32,1 TB SSD,1024,Intel® Core™ i7 12gen 1260U,Intel Core i7 12gen 1260U,Intel,Core i7,12,Intel®  UHD Graphics,Intel UHD Graphics,Intel,UHD,,False,False,False,False,True,Windows 11 Professional
"Laptop 2w1 Lenovo Yoga C930-13IKB 13,9"" i5-8250U 8GB RAM 512GB Dysk SSD Win10 Szary",5490.0,"13,9 "", ekran dotykowy 1920 x 1080 pikseli 60 Hz",13.9,1920,1080,2073600,60,8 GB  DDR4 2400 MHz RAM,8,512 GB SSD,512,Intel® Core™ i5 8gen 8250U,Intel Core i5 8gen 8250U,Intel,Core i5,8,Intel®  UHD Graphics 620,Intel UHD Graphics 620,Intel,UHD Graphics 620,,False,False,False,False,True,Windows 10 Home Edition
"Laptop biznesowy Dell Latitude 7640 16"" i7-1355U 16GB RAM 512GB Dysk SSD Win11 Pro Szary",7395.0,"16 "",  1920 x 1200 pikseli 60 Hz",16.0,1920,1200,2304000,60,16 GB  LPDDR5 4800 Mhz RAM,16,512 GB SSD,512,Intel® Core™ i7 13gen 1355U,Intel Core i7 13gen 1355U,Intel,Core i7,13,Intel®  Iris Xe Graphics,Intel Iris Xe Graphics,Intel,Iris Xe,,False,False,False,False,True,Windows 11 Professional
Laptop gamingowy Dell XPS 17 9720-8458 17'' i7-12700H 16GB RAM 1TB Dysk SSD RTX3060 Win11 Pro Srebrny,12400.0,"17 "", ekran dotykowy 3840 x 2400 pikseli",17.0,3840,2400,9216000,,16 GB  DDR5 4800 Mhz RAM,16,1 TB SSD,1024,Intel® Core™ i7 12gen 12700H,Intel Core i7 12gen 12700H,Intel,Core i7,12,NVIDIA® GeForce RTX™ 3060 + Intel Iris Xe Graphics,NVIDIA GeForce RTX 3060 + Intel Iris Xe Graphics,NVIDIA,GeForce RTX 3060,GeForce RTX 3060,True,True,True,False,True,Windows 11 Professional
"Laptop gamingowy Lenovo Legion S7 15ACH6 15,6"" 165Hz R7 5800H 16GB RAM 512GB Dysk SSD RTX3050Ti Win10 Szary",5865.0,"15,6 "",  1920 x 1080 pikseli 165 Hz",15.6,1920,1080,2073600,165,16 GB  DDR4 3200 MHz RAM,16,512 GB SSD,512,AMD Ryzen™ 7 5800H,AMD Ryzen 7 5800H,AMD,Ryzen 7,,NVIDIA® GeForce RTX™ 3050 Ti + AMD Radeon™  Graphics,NVIDIA GeForce RTX 3050 Ti + AMD Radeon Graphics,NVIDIA,GeForce RTX 3050 Ti,GeForce RTX 3050 Ti,True,True,True,True,False,Windows 10 Home Edition
"Laptop MSI Creator 15 A10UET-201PL 15,6"" i7-10875H 16GB RAM 1TB Dysk SSD RTX3060 Win10 Pro Szary",10080.0,"15,6 "", ekran dotykowy 1920 x 1080 pikseli 60 Hz",15.6,1920,1080,2073600,60,16 GB  DDR4 3200 MHz RAM,16,1 TB SSD,1024,Intel® Core™ i7 10gen 10875H,Intel Core i7 10gen 10875H,Intel,Core i7,10,NVIDIA® GeForce RTX™ 3060 + Intel UHD Graphics,NVIDIA GeForce RTX 3060 + Intel UHD Graphics,NVIDIA,GeForce RTX 3060,GeForce RTX 3060,False,True,True,False,True,Windows 10 Professional
"Laptop gamingowy Lenovo Legion Pro 5 16IAX10 OLED 16"" 165Hz Ultra 9 275HX 32GB RAM 1TB Dysk SSD RTX5060 DLSS4 Czarny Funkcje AI",,"16 "",  2560 x 1600 pikseli 165 Hz",16.0,2560,1600,4096000,165,32 GB  DDR5 5600 Mhz RAM,32,1 TB SSD,1024,Intel® Core™ Ultra 9 15gen 275HX,Intel Core Ultra 9 15gen 275HX,Intel,Core Ultra 9,15,NVIDIA® GeForce RTX™ 5060 + Intel Graphics,NVIDIA GeForce RTX 5060 + Intel Graphics,NVIDIA,GeForce RTX 5060,GeForce RTX 5060,True,True,True,False,True,bez systemu
"Laptop gamingowy Gigabyte Gaming A16 3THK3EE893SH 16"" 165Hz R7 260 16GB RAM 512GB Dysk SSD RTX5050 DLSS4 Win11 Czarny Funkcje AI",,"16 "",  1920 x 1200 pikseli 165 Hz",16.0,1920,1200,2304000,165,16 GB  DDR5 5600 Mhz RAM,16,512 GB SSD,512,AMD Ryzen™ 7 260,AMD Ryzen 7 260,AMD,Ryzen 7,,NVIDIA® GeForce RTX 5050 + AMD Radeon™ 780M,NVIDIA GeForce RTX 5050 + AMD Radeon 780M,NVIDIA,GeForce RTX 5050,GeForce RTX 5050,True,True,True,True,False,Windows 11 Home Edition
Laptop 2w1 HP OmniBook Ultra Flip 14-fh0216nw OLED 14'' 120Hz Ultra 9 288V 32GB RAM 1TB Dysk SSD Win11 Szary Funkcje AI,,"14 "", ekran dotykowy 2880 x 1800 pikseli 120 Hz",14.0,2880,1800,5184000,120,32 GB  LPDDR5x 8533 Mhz RAM,32,1 TB SSD,1024,Intel® Core™ Ultra 9 15gen 288V,Intel Core Ultra 9 15gen 288V,Intel,Core Ultra 9,15,Intel®  Arc Graphics 140V,Intel Arc Graphics 140V,Intel,Arc Graphics 140V,,False,False,False,False,True,Windows 11 Home Edition
"Laptop gamingowy MSI Titan 18 HX Dragon Edition Draco Epic 18""240Hz Ultra 9 290HX 96GB RAM 4TB Dysk SSD RTX5090 DLSS4 Win11 Pro Czarny AI",,"18 "",  3840 x 2400 pikseli 240 Hz",18.0,3840,2400,9216000,240,96 GB  DDR5 6400 Mhz RAM,96,4 TB SSD,4096,Intel® Core™ Ultra 9 15gen 290HX Plus,Intel Core Ultra 9 15gen 290HX Plus,Intel,Core Ultra 9,15,NVIDIA® GeForce RTX™ 5090 + Intel Graphics,NVIDIA GeForce RTX 5090 + Intel Graphics,NVIDIA,GeForce RTX 5090,GeForce RTX 5090,True,True,True,False,True,Windows 11 Professional
"Laptop gamingowy HP Victus 15-fb3078nw 15,6"" 144Hz R7 260 24GB RAM 512GB Dysk SSD RTX5050 DLSS4 Win11 Czarno-srebrny Funkcje AI",,"15,6 "",  1920 x 1080 pikseli 144 Hz",15.6,1920,1080,2073600,144,24 GB  DDR5 5600 Mhz RAM,24,512 GB SSD,512,AMD Ryzen™ 7 260,AMD Ryzen 7 260,AMD,Ryzen 7,,NVIDIA® GeForce RTX™ 5050 + AMD Radeon™ 780M,NVIDIA GeForce RTX 5050 + AMD Radeon 780M,NVIDIA,GeForce RTX 5050,GeForce RTX 5050,True,True,True,True,False,Windows 11 Home Edition
"Apple MacBook Air 2025 15,3"" M4 16GB RAM 512GB Dysk macOS Błękitny 70W Funkcje AI",,"15,3"",  2880 x 1864 pikseli",15.3,2880,1864,5368320,,16 GB  zunifikowana RAM,16,512 GB SSD,512,Apple M4,Apple M4,Apple,M4,,Apple  M4 (10-rdzeni),Apple M4 (10-rdzeni),Apple,M4,,False,False,False,False,False,macOS Sequoia lub nowszy
"Laptop gamingowy Gigabyte Gaming A18 3VHK3EEF93SD 18"" 165Hz R7 260 16GB RAM 512GB Dysk SSD RTX5060 DLSS4 Czarny Funkcje AI",,"18 "",  1920 x 1200 pikseli 165 Hz",18.0,1920,1200,2304000,165,16 GB  DDR5 5600 Mhz RAM,16,512 GB SSD,512,AMD Ryzen™ 7 260,AMD Ryzen 7 260,AMD,Ryzen 7,,NVIDIA® GeForce RTX 5060 + AMD Radeon™ 780M,NVIDIA GeForce RTX 5060 + AMD Radeon 780M,NVIDIA,GeForce RTX 5060,GeForce RTX 5060,True,True,True,True,False,bez systemu
"Apple MacBook Air 2025 15,3"" M4 16GB RAM 512GB Dysk macOS Srebrny 70W Funkcje AI",,"15,3"",  2880 x 1864 pikseli",15.3,2880,1864,5368320,,16 GB  zunifikowana RAM,16,512 GB SSD,512,Apple M4,Apple M4,Apple,M4,,Apple  M4 (10-rdzeni),Apple M4 (10-rdzeni),Apple,M4,,False,False,False,False,False,macOS Sequoia lub nowszy
"Apple MacBook Air 2025 15,3"" M4 24GB RAM 512GB Dysk macOS Srebrny 70W Funkcje AI",,"15,3"",  2880 x 1864 pikseli",15.3,2880,1864,5368320,,24 GB  zunifikowana RAM,24,512 GB SSD,512,Apple M4,Apple M4,Apple,M4,,Apple  M4 (10-rdzeni),Apple M4 (10-rdzeni),Apple,M4,,False,False,False,False,False,macOS Sequoia lub nowszy
"Apple MacBook Air 2025 13,6"" M4 24GB RAM 512GB Dysk macOS Błękitny Funkcje AI",,"13,6 "",  2560 x 1664 pikseli",13.6,2560,1664,4259840,,24 GB  zunifikowana RAM,24,512 GB SSD,512,Apple M4,Apple M4,Apple,M4,,Apple  M4 (10-rdzeni),Apple M4 (10-rdzeni),Apple,M4,,False,False,False,False,False,macOS Sequoia lub nowszy
"Laptop gamingowy MSI Cyborg 17 B13WFKG-267XPL 17,3"" 144Hz i7-13620H 16GB RAM 512GB Dysk SSD RTX5060 DLSS4 Czarny Funkcje AI",,"17,3 "",  1920 x 1080 pikseli 144 Hz",17.3,1920,1080,2073600,144,16 GB  DDR5 5200 Mhz RAM,16,512 GB SSD,512,Intel® Core™ i7 13gen 13620H,Intel Core i7 13gen 13620H,Intel,Core i7,13,NVIDIA® GeForce RTX™ 5060 + Intel UHD Graphics,NVIDIA GeForce RTX 5060 + Intel UHD Graphics,NVIDIA,GeForce RTX 5060,GeForce RTX 5060,True,True,True,False,True,bez systemu
"Apple MacBook Air 2023 15,3"" M2 8GB RAM 256GB Dysk macOS Północ",,"15,3"",  2880 x 1864 pikseli",15.3,2880,1864,5368320,,8 GB  zunifikowana RAM,8,256 GB SSD,256,Apple M2,Apple M2,Apple,M2,,Apple  M2 (10-rdzeni),Apple M2 (10-rdzeni),Apple,M2,,False,False,False,False,False,macOS Ventura lub nowszy
"Laptop ASUS ROG Flow Z13 GZ302EA-RU126W 13,4"" 180Hz Ryzen AI MAX+ 395 64GB RAM 1TB Dysk SSD Win11 Home Czarny Funkcje AI",,"13,4 "", ekran dotykowy 2560 x 1600 pikseli 180 Hz",13.4,2560,1600,4096000,180,64 GB  LPDDR5x 8000 Mhz RAM,64,1 TB SSD,1024,AMD Ryzen™ Al Max+ 395,AMD Ryzen AI Max+ 395,AMD,Ryzen AI Max+,,AMD  Radeon™ 8060S Graphics,AMD Radeon 8060S Graphics,AMD,Radeon 8060S,,False,False,False,True,False,Windows 11 Home Edition
"Apple MacBook Air 2025 15,3"" M4 16GB RAM 512GB Dysk macOS Księżycowa poświata 70W Funkcje AI",,"15,3"",  2880 x 1864 pikseli",15.3,2880,1864,5368320,,16 GB  zunifikowana RAM,16,512 GB SSD,512,Apple M4,Apple M4,Apple,M4,,Apple  M4 (10-rdzeni),Apple M4 (10-rdzeni),Apple,M4,,False,False,False,False,False,macOS Sequoia lub nowszy
Laptop gamingowy HP OMEN MAX 16-ak0010nw 16'' 240Hz Ryzen AI 9 HX 375 32GB RAM 1TB Dysk SSD RTX5080 DLSS4 Win11 Czarny Funkcje AI,,"16 "",  2560 x 1600 pikseli 240 Hz",16.0,2560,1600,4096000,240,32 GB  DDR5 5600 Mhz RAM,32,1 TB SSD,1024,AMD Ryzen™ AI 9 375,AMD Ryzen AI 9 375,AMD,Ryzen AI 9,,NVIDIA® GeForce RTX™ 5080 + AMD Radeon™ 890M,NVIDIA GeForce RTX 5080 + AMD Radeon 890M,NVIDIA,GeForce RTX 5080,GeForce RTX 5080,True,True,True,True,False,Windows 11 Home Edition
"Apple MacBook Air 2025 15,3"" M4 16GB RAM 512GB Dysk macOS Północ 70W Funkcje AI",,"15,3"",  2880 x 1864 pikseli",15.3,2880,1864,5368320,,16 GB  zunifikowana RAM,16,512 GB SSD,512,Apple M4,Apple M4,Apple,M4,,Apple  M4 (10-rdzeni),Apple M4 (10-rdzeni),Apple,M4,,False,False,False,False,False,macOS Sequoia lub nowszy
"Laptop biznesowy HP EliteBook 6 G1i 14"" Ultra 5 225U 24GB RAM 512GB Dysk SSD Win11 Pro Srebrny Funkcje AI",,"14 "",  1920 x 1200 pikseli",14.0,1920,1200,2304000,,24 GB  DDR5 5600 Mhz RAM,24,512 GB SSD,512,Intel® Core™ Ultra 5 15gen 225U,Intel Core Ultra 5 15gen 225U,Intel,Core Ultra 5,15,Intel®  Graphics,Intel Graphics,Intel,,,False,False,False,False,True,Windows 11 Professional
"Apple MacBook Air 2025 13,6"" M4 16GB RAM 512GB Dysk macOS Srebrny Funkcje AI",,"13,6 "",  2560 x 1664 pikseli",13.6,2560,1664,4259840,,16 GB  zunifikowana RAM,16,512 GB SSD,512,Apple M4,Apple M4,Apple,M4,,Apple  M4 (10-rdzeni),Apple M4 (10-rdzeni),Apple,M4,,False,False,False,False,False,macOS Sequoia lub nowszy
"Laptop ASUS Vivobook 16 X1605VA-MB2825W 16"" Core 9 270H 24GB RAM 512GB Dysk SSD Win11 Srebrny Funkcje AI",,"16 "",  1920 x 1200 pikseli 60 Hz",16.0,1920,1200,2304000,60,24 GB  DDR5 RAM,24,512 GB SSD,512,Intel® Core™ 9 Series 2 270H,Intel Core 9 Series 2 270H,Intel,Core 9,,Intel®  Graphics,Intel Graphics,Intel,,,False,False,False,False,True,Windows 11 Home Edition
"Laptop gamingowy MSI Katana 15 HX B14WGK-061XPL 15,6"" 165Hz i7-14650HX 16GB RAM 1TB Dysk SSD RTX5070 DLSS4 Czarny",,"15,6 "",  2560 x 1440 pikseli 165 Hz",15.6,2560,1440,3686400,165,16 GB  DDR5 5600 Mhz RAM,16,1 TB SSD,1024,Intel® Core™ i7 14gen 14650HX,Intel Core i7 14gen 14650HX,Intel,Core i7,14,NVIDIA® GeForce RTX™ 5070 + Intel UHD Graphics,NVIDIA GeForce RTX 5070 + Intel UHD Graphics,NVIDIA,GeForce RTX 5070,GeForce RTX 5070,True,True,True,False,True,bez systemu
"Apple MacBook Air 2025 15,3"" M4 24GB RAM 512GB Dysk macOS Północ 70W Funkcje AI",,"15,3"",  2880 x 1864 pikseli",15.3,2880,1864,5368320,,24 GB  zunifikowana RAM,24,512 GB SSD,512,Apple M4,Apple M4,Apple,M4,,Apple  M4 (10-rdzeni),Apple M4 (10-rdzeni),Apple,M4,,False,False,False,False,False,macOS Sequoia lub nowszy
"Laptop gamingowy Lenovo Legion Pro 5 16IAX10 OLED 16"" 165Hz Ultra 7 255HX 32GB RAM 1TB Dysk SSD RTX5070 DLSS4 Win11 Czarny Funkcje AI",,"16 "",  2560 x 1600 pikseli 165 Hz",16.0,2560,1600,4096000,165,32 GB  DDR5 5600 Mhz RAM,32,1 TB SSD,1024,Intel® Core™ Ultra 7 15gen 255HX,Intel Core Ultra 7 15gen 255HX,Intel,Core Ultra 7,15,NVIDIA® GeForce RTX™ 5070 + Intel Graphics,NVIDIA GeForce RTX 5070 + Intel Graphics,NVIDIA,GeForce RTX 5070,GeForce RTX 5070,True,True,True,False,True,Windows 11 Home Edition
"Apple MacBook Air 2026 13,6"" M5 10/8 16GB RAM 512GB Dysk macOS Srebrny Funkcje AI",,"13,6 "",  2560 x 1664 pikseli",13.6,2560,1664,4259840,,16 GB  zunifikowana RAM,16,512 GB SSD,512,Apple M5,Apple M5,Apple,M5,,Apple  M5 (8-rdzeni),Apple M5 (8-rdzeni),Apple,M5,,False,False,False,False,False,macOS
"Laptop gamingowy Acer Nitro 5 AN515-58-720R 15,6"" 144Hz i7-12650H 16GB RAM 512GB Dysk SSD RTX4050 DLSS3 Win11 Czarny",,"15,6 "",  1920 x 1080 pikseli 144 Hz",15.6,1920,1080,2073600,144,16 GB  DDR5 4800 Mhz RAM,16,512 GB SSD,512,Intel® Core™ i7 12gen 12650H,Intel Core i7 12gen 12650H,Intel,Core i7,12,NVIDIA® GeForce RTX™ 4050 + Intel UHD Graphics,NVIDIA GeForce RTX 4050 + Intel UHD Graphics,NVIDIA,GeForce RTX 4050,GeForce RTX 4050,True,True,True,False,True,Windows 11 Home Edition
"Laptop Dell Alienware 16X Aurora AC16251 16"" 240Hz Ultra 9 275HX 32GB RAM 2TB Dysk SSD RTX5070 DLSS4 Win11 Granatowy Funkcje AI",,"16 "",  2560 x 1600 pikseli 240 Hz",16.0,2560,1600,4096000,240,32 GB  DDR5 5600 Mhz RAM,32,2 TB SSD,2048,Intel® Core™ Ultra 9 15gen 275HX,Intel Core Ultra 9 15gen 275HX,Intel,Core Ultra 9,15,NVIDIA® GeForce RTX™ 5070 + Intel Graphics,NVIDIA GeForce RTX 5070 + Intel Graphics,NVIDIA,GeForce RTX 5070,GeForce RTX 5070,False,True,True,False,True,Windows 11 Home Edition
"Laptop biznesowy Lenovo ThinkBook 16 G9 IRL 16"" Core 5 210H 16GB RAM 512GB Dysk SSD Win11 Pro Szary Funkcje AI",,"16 "",  1920 x 1200 pikseli 60 Hz",16.0,1920,1200,2304000,60,16 GB  DDR5 5600 Mhz RAM,16,512 GB SSD,512,Intel® Core™ 5 15gen 210H,Intel Core 5 15gen 210H,Intel,Core 5,15,Intel®  Graphics,Intel Graphics,Intel,,,False,False,False,False,True,Windows 11 Professional
"Laptop biznesowy HP ProBook 4 G1i 14"" Ultra 7 255U 16GB RAM 512GB Dysk SSD Win11 Pro Srebrny Funkcje AI",,"14 "",  1920 x 1200 pikseli 60 Hz",14.0,1920,1200,2304000,60,16 GB  DDR5 5600 Mhz RAM,16,512 GB SSD,512,Intel® Core™ Ultra 7 15gen 255U,Intel Core Ultra 7 15gen 255U,Intel,Core Ultra 7,15,Intel®  Graphics,Intel Graphics,Intel,,,False,False,False,False,True,Windows 11 Professional
"Laptop ASUS TUF Gaming F15 FX507VV-LP142W 15,6"" 144Hz i7-13620H 16GB RAM 1TB Dysk SSD RTX4060 DLSS3 Win11 Szary",,"15,6 "",  1920 x 1080 pikseli 144 Hz",15.6,1920,1080,2073600,144,16 GB  DDR5 4800 Mhz RAM,16,1 TB SSD,1024,Intel® Core™ i7 13gen 13620H,Intel Core i7 13gen 13620H,Intel,Core i7,13,NVIDIA® GeForce RTX™ 4060 + Intel UHD Graphics,NVIDIA GeForce RTX 4060 + Intel UHD Graphics,NVIDIA,GeForce RTX 4060,GeForce RTX 4060,True,True,True,False,True,Windows 11 Home Edition
"Laptop biznesowy HP EliteBook 8 G1i 14"" Ultra 7 255U 32GB RAM 1TB Dysk SSD Win11 Pro Srebrny Funkcje AI",,"14 "",  1920 x 1200 pikseli",14.0,1920,1200,2304000,,32 GB  DDR5 5600 Mhz RAM,32,1 TB SSD,1024,Intel® Core™ Ultra 7 15gen 255U,Intel Core Ultra 7 15gen 255U,Intel,Core Ultra 7,15,Intel®  Graphics,Intel Graphics,Intel,,,False,False,False,False,True,Windows 11 Professional
"Laptop Acer Swift X 14 SFX14-73G OLED 14,5"" Ultra 9 285H 32GB RAM 1TB Dysk SSD RTX5060 DLSS4 Win11 Szary Funkcje AI",,"14,5 "", ekran dotykowy 2880 x 1800 pikseli 120 Hz",14.5,2880,1800,5184000,120,32 GB  LPDDR5X RAM,32,1 TB SSD,1024,Intel® Core™ Ultra 9 15gen 285H,Intel Core Ultra 9 15gen 285H,Intel,Core Ultra 9,15,NVIDIA® GeForce RTX 5060 + Intel Arc Graphics 140T,NVIDIA GeForce RTX 5060 + Intel Arc Graphics 140T,NVIDIA,GeForce RTX 5060,GeForce RTX 5060,False,True,True,False,True,Windows 11 Home Edition
"Apple MacBook Air 2025 13,6"" M4 16GB RAM 512GB Dysk macOS Północ Funkcje AI",,"13,6 "",  2560 x 1664 pikseli",13.6,2560,1664,4259840,,16 GB  zunifikowana RAM,16,512 GB SSD,512,Apple M4,Apple M4,Apple,M4,,Apple  M4 (10-rdzeni),Apple M4 (10-rdzeni),Apple,M4,,False,False,False,False,False,macOS Sequoia lub nowszy
"Laptop biznesowy Lenovo ThinkBook 14 G8 IAL 14"" Ultra 5 225U 16GB RAM 512GB Dysk SSD Win11 Pro Szary Funkcje AI",,"14 "",  1920 x 1200 pikseli 60 Hz",14.0,1920,1200,2304000,60,16 GB  DDR5 5600 Mhz RAM,16,512 GB SSD,512,Intel® Core™ Ultra 5 15gen 225U,Intel Core Ultra 5 15gen 225U,Intel,Core Ultra 5,15,Intel®  Graphics,Intel Graphics,Intel,,,False,False,False,False,True,Windows 11 Professional
"Laptop HP OmniBook 7 17-dc0217nw 17,3"" Ultra 7 258V 32GB RAM 1TB Dysk SSD Win11 Srebrny Funkcje AI",,"17,3 "", ekran dotykowy 1920 x 1080 pikseli",17.3,1920,1080,2073600,,32 GB  LPDDR5x 8533 Mhz RAM,32,1 TB SSD,1024,Intel® Core™ Ultra 7 15gen 258V,Intel Core Ultra 7 15gen 258V,Intel,Core Ultra 7,15,Intel®  Arc 140V,Intel Arc 140V,Intel,Arc 140V,,False,False,False,False,True,Windows 11 Home Edition
"Apple MacBook Air 2025 13,6"" M4 24GB RAM 512GB Dysk macOS Północ Funkcje AI",,"13,6 "",  2560 x 1664 pikseli",13.6,2560,1664,4259840,,24 GB  zunifikowana RAM,24,512 GB SSD,512,Apple M4,Apple M4,Apple,M4,,Apple  M4 (10-rdzeni),Apple M4 (10-rdzeni),Apple,M4,,False,False,False,False,False,macOS Sequoia lub nowszy
Laptop ASUS Zenbook 14 UX3405CA-PP009W OLED 14'' 120Hz Ultra 9 285H 32GB RAM 1TB Dysk SSD Win11 Srebrny Funkcje AI,,"14 "",  2880 x 1800 pikseli 120 Hz",14.0,2880,1800,5184000,120,32 GB  LPDDR5X RAM,32,1 TB SSD,1024,Intel® Core™ Ultra 9 15gen 285H,Intel Core Ultra 9 15gen 285H,Intel,Core Ultra 9,15,Intel®   Arc™ 140T,Intel Arc 140T,Intel,Arc 140T,,False,False,False,False,True,Windows 11 Home Edition
"Laptop biznesowy HP EliteBook 8 G1a 14"" Ryzen AI 7 Pro 350 32GB RAM 1TB Dysk SSD Win11 Pro Srebrny Funkcje AI",,"14 "",  1920 x 1200 pikseli",14.0,1920,1200,2304000,,32 GB  DDR5 5600 Mhz RAM,32,1 TB SSD,1024,AMD Ryzen™ AI 7 Pro 350,AMD Ryzen AI 7 Pro 350,AMD,Ryzen AI 7,,AMD  Radeon™ 860M Graphics,AMD Radeon 860M Graphics,AMD,Radeon 860M,,False,False,False,True,False,Windows 11 Professional
"Apple MacBook Air M1 13,3"" M1 8GB RAM 256GB Dysk macOS Gwiezdna Szarość US",,"13,3 "",  2560 x 1600 pikseli",13.3,2560,1600,4096000,,8 GB  DDR4 RAM,8,256 GB SSD,256,Apple M1,Apple M1,Apple,M1,,Apple  M1 (7-rdzeni),Apple M1 (7-rdzeni),Apple,M1,,False,False,False,False,False,macOS Big Sur lub nowszy
"Apple MacBook Air 2026 15,3"" M5 10/10 24GB RAM 1TB Dysk macOS Błękitny Funkcje AI",,"15,3"",  2880 x 1864 pikseli",15.3,2880,1864,5368320,,24 GB  zunifikowana RAM,24,1 TB SSD,1024,Apple M5,Apple M5,Apple,M5,,Apple  M5 (10-rdzeni),Apple M5 (10-rdzeni),Apple,M5,,False,False,False,False,False,macOS
"Laptop gamingowy ASUS ROG Zephyrus G14 GA403UP-QS005W OLED 14"" 120Hz R9 270 32GB RAM 1TB Dysk SSD RTX5070 DLSS4 Win11 Szary AI",,"14 "",  2880 x 1800 pikseli 120 Hz",14.0,2880,1800,5184000,120,32 GB  LPDDR5x 7500 Mhz RAM,32,1 TB SSD,1024,AMD Ryzen™ 9 270,AMD Ryzen 9 270,AMD,Ryzen 9,,NVIDIA® GeForce RTX 5070 + AMD Radeon™ 780M,NVIDIA GeForce RTX 5070 + AMD Radeon 780M,NVIDIA,GeForce RTX 5070,GeForce RTX 5070,True,True,True,True,False,Windows 11 Home Edition
"Apple MacBook Air 13,6"" M2 8GB RAM 512GB Dysk macOS Gwiezdna Szarość US",,"13,6 "",  2560 x 1664 pikseli",13.6,2560,1664,4259840,,8 GB  zunifikowana RAM,8,512 GB SSD,512,Apple M2,Apple M2,Apple,M2,,Apple  M2 (8-rdzeni),Apple M2 (8-rdzeni),Apple,M2,,False,False,False,False,False,macOS Monterey lub nowszy
"Apple MacBook Air 2025 15,3"" M4 16GB RAM 512GB Dysk macOS Księżycowa poświata Funkcje AI",,"15,3"",  2880 x 1864 pikseli",15.3,2880,1864,5368320,,16 GB  zunifikowana RAM,16,512 GB SSD,512,Apple M4,Apple M4,Apple,M4,,Apple  M4 (10-rdzeni),Apple M4 (10-rdzeni),Apple,M4,,False,False,False,False,False,macOS Sequoia lub nowszy
"Apple MacBook Air M1 13,3"" M1 8GB RAM 256GB Dysk macOS Srebrny US",,"13,3 "",  2560 x 1600 pikseli",13.3,2560,1600,4096000,,8 GB  DDR4 RAM,8,256 GB SSD,256,Apple M1,Apple M1,Apple,M1,,Apple  M1 (7-rdzeni),Apple M1 (7-rdzeni),Apple,M1,,False,False,False,False,False,macOS Big Sur lub nowszy
"Laptop biznesowy HP EliteBook 6 G1i 14"" Ultra 5 225U 16GB RAM 512GB Dysk SSD Win11 Pro Srebrny Funkcje AI",,"14 "",  1920 x 1200 pikseli",14.0,1920,1200,2304000,,16 GB  DDR5 5600 Mhz RAM,16,512 GB SSD,512,Intel® Core™ Ultra 5 15gen 225U,Intel Core Ultra 5 15gen 225U,Intel,Core Ultra 5,15,Intel®  Graphics,Intel Graphics,Intel,,,False,False,False,False,True,Windows 11 Professional
"Apple MacBook Air 2025 15,3"" M4 24GB RAM 512GB Dysk macOS Północ Funkcje AI",,"15,3"",  2880 x 1864 pikseli",15.3,2880,1864,5368320,,24 GB  zunifikowana RAM,24,512 GB SSD,512,Apple M4,Apple M4,Apple,M4,,Apple  M4 (10-rdzeni),Apple M4 (10-rdzeni),Apple,M4,,False,False,False,False,False,macOS Sequoia lub nowszy
"Laptop gamingowy Lenovo Legion Pro 5 16IAX10 OLED 16"" 165Hz Ultra 7 255HX 32GB RAM 1TB Dysk SSD RTX5060 DLSS4 Win11 Czarny Funkcje AI",,"16 "",  2560 x 1600 pikseli 165 Hz",16.0,2560,1600,4096000,165,32 GB  DDR5 5600 Mhz RAM,32,1 TB SSD,1024,Intel® Core™ Ultra 7 15gen 255HX,Intel Core Ultra 7 15gen 255HX,Intel,Core Ultra 7,15,NVIDIA® GeForce RTX™ 5060 + Intel Graphics,NVIDIA GeForce RTX 5060 + Intel Graphics,NVIDIA,GeForce RTX 5060,GeForce RTX 5060,True,True,True,False,True,Windows 11 Home Edition
"Apple MacBook Pro 2024 14,2"" M4 16GB RAM 1TB Dysk macOS Gwiezdna Czerń Funkcje AI",,"14,2 "",  3024 x 1964 pikseli 120 Hz",14.2,3024,1964,5939136,120,16 GB  zunifikowana RAM,16,1 TB SSD,1024,Apple M4,Apple M4,Apple,M4,,Apple  M4 (10-rdzeni),Apple M4 (10-rdzeni),Apple,M4,,False,False,False,False,False,macOS Sequoia lub nowszy
"Laptop gamingowy MSI Vector 16 HX AI A2XWIG-093PL 16"" 240Hz Ultra 9 275HX 32GB RAM 1TB Dysk SSD RTX5080 DLSS4 Win11 Szary Funkcje AI",,"16 "",  2560 x 1600 pikseli 240 Hz",16.0,2560,1600,4096000,240,32 GB  DDR5 5600 Mhz RAM,32,1 TB SSD,1024,Intel® Core™ Ultra 9 15gen 275HX,Intel Core Ultra 9 15gen 275HX,Intel,Core Ultra 9,15,NVIDIA® GeForce RTX™ 5080 + Intel Graphics,NVIDIA GeForce RTX 5080 + Intel Graphics,NVIDIA,GeForce RTX 5080,GeForce RTX 5080,True,True,True,False,True,Windows 11 Home Edition
"Laptop biznesowy Dell Pro 14 Premium PA14250 14"" Ultra 5 236V 16GB RAM 512GB Dysk SSD Win11 Pro Czarny Funkcje AI",,"14 "",  1920 x 1200 pikseli 60 Hz",14.0,1920,1200,2304000,60,16 GB  LPDDR5x 8533 Mhz RAM,16,512 GB SSD,512,Intel® Core™ Ultra 5 15gen 236V,Intel Core Ultra 5 15gen 236V,Intel,Core Ultra 5,15,Intel®  Arc Graphics 130V,Intel Arc Graphics 130V,Intel,Arc Graphics 130V,,False,False,False,False,True,Windows 11 Professional
"Laptop HP 15-fc0029nw 15,6"" AMD Ryzen 5 7520U 16GB RAM 512GB Dysk SSD Win11 Srebrny",,"15,6 "",  1920 x 1080 pikseli",15.6,1920,1080,2073600,,16 GB  LPDDR5 5500 Mhz RAM,16,512 GB,512,AMD Ryzen™ 5 7520U,AMD Ryzen 5 7520U,AMD,Ryzen 5,,AMD  Radeon™ 610M,AMD Radeon 610M,AMD,Radeon 610M,,False,False,False,True,False,Windows 11 Home Edition
"Laptop biznesowy ASUS ExpertBook PM3 PM3606CKA-MB0197X 16"" 144Hz Ryzen AI 5 330 16GB RAM 512GB Dysk SSD Win11 Pro Szary Funkcje AI",,"16 "",  1920 x 1200 pikseli 144 Hz",16.0,1920,1200,2304000,144,16 GB  DDR5 RAM,16,512 GB SSD,512,AMD Ryzen™ AI 5 330,AMD Ryzen AI 5 330,AMD,Ryzen AI 5,,AMD  Radeon™ 820M,AMD Radeon 820M,AMD,Radeon 820M,,False,False,False,True,False,Windows 11 Professional
"Laptop gamingowy HP Victus 15-fb0122nw 15,6"" 144Hz R5 5600H 16GB RAM 512GB Dysk SSD GTX1650 Win11 Czarno-srebrny",,"15,6 "",  1920 x 1080 pikseli 144 Hz",15.6,1920,1080,2073600,144,16 GB  DDR4 3200 MHz RAM,16,512 GB SSD,512,AMD Ryzen™ 5 5600H,AMD Ryzen 5 5600H,AMD,Ryzen 5,,NVIDIA® GeForce GTX™ 1650 + AMD Radeon™  Graphics,NVIDIA GeForce GTX 1650 + AMD Radeon Graphics,NVIDIA,GeForce GTX 1650,GeForce GTX 1650,True,True,True,True,False,Windows 11 Home Edition
"Apple MacBook Air 2025 13,6"" M4 24GB RAM 512GB Dysk macOS Srebrny Funkcje AI",,"13,6 "",  2560 x 1664 pikseli",13.6,2560,1664,4259840,,24 GB  zunifikowana RAM,24,512 GB SSD,512,Apple M4,Apple M4,Apple,M4,,Apple  M4 (10-rdzeni),Apple M4 (10-rdzeni),Apple,M4,,False,False,False,False,False,macOS Sequoia lub nowszy
"Apple MacBook Pro 2025 14,2"" M5 24GB RAM 1TB Dysk macOS Srebrny Funkcje AI",,"14,2 "",  3024 x 1964 pikseli 120 Hz",14.2,3024,1964,5939136,120,24 GB  zunifikowana RAM,24,1 TB SSD,1024,Apple M5,Apple M5,Apple,M5,,Apple  M5 (10-rdzeni),Apple M5 (10-rdzeni),Apple,M5,,False,False,False,False,False,macOS Spotlight lub nowszy
"Laptop gamingowy ASUS TUF Gaming A15 FA507NUR-LP016W 15,6'' 144Hz R7 7435HS 16GB RAM 512GB Dysk SSD RTX4050 DLSS3 Win11 Szary",,"15,6 "",  1920 x 1080 pikseli 144 Hz",15.6,1920,1080,2073600,144,16 GB  DDR5 4800 Mhz RAM,16,512 GB SSD,512,AMD Ryzen™ 7 7435HS,AMD Ryzen 7 7435HS,AMD,Ryzen 7,,NVIDIA® GeForce RTX™ 4050,NVIDIA GeForce RTX 4050,NVIDIA,GeForce RTX 4050,GeForce RTX 4050,True,True,True,False,False,Windows 11 Home Edition
"Laptop biznesowy Lenovo ThinkPad T14s Gen 6 14"" Ryzen AI 7 Pro 360 32GB RAM 512GB Dysk SSD Win11 Pro Czarny Funkcje AI",,"14 "",  1920 x 1200 pikseli 60 Hz",14.0,1920,1200,2304000,60,32 GB  LPDDR5x 7500 Mhz RAM,32,512 GB SSD,512,AMD Ryzen™ AI 7 360,AMD Ryzen AI 7 360,AMD,Ryzen AI 7,,AMD  Radeon™ 880M,AMD Radeon 880M,AMD,Radeon 880M,,False,False,False,True,False,Windows 11 Professional
"Laptop gamingowy HP Victus 15-fa2114nw 15,6"" 144Hz Core 7 240H 24GB RAM 1TB Dysk SSD RTX5060 DLSS4 Win11 Czarno-srebrny Funkcje AI",,"15,6 "",  1920 x 1080 pikseli 144 Hz",15.6,1920,1080,2073600,144,24 GB  DDR5 5600 Mhz RAM,24,1 TB SSD,1024,Intel® Core™ 7 15gen 240H,Intel Core 7 15gen 240H,Intel,Core 7,15,NVIDIA® GeForce RTX™ 5060 + Intel Graphics,NVIDIA GeForce RTX 5060 + Intel Graphics,NVIDIA,GeForce RTX 5060,GeForce RTX 5060,True,True,True,False,True,Windows 11 Home Edition
"Laptop gamingowy MSI Thin 15 B12VE-2431PL 15,6"" 144Hz i5-12450H 16GB RAM 512GB Dysk SSD RTX4050 Win11 Szary",,"15,6 "",  1920 x 1080 pikseli 144 Hz",15.6,1920,1080,2073600,144,16 GB  DDR4 3200 MHz RAM,16,512 GB SSD,512,Intel® Core™ i5 12gen 12450H,Intel Core i5 12gen 12450H,Intel,Core i5,12,NVIDIA® GeForce RTX™ 4050 + Intel UHD Graphics,NVIDIA GeForce RTX 4050 + Intel UHD Graphics,NVIDIA,GeForce RTX 4050,GeForce RTX 4050,True,True,True,False,True,Windows 11 Home Edition
"Laptop biznesowy HP EliteBook 8 G1i 16"" Ultra 7 255U 32GB RAM 512GB Dysk SSD Win11 Pro Srebrny Funkcje AI",,"16 "",  1920 x 1200 pikseli",16.0,1920,1200,2304000,,32 GB  DDR5 5600 Mhz RAM,32,512 GB SSD,512,Intel® Core™ Ultra 7 15gen 255U,Intel Core Ultra 7 15gen 255U,Intel,Core Ultra 7,15,Intel®  Graphics,Intel Graphics,Intel,,,False,False,False,False,True,Windows 11 Professional
"Laptop biznesowy Dell Pro 13 Plus PB13250 13,3"" Ultra 7 266V 16GB RAM 512GB Dysk SSD Win11 Pro Srebrny Funkcje AI",,"13,3 "",  1920 x 1200 pikseli 60 Hz",13.3,1920,1200,2304000,60,16 GB  LPDDR5x 8533 Mhz RAM,16,512 GB SSD,512,Intel® Core™ Ultra 7 15gen 266V,Intel Core Ultra 7 15gen 266V,Intel,Core Ultra 7,15,Intel®  Arc Graphics,Intel Arc Graphics,Intel,Arc,,False,False,False,False,True,Windows 11 Professional
"Laptop biznesowy HP ProBook 4 G1ah 16"" R5 220 24GB RAM 512GB Dysk SSD Win11 Pro Srebrny Funkcje AI",,"16 "",  1920 x 1200 pikseli",16.0,1920,1200,2304000,,24 GB  DDR5 5600 Mhz RAM,24,512 GB SSD,512,AMD Ryzen™ 5 220,AMD Ryzen 5 220,AMD,Ryzen 5,,AMD  Radeon™ 740M,AMD Radeon 740M,AMD,Radeon 740M,,False,False,False,True,False,Windows 11 Professional
"Laptop biznesowy Dell Pro 16 PC16250 16"" Core 3 100U 8GB RAM 512GB Dysk SSD Win11 Pro Czarny Funkcje AI",,"16 "",  1920 x 1200 pikseli 60 Hz",16.0,1920,1200,2304000,60,8 GB  DDR5 5200 Mhz RAM,8,512 GB SSD,512,Intel® Core™ 3 14gen 100U,Intel Core 3 14gen 100U,Intel,Core 3,14,Intel®  Graphics,Intel Graphics,Intel,,,False,False,False,False,True,Windows 11 Professional
"Apple MacBook Air 2025 15,3"" M4 24GB RAM 512GB Dysk macOS Srebrny Funkcje AI",,"15,3"",  2880 x 1864 pikseli",15.3,2880,1864,5368320,,24 GB  zunifikowana RAM,24,512 GB SSD,512,Apple M4,Apple M4,Apple,M4,,Apple  M4 (10-rdzeni),Apple M4 (10-rdzeni),Apple,M4,,False,False,False,False,False,macOS Sequoia lub nowszy
"Laptop biznesowy HP EliteBook 8 G1a 16"" Ryzen AI 5 Pro 340 16GB RAM 512GB Dysk SSD Win11 Pro Srebrny Funkcje AI",,"16 "",  1920 x 1200 pikseli",16.0,1920,1200,2304000,,16 GB  DDR5 5600 Mhz RAM,16,512 GB SSD,512,AMD Ryzen™ AI 5 Pro 340,AMD Ryzen AI 5 Pro 340,AMD,Ryzen AI 5,,AMD  Radeon™ 840M Graphics,AMD Radeon 840M Graphics,AMD,Radeon 840M,,False,False,False,True,False,Windows 11 Professional
"Laptop HP 17-cp3002nw 17,3"" R7 7730U 16GB RAM 1TB Dysk SSD Win11 Srebrny",,"17,3 "",  1920 x 1080 pikseli 60 Hz",17.3,1920,1080,2073600,60,16 GB  DDR4 3200 MHz RAM,16,1 TB SSD,1024,AMD Ryzen™ 7 7730U,AMD Ryzen 7 7730U,AMD,Ryzen 7,,AMD  Radeon™ Graphics,AMD Radeon Graphics,AMD,Radeon,,False,False,False,True,False,Windows 11 Home Edition
"Laptop gamingowy MSI Thin A15 B7UC-623PL 15,6"" 144Hz R5 7535HS 16GB RAM 512GB Dysk SSD RTX3050 Win11 Szary",,"15,6 "",  1920 x 1080 pikseli 144 Hz",15.6,1920,1080,2073600,144,16 GB  DDR5 4800 Mhz RAM,16,512 GB SSD,512,AMD Ryzen™ 5 7535HS,AMD Ryzen 5 7535HS,AMD,Ryzen 5,,NVIDIA® GeForce RTX™ 3050 +  AMD Radeon™ 660M,NVIDIA GeForce RTX 3050 + AMD Radeon 660M,NVIDIA,GeForce RTX 3050,GeForce RTX 3050,True,True,True,True,False,Windows 11 Home Edition
Laptop ASUS Zenbook 14 OLED UX3405CA-PZ091W 14'' 120Hz Ultra 9 285H 32GB RAM 1TB Dysk SSD Win11 Funkcje AI,,"14 "", ekran dotykowy 2880 x 1800 pikseli 120 Hz",14.0,2880,1800,5184000,120,32 GB  LPDDR5X RAM,32,1 TB SSD,1024,Intel® Core™ Ultra 9 15gen 285H,Intel Core Ultra 9 15gen 285H,Intel,Core Ultra 9,15,Intel®   Arc™ 140T,Intel Arc 140T,Intel,Arc 140T,,False,False,False,False,True,Windows 11 Home Edition
"Laptop biznesowy HP EliteBook 8 G1i 14"" Ultra 7 255U 32GB RAM 1TB Dysk SSD Win11 Pro Srebrny Funkcje AI",,"14 "",  1920 x 1200 pikseli",14.0,1920,1200,2304000,,32 GB  DDR5 5600 Mhz RAM,32,1 TB SSD,1024,Intel® Core™ Ultra 7 15gen 255U,Intel Core Ultra 7 15gen 255U,Intel,Core Ultra 7,15,Intel®  Graphics,Intel Graphics,Intel,,,False,False,False,False,True,Windows 11 Professional
"Laptop biznesowy Lenovo ThinkPad T16 Gen 4 16"" Ryzen AI 7 Pro 350 32GB RAM 1TB Dysk SSD Win11 Pro Czarny Funkcje AI",,"16 "",  1920 x 1200 pikseli 60 Hz",16.0,1920,1200,2304000,60,32 GB  DDR5 5600 Mhz RAM,32,1 TB SSD,1024,AMD Ryzen™ AI 7 Pro 350,AMD Ryzen AI 7 Pro 350,AMD,Ryzen AI 7,,AMD  Radeon™ 860M Graphics,AMD Radeon 860M Graphics,AMD,Radeon 860M,,False,False,False,True,False,Windows 11 Professional
"Apple MacBook Pro 2024 14,2"" M4 Pro 24GB RAM 1TB Dysk macOS Srebrny Funkcje AI",,"14,2 "",  3024 x 1964 pikseli 120 Hz",14.2,3024,1964,5939136,120,24 GB  zunifikowana RAM,24,1 TB SSD,1024,Apple M4 Pro,Apple M4 Pro,Apple,M4 Pro,,Apple  M4 Pro (20-rdzeni),Apple M4 Pro (20-rdzeni),Apple,M4 Pro,,False,False,False,False,False,macOS Sequoia lub nowszy
"Laptop biznesowy Dell Pro 15 Essential PV15250 15,6"" i5-1334U 8GB RAM 512GB Dysk SSD Win11 Pro Czarny",,"15,6 "",  1920 x 1080 pikseli 120 Hz",15.6,1920,1080,2073600,120,8 GB  DDR5 4400 Mhz RAM,8,512 GB SSD,512,Intel® Core™ i5 13gen 1334U,Intel Core i5 13gen 1334U,Intel,Core i5,13,Intel®  Iris Xe Graphics (działający jako Intel® UHD Graphics),Intel Iris Xe Graphics (działający jako Intel UHD Graphics),Intel,Iris Xe,,False,False,False,False,True,Windows 11 Professional
"Laptop ASUS VivoBook 15 A1504ZA-BQ739W 15,6"" i5-1235U 16GB RAM 512GB Dysk SSD Win11 Niebieski",,"15,6 "",  1920 x 1080 pikseli 60 Hz",15.6,1920,1080,2073600,60,16 GB  DDR4 RAM,16,512 GB SSD,512,Intel® Core™ i5 12gen 1235U,Intel Core i5 12gen 1235U,Intel,Core i5,12,Intel®  Iris Xe Graphics,Intel Iris Xe Graphics,Intel,Iris Xe,,False,False,False,False,True,Windows 11 Home Edition
"Laptop ASUS Vivobook 15 D1502YA-BQ316W 15,6"" R7 7730U 16GB RAM 512GB Dysk SSD Win11 Niebieski",,"15,6 "",  1920 x 1080 pikseli 60 Hz",15.6,1920,1080,2073600,60,16 GB  DDR4 RAM,16,512 GB SSD,512,AMD Ryzen™ 7 7730U,AMD Ryzen 7 7730U,AMD,Ryzen 7,,AMD  Radeon™ Graphics,AMD Radeon Graphics,AMD,Radeon,,False,False,False,True,False,Windows 11 Home Edition
"Laptop HP Pavilion 15-eg0312nw 15,6"" i5-1135G7 8GB RAM 512GB Dysk SSD Win11 Srebrny",,"15,6 "",  1920 x 1080 pikseli",15.6,1920,1080,2073600,,8 GB  DDR4 3200 MHz RAM,8,512 GB SSD,512,Intel® Core™ i5 11gen 1135G7,Intel Core i5 11gen 1135G7,Intel,Core i5,11,Intel®  Iris Xe Graphics,Intel Iris Xe Graphics,Intel,Iris Xe,,False,False,False,False,True,Windows 11 Home Edition
"Apple MacBook Air 2025 15,3"" M4 16GB RAM 256GB Dysk macOS Srebrny 70W Funkcje AI",,"15,3"",  2880 x 1864 pikseli",15.3,2880,1864,5368320,,16 GB  zunifikowana RAM,16,256 GB SSD,256,Apple M4,Apple M4,Apple,M4,,Apple  M4 (10-rdzeni),Apple M4 (10-rdzeni),Apple,M4,,False,False,False,False,False,macOS Sequoia lub nowszy
"Laptop ASUS TUF Gaming A16 FA608UP-R7165W 16"" 165Hz Ryzen 7 260 16GB RAM 512GB Dysk SSD RTX5070 DLSS4 Win11 Szary Funkcje AI",,"16 "",  1920 x 1200 pikseli 165 Hz",16.0,1920,1200,2304000,165,16 GB  DDR5 5600 Mhz RAM,16,512 GB SSD,512,AMD Ryzen™ 7 260,AMD Ryzen 7 260,AMD,Ryzen 7,,NVIDIA® GeForce RTX™ 5070 + 	AMD Radeon™ 780M,NVIDIA GeForce RTX 5070 + AMD Radeon 780M,NVIDIA,GeForce RTX 5070,GeForce RTX 5070,True,True,True,True,False,Windows 11 Home Edition
"Laptop gamingowy Acer Nitro 16S AI AN16S-61 16"" 180Hz Ryzen AI 9 365 32GB RAM 1TB Dysk SSD RTX5070Ti DLSS4 Czarny Funkcje AI",,"16 "",  2560 x 1600 pikseli 180 Hz",16.0,2560,1600,4096000,180,32 GB  DDR5 5600 Mhz RAM,32,1 TB SSD,1024,AMD Ryzen™ AI 9 365,AMD Ryzen AI 9 365,AMD,Ryzen AI 9,,NVIDIA® GeForce RTX™ 5070 Ti + AMD Radeon™ 880M,NVIDIA GeForce RTX 5070 Ti + AMD Radeon 880M,NVIDIA,GeForce RTX 5070 Ti,GeForce RTX 5070 Ti,True,True,True,True,False,bez systemu
"Laptop Acer Aspire 3 A315-44P-R2KQ 15,6"" R7 5700U 16GB RAM 512GB Dysk SSD Win11 Srebrny",,"15,6 "",  1920 x 1080 pikseli 60 Hz",15.6,1920,1080,2073600,60,16 GB  DDR4 RAM,16,512 GB SSD,512,AMD Ryzen™ 7 5700U,AMD Ryzen 7 5700U,AMD,Ryzen 7,,AMD  Radeon™ Graphics,AMD Radeon Graphics,AMD,Radeon,,False,False,False,True,False,Windows 11 Home Edition
"Apple MacBook Pro 2021 16,2"" M1 Pro 16GB RAM 512GB Dysk macOS Gwiezdna Szarość",,"16,2 "",  3456 x 2234 pikseli 120 Hz",16.2,3456,2234,7720704,120,16 GB  zunifikowana RAM,16,512 GB SSD,512,Apple M1 Pro,Apple M1 Pro,Apple,M1 Pro,,Apple  M1 Pro (16-rdzeni),Apple M1 Pro (16-rdzeni),Apple,M1 Pro,,False,False,False,False,False,macOS Monterey lub nowszy
"Laptop HP ProBook 460 G11 16"" Ultra 5 125U 16GB RAM 512GB Dysk SSD Win11 Pro Srebrny Funkcje AI",,"16 "",  1920 x 1200 pikseli 60 Hz",16.0,1920,1200,2304000,60,16 GB  DDR5 5600 Mhz RAM,16,512 GB SSD,512,Intel® Core™ Ultra 5 14gen 125U,Intel Core Ultra 5 14gen 125U,Intel,Core Ultra 5,14,Intel®  Graphics,Intel Graphics,Intel,,,False,False,False,False,True,Windows 11 Professional
"Laptop gamingowy ASUS TUF Gaming F15 FX507ZC4-HN018W 15,6"" 144Hz i5-12500H 16GB RAM 512GB Dysk SSD RTX3050 Win11 Szary",,"15,6 "",  1920 x 1080 pikseli 144 Hz",15.6,1920,1080,2073600,144,16 GB  DDR4 3200 MHz RAM,16,512 GB SSD,512,Intel® Core™ i5 12gen 12500H,Intel Core i5 12gen 12500H,Intel,Core i5,12,NVIDIA® GeForce RTX™ 3050 + Intel UHD Graphics,NVIDIA GeForce RTX 3050 + Intel UHD Graphics,NVIDIA,GeForce RTX 3050,GeForce RTX 3050,True,True,True,False,True,Windows 11 Home Edition
"Laptop Lenovo IdeaPad Slim 5 16IRH10 16"" i7-13620H 16GB RAM 512GB Dysk SSD Win11 Szary",,"16 "",  1920 x 1200 pikseli 60 Hz",16.0,1920,1200,2304000,60,16 GB  DDR5 5600 Mhz RAM,16,512 GB SSD,512,Intel® Core™ i7 13gen 13620H,Intel Core i7 13gen 13620H,Intel,Core i7,13,Intel®  UHD Graphics,Intel UHD Graphics,Intel,UHD,,False,False,False,False,True,Windows 11 Home Edition
"Apple MacBook Air 2025 15,3"" M4 16GB RAM 256GB Dysk macOS Błękitny 70W Funkcje AI",,"15,3"",  2880 x 1864 pikseli",15.3,2880,1864,5368320,,16 GB  zunifikowana RAM,16,256 GB SSD,256,Apple M4,Apple M4,Apple,M4,,Apple  M4 (10-rdzeni),Apple M4 (10-rdzeni),Apple,M4,,False,False,False,False,False,macOS Sequoia lub nowszy
"Apple MacBook Air 2024 13,6"" M3 24GB RAM 512GB Dysk macOS Srebrny",,"13,6 "",  2560 x 1664 pikseli",13.6,2560,1664,4259840,,24 GB  zunifikowana RAM,24,512 GB SSD,512,Apple M3,Apple M3,Apple,M3,,Apple  M3 (10-rdzeni),Apple M3 (10-rdzeni),Apple,M3,,False,False,False,False,False,macOS Sonoma lub nowszy
"Laptop biznesowy Dell Pro 14 PC14255 14"" R5 220 16GB RAM 512GB Dysk SSD Win11 Pro Czarny Funkcje AI",,"14 "",  1920 x 1200 pikseli 60 Hz",14.0,1920,1200,2304000,60,16 GB  DDR5 5600 Mhz RAM,16,512 GB SSD,512,AMD Ryzen™ 5 220,AMD Ryzen 5 220,AMD,Ryzen 5,,AMD  Radeon™ 740M,AMD Radeon 740M,AMD,Radeon 740M,,False,False,False,True,False,Windows 11 Professional
"Laptop biznesowy HP EliteBook 6 G1a 14"" Ryzen AI 5 340 16GB RAM 512GB Dysk SSD Win11 Pro Srebrny Funkcje AI",,"14 "",  1920 x 1200 pikseli",14.0,1920,1200,2304000,,16 GB  DDR5 5600 Mhz RAM,16,512 GB SSD,512,AMD Ryzen™ AI 5 340,AMD Ryzen AI 5 340,AMD,Ryzen AI 5,,AMD  Radeon™ 840M,AMD Radeon 840M,AMD,Radeon 840M,,False,False,False,True,False,Windows 11 Professional
"Laptop gamingowy MSI Katana 15 B13VFK-2041PL 15,6"" 144Hz i7-13620H 16GB RAM 1TB Dysk SSD RTX4060 DLSS3 Win11 Czarny",,"15,6 "",  1920 x 1080 pikseli 144 Hz",15.6,1920,1080,2073600,144,16 GB  DDR5 5200 Mhz RAM,16,1 TB SSD,1024,Intel® Core™ i7 13gen 13620H,Intel Core i7 13gen 13620H,Intel,Core i7,13,NVIDIA® GeForce RTX™ 4060 + Intel UHD Graphics,NVIDIA GeForce RTX 4060 + Intel UHD Graphics,NVIDIA,GeForce RTX 4060,GeForce RTX 4060,True,True,True,False,True,Windows 11 Home Edition
"Laptop biznesowy Lenovo ThinkBook 16 G8 IAL 16"" Ultra 7 255H 32GB RAM 1TB Dysk SSD Win11 Pro Szary Funkcje AI",,"16 "",  1920 x 1200 pikseli 60 Hz",16.0,1920,1200,2304000,60,32 GB  DDR5 5600 Mhz RAM,32,1 TB SSD,1024,Intel® Core™ Ultra 7 15gen 255H,Intel Core Ultra 7 15gen 255H,Intel,Core Ultra 7,15,Intel®  Arc Graphics 140V,Intel Arc Graphics 140V,Intel,Arc Graphics 140V,,False,False,False,False,True,Windows 11 Professional
"Laptop MSI Prestige 16 AI+ C3MG-068PL OLED 16"" 120Hz Core Ultra 7 355 32GB RAM 1TB Dysk SSD Win11 Pro Szary Funkcje AI",,"16 "",  2880 x 1800 pikseli 120 Hz",16.0,2880,1800,5184000,120,32 GB  LPDDR5X RAM,32,1 TB SSD,1024,Intel® Core™ Ultra 7 Series 3 355,Intel Core Ultra 7 Series 3 355,Intel,Core Ultra 7,,Intel®  Graphics,Intel Graphics,Intel,,,False,False,False,False,True,Windows 11 Professional
"Laptop gamingowy HP OMEN 17-db1218nw 17,3"" 240Hz Ryzen AI 7 350 32GB RAM 1TB Dysk SSD RTX5070 Win11 Czarny Funkcje AI",,"17,3 "",  2560 x 1440 pikseli 240 Hz",17.3,2560,1440,3686400,240,32 GB  DDR5 5600 Mhz RAM,32,1 TB SSD,1024,AMD Ryzen™ AI 7 350,AMD Ryzen AI 7 350,AMD,Ryzen AI 7,,NVIDIA® GeForce RTX 5070 + AMD Radeon™ 860M,NVIDIA GeForce RTX 5070 + AMD Radeon 860M,NVIDIA,GeForce RTX 5070,GeForce RTX 5070,True,True,True,True,False,Windows 11 Home Edition
"Laptop gamingowy ASUS ROG Strix G16 G614FR-R9321W 16"" 240Hz R9 9955HX3D 32GB RAM 1TB Dysk SSD RTX5070Ti DLSS4 Win11 Szary Funkcje AI",,"16 "",  2560 x 1600 pikseli 240 Hz",16.0,2560,1600,4096000,240,32 GB  DDR5 5200 Mhz RAM,32,1 TB SSD,1024,AMD Ryzen™ 9 9955HX3D,AMD Ryzen 9 9955HX3D,AMD,Ryzen 9,,NVIDIA® GeForce RTX™ 5070 Ti + AMD Radeon™ 610M,NVIDIA GeForce RTX 5070 Ti + AMD Radeon 610M,NVIDIA,GeForce RTX 5070 Ti,GeForce RTX 5070 Ti,True,True,True,True,False,Windows 11 Home Edition
"Laptop Acer Extensa 15 EX215-55-58VV 15,6"" i5-1235U 16GB RAM 1TB Dysk SSD Win11 Szary",,"15,6 "",  1920 x 1080 pikseli 60 Hz",15.6,1920,1080,2073600,60,16 GB  DDR4 RAM,16,1 TB SSD,1024,Intel® Core™ i5 12gen 1235U,Intel Core i5 12gen 1235U,Intel,Core i5,12,Intel®  Iris Xe Graphics,Intel Iris Xe Graphics,Intel,Iris Xe,,False,False,False,False,True,Windows 11 Home Edition
"Laptop ASUS VivoBook 15 A1504VA-BQ905W 15,6"" i5-1335U 16GB RAM 512GB Dysk SSD Win11 Niebieski",,"15,6 "",  1920 x 1080 pikseli 60 Hz",15.6,1920,1080,2073600,60,16 GB  DDR4 RAM,16,512 GB SSD,512,Intel® Core™ i5 13gen 1335U,Intel Core i5 13gen 1335U,Intel,Core i5,13,Intel®  Iris Xe Graphics,Intel Iris Xe Graphics,Intel,Iris Xe,,False,False,False,False,True,Windows 11 Home Edition
"Laptop gamingowy Acer Nitro V 16 AI ANV16-61 16"" 165Hz Ryzen AI 5 340 16GB RAM 1TB Dysk SSD RTX4050 DLSS3 Czarny Funkcje AI",,"16 "",  1920 x 1200 pikseli 165 Hz",16.0,1920,1200,2304000,165,16 GB  DDR5 5600 Mhz RAM,16,1 TB SSD,1024,AMD Ryzen™ AI 5 340,AMD Ryzen AI 5 340,AMD,Ryzen AI 5,,NVIDIA® GeForce RTX™ 4050 + AMD Radeon™ 840M,NVIDIA GeForce RTX 4050 + AMD Radeon 840M,NVIDIA,GeForce RTX 4050,GeForce RTX 4050,True,True,True,True,False,bez systemu
"Laptop HP 15-fd1062nw 15,6"" Ultra 7 155H 24GB RAM 1TB Dysk SSD Win11 Srebrny Funkcje AI",,"15,6 "",  1920 x 1080 pikseli",15.6,1920,1080,2073600,,24 GB  DDR5 5600 Mhz RAM,24,1 TB SSD,1024,Intel® Core™ Ultra 7 14gen 155H,Intel Core Ultra 7 14gen 155H,Intel,Core Ultra 7,14,Intel®  Arc™ Graphics,Intel Arc Graphics,Intel,Arc,,False,False,False,False,True,Windows 11 Home Edition
"Laptop gamingowy MSI Thin GF63 12VE-264PL 15,6"" 144Hz i5-12450H 16GB RAM 512GB Dysk SSD RTX4050 DLSS3 Win11 Czarny",,"15,6 "",  1920 x 1080 pikseli 144 Hz",15.6,1920,1080,2073600,144,16 GB  DDR4 3200 MHz RAM,16,512 GB SSD,512,Intel® Core™ i5 12gen 12450H,Intel Core i5 12gen 12450H,Intel,Core i5,12,NVIDIA® GeForce RTX™ 4050 + Intel UHD Graphics,NVIDIA GeForce RTX 4050 + Intel UHD Graphics,NVIDIA,GeForce RTX 4050,GeForce RTX 4050,True,True,True,False,True,Windows 11 Home Edition
"Laptop ultrabook ASUS ZenBook 13 UX325EA-KG649W OLED 13,3"" i5-1135G7 16GB RAM 512GB Dysk SSD Win11 Szary",,"13,3 "",  1920 x 1080 pikseli",13.3,1920,1080,2073600,,16 GB  LPDDR4X RAM,16,512 GB SSD,512,Intel® Core™ i5 11gen 1135G7,Intel Core i5 11gen 1135G7,Intel,Core i5,11,Intel®  Iris Xe Graphics,Intel Iris Xe Graphics,Intel,Iris Xe,,False,False,False,False,True,Windows 11 Home Edition
"Laptop gamingowy HP Pavilion 15-ec2196nw 15,6"" R5 5600H 16GB RAM 512GB Dysk SSD RTX3050 Win11 Czarny",,"15,6 "",  1920 x 1080 pikseli 60 Hz",15.6,1920,1080,2073600,60,16 GB  DDR4 3200 MHz RAM,16,512 GB SSD,512,AMD Ryzen™ 5 5600H,AMD Ryzen 5 5600H,AMD,Ryzen 5,,NVIDIA® GeForce RTX™ 3050 + AMD Radeon™  Graphics,NVIDIA GeForce RTX 3050 + AMD Radeon Graphics,NVIDIA,GeForce RTX 3050,GeForce RTX 3050,True,True,True,True,False,Windows 11 Home Edition
"Laptop ultrabook ASUS Vivobook Pro 15 K3500PC-KJ428W 15,6"" i7-11370H 16GB RAM 1TB Dysk SSD RTX3050 Win11 Niebieski",,"15,6 "",  1920 x 1080 pikseli",15.6,1920,1080,2073600,,16 GB  DDR4 RAM,16,1 TB SSD,1024,Intel® Core™ i7 11gen 11370H,Intel Core i7 11gen 11370H,Intel,Core i7,11,NVIDIA® GeForce RTX 3050 + Intel Iris Xe Graphics,NVIDIA GeForce RTX 3050 + Intel Iris Xe Graphics,NVIDIA,GeForce RTX 3050,GeForce RTX 3050,False,True,True,False,True,Windows 11 Home Edition
"Apple MacBook Air 2025 13,6"" M4 24GB RAM 512GB Dysk macOS Północ 70W Funkcje AI",,"13,6 "",  2560 x 1664 pikseli",13.6,2560,1664,4259840,,24 GB  zunifikowana RAM,24,512 GB SSD,512,Apple M4,Apple M4,Apple,M4,,Apple  M4 (10-rdzeni),Apple M4 (10-rdzeni),Apple,M4,,False,False,False,False,False,macOS Sequoia lub nowszy
"Apple MacBook Air 2025 15,3"" M4 24GB RAM 512GB Dysk macOS Księżycowa poświata 70W Funkcje AI",,"15,3"",  2880 x 1864 pikseli",15.3,2880,1864,5368320,,24 GB  zunifikowana RAM,24,512 GB SSD,512,Apple M4,Apple M4,Apple,M4,,Apple  M4 (10-rdzeni),Apple M4 (10-rdzeni),Apple,M4,,False,False,False,False,False,macOS Sequoia lub nowszy
"Laptop gamingowy Lenovo Legion Slim 5 16AHP9 16"" 240Hz R7 8845HS 16GB RAM 512GB Dysk SSD RTX4070 DLSS3 Szary Funkcje AI",,"16 "",  2560 x 1600 pikseli 240 Hz",16.0,2560,1600,4096000,240,16 GB  DDR5 5600 Mhz RAM,16,512 GB SSD,512,AMD Ryzen™ 7 8845HS,AMD Ryzen 7 8845HS,AMD,Ryzen 7,,NVIDIA® GeForce RTX™ 4070 + AMD Radeon™ 780M,NVIDIA GeForce RTX 4070 + AMD Radeon 780M,NVIDIA,GeForce RTX 4070,GeForce RTX 4070,True,True,True,True,False,bez systemu
"Laptop Acer Aspire 3 A315-58-59PM 15,6"" i5-1135G7 16GB RAM 512GB Dysk SSD Win11 Srebrny",,"15,6 "",  1920 x 1080 pikseli 60 Hz",15.6,1920,1080,2073600,60,16 GB  DDR4 RAM,16,512 GB SSD,512,Intel® Core™ i5 11gen 1135G7,Intel Core i5 11gen 1135G7,Intel,Core i5,11,Intel®  Iris Xe Graphics,Intel Iris Xe Graphics,Intel,Iris Xe,,False,False,False,False,True,Windows 11 Home Edition
"Laptop gamingowy Acer Nitro 5 AN515-57-58BA 15,6"" 144Hz i5-11400H 16GB RAM 512GB Dysk SSD RTX3050 Win11 Czarny",,"15,6 "",  1920 x 1080 pikseli 144 Hz",15.6,1920,1080,2073600,144,16 GB  DDR4 RAM,16,512 GB SSD,512,Intel® Core™ i5 11gen 11400H,Intel Core i5 11gen 11400H,Intel,Core i5,11,NVIDIA® GeForce RTX™3050 + Intel UHD Graphics,NVIDIA GeForce RTX3050 + Intel UHD Graphics,NVIDIA,GeForce RTX3050,GeForce RTX3050,True,True,True,False,True,Windows 11 Home Edition
"Laptop 2w1 Microsoft Surface Go 3 10,5"" ® Pentium™ Gold 6500Y 4GB RAM 64GB Dysk Win11 S + klawiatura",,"10,5 "", ekran dotykowy 1920 x 1280 pikseli",10.5,1920,1280,2457600,,4 GB  LPDDR3 RAM,4,64 GB eMMC,64,Intel® Pentium® Gold 6500Y,Intel Pentium Gold 6500Y,Intel,Pentium Gold,,Intel®  UHD Graphics 615,Intel UHD Graphics 615,Intel,UHD Graphics 615,,False,False,False,False,True,Windows 11 S
"Laptop HP OmniBook 7 14-fs0219nw OLED 14"" Core 5 210H 16GB RAM 512GB Dysk SSD Win11 Srebrny Funkcje AI",,"14 "",  1920 x 1200 pikseli",14.0,1920,1200,2304000,,16 GB  LPDDR5 5200 Mhz RAM,16,512 GB SSD,512,Intel® Core™ 5 15gen 210H,Intel Core 5 15gen 210H,Intel,Core 5,15,Intel®  Graphics,Intel Graphics,Intel,,,False,False,False,False,True,Windows 11 Home Edition
"Apple MacBook Air 2025 13,6"" M4 16GB RAM 512GB Dysk macOS Błękitny 70W Funkcje AI",,"13,6 "",  2560 x 1664 pikseli",13.6,2560,1664,4259840,,16 GB  zunifikowana RAM,16,512 GB SSD,512,Apple M4,Apple M4,Apple,M4,,Apple  M4 (10-rdzeni),Apple M4 (10-rdzeni),Apple,M4,,False,False,False,False,False,macOS Sequoia lub nowszy
"Apple MacBook Air 2025 13,6"" M4 24GB RAM 512GB Dysk macOS Księżycowa poświata Funkcje AI",,"13,6 "",  2560 x 1664 pikseli",13.6,2560,1664,4259840,,24 GB  zunifikowana RAM,24,512 GB SSD,512,Apple M4,Apple M4,Apple,M4,,Apple  M4 (10-rdzeni),Apple M4 (10-rdzeni),Apple,M4,,False,False,False,False,False,macOS Sequoia lub nowszy
"Apple MacBook Air 2025 13,6"" M4 24GB RAM 512GB Dysk macOS Księżycowa poświata 70W Funkcje AI",,"13,6 "",  2560 x 1664 pikseli",13.6,2560,1664,4259840,,24 GB  zunifikowana RAM,24,512 GB SSD,512,Apple M4,Apple M4,Apple,M4,,Apple  M4 (10-rdzeni),Apple M4 (10-rdzeni),Apple,M4,,False,False,False,False,False,macOS Sequoia lub nowszy
"Laptop biznesowy HP EliteBook 8 G1i 16"" Ultra 7 255U 16GB RAM 512GB Dysk SSD Win11 Pro Srebrny Funkcje AI",,"16 "",  1920 x 1200 pikseli",16.0,1920,1200,2304000,,16 GB  DDR5 5600 Mhz RAM,16,512 GB SSD,512,Intel® Core™ Ultra 7 15gen 255U,Intel Core Ultra 7 15gen 255U,Intel,Core Ultra 7,15,Intel®  Graphics,Intel Graphics,Intel,,,False,False,False,False,True,Windows 11 Professional
"Laptop biznesowy Dell Pro 14 Plus PB14255 14"" Ryzen AI 5 Pro 340 32GB RAM 512GB Dysk SSD Win11 Pro Srebrny Funkcje AI",,"14 "",  1920 x 1200 pikseli 60 Hz",14.0,1920,1200,2304000,60,32 GB  LPDDR5x 7500 Mhz RAM,32,512 GB SSD,512,AMD Ryzen™ AI 5 Pro 340,AMD Ryzen AI 5 Pro 340,AMD,Ryzen AI 5,,AMD  Radeon™ 840M,AMD Radeon 840M,AMD,Radeon 840M,,False,False,False,True,False,Windows 11 Professional
"Laptop 2w1 HP Spectre x360 14-ea1442nw OLED 13,5'' i7-1195G7 16GB RAM 1TB Dysk SSD Win11 Pro Czarny",,"13,5 "", ekran dotykowy 3000 x 2000 pikseli",13.5,3000,2000,6000000,,16 GB  LPDDR4x 4266 MHz RAM,16,1 TB SSD,1024,Intel® Core™ i7 11gen 1195G7,Intel Core i7 11gen 1195G7,Intel,Core i7,11,Intel®  Iris Xe Graphics,Intel Iris Xe Graphics,Intel,Iris Xe,,False,False,False,False,True,Windows 11 Professional
"Laptop gamingowy Acer Nitro 16 AI AN16-61 16"" 180Hz Ryzen AI 9 365 32GB RAM 1TB Dysk SSD RTX5070Ti DLSS4 Czarny Funkcje AI",,"16 "",  2560 x 1600 pikseli 180 Hz",16.0,2560,1600,4096000,180,32 GB  DDR5 5600 Mhz RAM,32,1 TB SSD,1024,AMD Ryzen™ AI 9 365,AMD Ryzen AI 9 365,AMD,Ryzen AI 9,,NVIDIA® GeForce RTX™ 5070 Ti + AMD Radeon™ 880M,NVIDIA GeForce RTX 5070 Ti + AMD Radeon 880M,NVIDIA,GeForce RTX 5070 Ti,GeForce RTX 5070 Ti,True,True,True,True,False,bez systemu
"Laptop gamingowy Gigabyte Gaming A16 Pro 16"" 165Hz Core 7 240H 32GB RAM 1TB Dysk SSD RTX5080 DLSS4 Win11 Czarny Funkcje AI",,"16 "",  2560 x 1600 pikseli 165 Hz",16.0,2560,1600,4096000,165,32 GB  LPDDR5x 5600 Mhz RAM,32,1 TB SSD,1024,Intel® Core™ 7 15gen 240H,Intel Core 7 15gen 240H,Intel,Core 7,15,NVIDIA® GeForce RTX 5080 + Intel Graphics,NVIDIA GeForce RTX 5080 + Intel Graphics,NVIDIA,GeForce RTX 5080,GeForce RTX 5080,True,True,True,False,True,Windows 11 Home Edition
"Laptop biznesowy HP EliteBook X G1i B9ZY2ET 14"" Ultra 7 258V 32GB RAM 1TB Dysk SSD Win11 Pro Srebrny Funkcje AI",,"14 "",  1920 x 1200 pikseli",14.0,1920,1200,2304000,,32 GB  LPDDR5x 8533 Mhz RAM,32,1 TB SSD,1024,Intel® Core™ Ultra 7 15gen 258V,Intel Core Ultra 7 15gen 258V,Intel,Core Ultra 7,15,Intel®  Arc 140V,Intel Arc 140V,Intel,Arc 140V,,False,False,False,False,True,Windows 11 Professional
"Apple MacBook Air 2023 15,3"" M2 8GB RAM 256GB Dysk macOS Gwiezdna Szarość",,"15,3"",  2880 x 1864 pikseli",15.3,2880,1864,5368320,,8 GB  zunifikowana RAM,8,256 GB SSD,256,Apple M2,Apple M2,Apple,M2,,Apple  M2 (10-rdzeni),Apple M2 (10-rdzeni),Apple,M2,,False,False,False,False,False,macOS Ventura lub nowszy
"Laptop 2w1 Dell XPS 13 9310-5376 13,4"" i7-1185G7 32GB RAM 1TB Dysk SSD Win10 Pro Srebrny",,"13,4 "", ekran dotykowy 3840 x 2400 pikseli",13.4,3840,2400,9216000,,32 GB  LPDDR4X RAM,32,1 TB SSD,1024,Intel® Core™ i7 1185G7,Intel Core i7 1185G7,Intel,Core i7,,Intel®  UHD Graphics,Intel UHD Graphics,Intel,UHD,,False,False,False,False,True,Windows 10 Professional
"Laptop Lenovo IdeaPad 3 15ITL6 15,6"" i3-1115G4 8GB RAM 512GB Dysk SSD Win11S Szary",,"15,6 "",  1920 x 1080 pikseli 60 Hz",15.6,1920,1080,2073600,60,8 GB  DDR4 3200 MHz RAM,8,512 GB SSD,512,Intel® Core™ i3 11gen 1115G4,Intel Core i3 11gen 1115G4,Intel,Core i3,11,Intel®  UHD Graphics,Intel UHD Graphics,Intel,UHD,,False,False,False,False,True,Windows 11 S
"Laptop 2w1 Microsoft Surface Go 3 10,5"" Pentium Gold 6500Y 4GB RAM 64GB Dysk Win11S +klawiatura +Microsoft365 Personal",,"10,5 "", ekran dotykowy 1920 x 1280 pikseli",10.5,1920,1280,2457600,,4 GB  LPDDR3 RAM,4,64 GB eMMC,64,Intel® Pentium® Gold 6500Y,Intel Pentium Gold 6500Y,Intel,Pentium Gold,,Intel®  UHD Graphics 615,Intel UHD Graphics 615,Intel,UHD Graphics 615,,False,False,False,False,True,Windows 11 S
"Laptop ASUS Vivobook 14 X1407QA-LY034W 14"" Snapdragon X X1-26-100 16GB RAM 512GB Dysk SSD Win11 Niebieski Funkcje AI",,"14 "",  1920 x 1200 pikseli 60 Hz",14.0,1920,1200,2304000,60,16 GB  LPDDR5X RAM,16,512 GB SSD,512,Qualcomm® Snapdragon® X X1-26-100,Qualcomm Snapdragon X X1-26-100,Qualcomm,Snapdragon X,,Qualcomm®  Adreno™,Qualcomm Adreno,Qualcomm,Adreno,,False,False,False,False,False,Windows 11 Home Edition
Laptop gamingowy ASUS V16 V3607VH-RP020 16'' 144Hz Core 5 210H 16GB RAM 512G Dysk SSD RTX5050 DLSS4 Czarny Funkcje AI,,"16 "",  1920 x 1200 pikseli 144 Hz",16.0,1920,1200,2304000,144,16 GB  DDR5 RAM,16,512 GB SSD,512,Intel® Core™ 5 210H,Intel Core 5 210H,Intel,Core 5,,NVIDIA® GeForce RTX 5050 + Intel Graphics,NVIDIA GeForce RTX 5050 + Intel Graphics,NVIDIA,GeForce RTX 5050,GeForce RTX 5050,True,True,True,False,True,bez systemu
"Laptop gamingowy ASUS TUF Gaming A15 FA506NCR-HN008W 15,6''144Hz R7 7435HS 16GB RAM 512GB Dysk SSD RTX3050 Win11 Czarny",,"15,6 "",  1920 x 1080 pikseli 144 Hz",15.6,1920,1080,2073600,144,16 GB  DDR5 4800 Mhz RAM,16,512 GB SSD,512,AMD Ryzen™ 7 7435HS,AMD Ryzen 7 7435HS,AMD,Ryzen 7,,NVIDIA® Geforce RTX 3050,NVIDIA Geforce RTX 3050,NVIDIA,GeForce RTX 3050,GeForce RTX 3050,True,True,True,False,False,Windows 11 Home Edition
"Apple MacBook Air 2024 13,6"" M3 16GB RAM 512GB Dysk macOS Gwiezdna Szarość",,"13,6 "",  2560 x 1664 pikseli",13.6,2560,1664,4259840,,16 GB  zunifikowana RAM,16,512 GB SSD,512,Apple M3,Apple M3,Apple,M3,,Apple  M3 (10-rdzeni),Apple M3 (10-rdzeni),Apple,M3,,False,False,False,False,False,macOS Sonoma lub nowszy
"Apple MacBook Air 2025 13,6"" M4 16GB RAM 512GB Dysk macOS Srebrny 70W Funkcje AI",,"13,6 "",  2560 x 1664 pikseli",13.6,2560,1664,4259840,,16 GB  zunifikowana RAM,16,512 GB SSD,512,Apple M4,Apple M4,Apple,M4,,Apple  M4 (10-rdzeni),Apple M4 (10-rdzeni),Apple,M4,,False,False,False,False,False,macOS Sequoia lub nowszy
"Laptop gamingowy Lenovo LOQ 15AHP10 15,6"" 144Hz R5 220 16GB RAM 512GB Dysk SSD RTX5050 DLSS4 Win11 Szary Funkcje AI",,"15,6 "",  1920 x 1080 pikseli 144 Hz",15.6,1920,1080,2073600,144,16 GB  DDR5 5600 Mhz RAM,16,512 GB SSD,512,AMD Ryzen™ 5 220,AMD Ryzen 5 220,AMD,Ryzen 5,,NVIDIA® GeForce RTX™ 5050 + AMD Radeon™ 780M,NVIDIA GeForce RTX 5050 + AMD Radeon 780M,NVIDIA,GeForce RTX 5050,GeForce RTX 5050,True,True,True,True,False,Windows 11 Home Edition
"Laptop gamingowy HP Victus 16-e0212nw 16,1"" 144Hz R7 5800H 16GB RAM 1TB Dysk SSD RTX3060 Win11 Czarno-srebrny",,"16,1 "",  1920 x 1080 pikseli 144 Hz",16.1,1920,1080,2073600,144,16 GB  DDR4 3200 MHz RAM,16,1 TB SSD,1024,AMD Ryzen™ 7 5800H,AMD Ryzen 7 5800H,AMD,Ryzen 7,,NVIDIA® GeForce RTX™ 3060 + AMD Radeon™  Graphics,NVIDIA GeForce RTX 3060 + AMD Radeon Graphics,NVIDIA,GeForce RTX 3060,GeForce RTX 3060,True,True,True,True,False,Windows 11 Home Edition
"Laptop biznesowy Dell Pro 14 PC14255 14"" R5 Pro 230 16GB RAM 512GB Dysk SSD Win11 Pro Czarny Funkcje AI",,"14 "",  1920 x 1200 pikseli 60 Hz",14.0,1920,1200,2304000,60,16 GB  DDR5 5600 Mhz RAM,16,512 GB SSD,512,AMD Ryzen™ 5 Pro 230,AMD Ryzen 5 Pro 230,AMD,Ryzen 5,,AMD  Radeon™ 760M,AMD Radeon 760M,AMD,Radeon 760M,,False,False,False,True,False,Windows 11 Professional
"Laptop biznesowy ASUS ExpertBook B5404CMA-Q51623X 14"" Ultra 7 155H 16GB RAM 1TB Dysk SSD Win11 Pro Granatowy",,"14 "",  1920 x 1200 pikseli 60 Hz",14.0,1920,1200,2304000,60,16 GB  DDR5 5600 Mhz RAM,16,1 TB SSD,1024,Intel® Core™ Ultra 7 14gen 155H,Intel Core Ultra 7 14gen 155H,Intel,Core Ultra 7,14,Intel®  Arc™ Graphics,Intel Arc Graphics,Intel,Arc,,False,False,False,False,True,Windows 11 Professional
"Laptop gamingowy HP Victus 16-d0242nw 16,1"" 144Hz i5-11400H 16GB RAM 512GB Dysk SSD RTX3050Ti Win11 Czarno-srebrny",,"16,1 "",  1920 x 1080 pikseli 144 Hz",16.1,1920,1080,2073600,144,16 GB  DDR4 2933 MHz RAM,16,512 GB SSD,512,Intel® Core™ i5 11gen 11400H,Intel Core i5 11gen 11400H,Intel,Core i5,11,NVIDIA® GeForce RTX™ 3050 Ti + Intel UHD Graphics,NVIDIA GeForce RTX 3050 Ti + Intel UHD Graphics,NVIDIA,GeForce RTX 3050 Ti,GeForce RTX 3050 Ti,True,True,True,False,True,Windows 11 Home Edition
"Apple MacBook Air 2025 13,6"" M4 24GB RAM 512GB Dysk macOS Błękitny 70W Funkcje AI",,"13,6 "",  2560 x 1664 pikseli",13.6,2560,1664,4259840,,24 GB  zunifikowana RAM,24,512 GB SSD,512,Apple M4,Apple M4,Apple,M4,,Apple  M4 (10-rdzeni),Apple M4 (10-rdzeni),Apple,M4,,False,False,False,False,False,macOS Sequoia lub nowszy
"Laptop ultrabook MSI Prestige 13 AI+ A3MG-021PL OLED 13,3"" Ultra 7 355 32GB RAM 1TB Dysk SSD Win11 Pro Szary Funkcje AI",,"13,3 "",  2880 x 1800 pikseli 60 Hz",13.3,2880,1800,5184000,60,32 GB  LPDDR5X RAM,32,1 TB SSD,1024,Intel® Core™ Ultra 7 Series 3 355,Intel Core Ultra 7 Series 3 355,Intel,Core Ultra 7,,Intel®  Graphics,Intel Graphics,Intel,,,False,False,False,False,True,Windows 11 Professional
"Laptop gamingowy HP Victus 16-s0452nw 16,1"" 144Hz R7 7840HS 16GB RAM 512GB Dysk SSD RTX4060 DLSS3 Win11 Czarno-srebrny",,"16,1 "",  1920 x 1080 pikseli 144 Hz",16.1,1920,1080,2073600,144,16 GB  DDR5 5600 Mhz RAM,16,512 GB SSD,512,AMD Ryzen™ 7 7840HS,AMD Ryzen 7 7840HS,AMD,Ryzen 7,,NVIDIA® GeForce RTX™ 4060 + AMD Radeon™ 780M,NVIDIA GeForce RTX 4060 + AMD Radeon 780M,NVIDIA,GeForce RTX 4060,GeForce RTX 4060,True,True,True,True,False,Windows 11 Home Edition
"Laptop ASUS Zenbook S 14 OLED UX5406SA-PV029W 14"" Ultra 7 258V 32GB RAM 1TB Dysk SSD Win11 Szary Funkcje AI",,"14 "",  2880 x 1800 pikseli 120 Hz",14.0,2880,1800,5184000,120,32 GB  LPDDR5X RAM,32,1 TB SSD,1024,Intel® Core™ Ultra 7 14gen 258V,Intel Core Ultra 7 14gen 258V,Intel,Core Ultra 7,14,Intel®  Arc™ Graphics 140V,Intel Arc Graphics 140V,Intel,Arc Graphics 140V,,False,False,False,False,True,Windows 11 Home Edition
"Laptop ultrabook MSI Prestige 13 AI+ Ukiyoe Edition A2VMG-202PL OLED 13,3"" Ultra 9 288V 32GB RAM 2TB Dysk SSD Win11 Czarny Funkcje AI",,"13,3 "",  2880 x 1800 pikseli 60 Hz",13.3,2880,1800,5184000,60,32 GB  LPDDR5x 8533 Mhz RAM,32,2 TB SSD,2048,Intel® Core™ Ultra 9 15gen 288V,Intel Core Ultra 9 15gen 288V,Intel,Core Ultra 9,15,Intel®  Arc Graphics 140V,Intel Arc Graphics 140V,Intel,Arc Graphics 140V,,False,False,False,False,True,Windows 11 Home Edition
"Laptop ultrabook Acer Aspire 5 A514-54-57KA 14"" i5-1135G7 16GB RAM 512GB Dysk SSD Win11 Srebrny",,"14 "",  1920 x 1080 pikseli 60 Hz",14.0,1920,1080,2073600,60,16 GB  DDR4 RAM,16,512 GB SSD,512,Intel® Core™ i5 11gen 1135G7,Intel Core i5 11gen 1135G7,Intel,Core i5,11,Intel®  Iris Xe Graphics,Intel Iris Xe Graphics,Intel,Iris Xe,,False,False,False,False,True,Windows 11 Home Edition
"Apple Macbook Pro M2 13,3"" M2 8GB RAM 256GB Dysk macOS Gwiezdna Szarość",,"13,3 "",  2560 x 1600 pikseli",13.3,2560,1600,4096000,,8 GB  zunifikowana RAM,8,256 GB SSD,256,Apple M2,Apple M2,Apple,M2,,Apple  M2 (10-rdzeni),Apple M2 (10-rdzeni),Apple,M2,,False,False,False,False,False,macOS Monterey lub nowszy
"Laptop LG Gram 14"" 2021 14Z90P-G.AA66Y i5-1135G7 16GB RAM 512GB Dysk SSD Win11 Srebrny",,"14 "",  1920 x 1200 pikseli",14.0,1920,1200,2304000,,16 GB  LPDDR4X RAM,16,512 GB SSD,512,Intel® Core™ i5 11gen 1135G7,Intel Core i5 11gen 1135G7,Intel,Core i5,11,Intel®  Iris Xe Graphics,Intel Iris Xe Graphics,Intel,Iris Xe,,False,False,False,False,True,Windows 11 Home Edition
"Laptop 2w1 HP Envy x360 16-ac0014nw OLED 16"" 120Hz Ultra 5 125U 16GB RAM 1TB Dysk SSD Win11 Srebrny Funkcje AI",,"16 "", ekran dotykowy 2880 x 1800 pikseli 120 Hz",16.0,2880,1800,5184000,120,16 GB  LPDDR5 6400 Mhz RAM,16,1 TB SSD,1024,Intel® Core™ Ultra 5 14gen 125U,Intel Core Ultra 5 14gen 125U,Intel,Core Ultra 5,14,Intel®  Graphics,Intel Graphics,Intel,,,False,False,False,False,True,Windows 11 Home Edition
"Laptop ASUS Vivobook 15 M1502YA-BQ135W 15,6"" R5 7530U 8GB RAM 512GB Dysk SSD Win11 Niebieski",,"15,6 "",  1920 x 1080 pikseli 60 Hz",15.6,1920,1080,2073600,60,8 GB  DDR4 RAM,8,512 GB SSD,512,AMD Ryzen™ 5 7530U,AMD Ryzen 5 7530U,AMD,Ryzen 5,,AMD  Radeon™ Graphics,AMD Radeon Graphics,AMD,Radeon,,False,False,False,True,False,Windows 11 Home Edition
"Laptop ASUS Vivobook 16 M1605YA-MB204 16"" R7 7730U 16GB RAM 512GB Dysk SSD Czarny Funkcje AI",,"16 "",  1920 x 1200 pikseli 60 Hz",16.0,1920,1200,2304000,60,16 GB  DDR4 RAM,16,512 GB SSD,512,AMD Ryzen™ 7 7730U,AMD Ryzen 7 7730U,AMD,Ryzen 7,,AMD  Radeon™ Graphics,AMD Radeon Graphics,AMD,Radeon,,False,False,False,True,False,bez systemu
"Laptop biznesowy HP 255 G9 15,6"" R5 5625U 8GB RAM 512GB Dysk SSD Win11 Pro Szary",,"15,6 "",  1920 x 1080 pikseli",15.6,1920,1080,2073600,,8 GB  DDR4 3200 MHz RAM,8,512 GB SSD,512,AMD Ryzen™ 5 5625U,AMD Ryzen 5 5625U,AMD,Ryzen 5,,AMD  Radeon™ Graphics,AMD Radeon Graphics,AMD,Radeon,,False,False,False,True,False,Windows 11 Professional
"Apple MacBook Air 13,6"" M2 16GB RAM 256GB Dysk macOS Gwiezdna Szarość US",,"13,6 "",  2560 x 1664 pikseli",13.6,2560,1664,4259840,,16 GB  zunifikowana RAM,16,256 GB SSD,256,Apple M2,Apple M2,Apple,M2,,Apple  M2 (8-rdzeni),Apple M2 (8-rdzeni),Apple,M2,,False,False,False,False,False,macOS Monterey lub nowszy
"Laptop gamingowy MSI Cyborg 15 A13VE-1613XPL 15,6""144Hz i5-13420H 16GB RAM 512GB Dysk SSD RTX4050 DLSS3 Czarny",,"15,6 "",  1920 x 1080 pikseli 144 Hz",15.6,1920,1080,2073600,144,16 GB  DDR5 5200 Mhz RAM,16,512 GB SSD,512,Intel® Core™ i5 13gen 13420H,Intel Core i5 13gen 13420H,Intel,Core i5,13,NVIDIA® GeForce RTX™ 4050 + Intel UHD Graphics,NVIDIA GeForce RTX 4050 + Intel UHD Graphics,NVIDIA,GeForce RTX 4050,GeForce RTX 4050,True,True,True,False,True,bez systemu
"Laptop gamingowy ASUS TUF Gaming A15 FA506NFR-HN009W 15,6''144Hz R7 7435HS 16GB RAM 512GB Dysk SSD RTX2050 Win11 Czarny",,"15,6 "",  1920 x 1080 pikseli 144 Hz",15.6,1920,1080,2073600,144,16 GB  DDR5 4800 Mhz RAM,16,512 GB SSD,512,AMD Ryzen™ 7 7435HS,AMD Ryzen 7 7435HS,AMD,Ryzen 7,,NVIDIA® Geforce RTX 2050,NVIDIA Geforce RTX 2050,NVIDIA,GeForce RTX 2050,GeForce RTX 2050,True,True,True,False,False,Windows 11 Home Edition
"Laptop biznesowy HP ProBook 450 G9 15,6"" i5-1235U 16GB RAM 512GB Dysk SSD Win11 Pro Srebrny",,"15,6 "",  1920 x 1080 pikseli 60 Hz",15.6,1920,1080,2073600,60,16 GB  DDR4 3200 MHz RAM,16,512 GB SSD,512,Intel® Core™ i5 12gen 1235U,Intel Core i5 12gen 1235U,Intel,Core i5,12,Intel®  UHD Graphics,Intel UHD Graphics,Intel,UHD,,False,False,False,False,True,Windows 11 Professional
"Laptop gamingowy Gigabyte Gaming  A16 CTHH3EE893SD 16"" 165Hz i7-13620H 16GB RAM 512GB Dysk SSD RTX5050 DLSS4 Czarny",,"16 "",  1920 x 1200 pikseli 165 Hz",16.0,1920,1200,2304000,165,16 GB  DDR5 5200 Mhz RAM,16,512 GB SSD,512,Intel® Core™ i7 13gen 13620H,Intel Core i7 13gen 13620H,Intel,Core i7,13,NVIDIA® GeForce RTX 5050 + Intel UHD Graphics,NVIDIA GeForce RTX 5050 + Intel UHD Graphics,NVIDIA,GeForce RTX 5050,GeForce RTX 5050,True,True,True,False,True,bez systemu
"Laptop biznesowy ASUS ExpertBook B3 B3404CVA-Q50016X 14"" i5-1335U 16GB RAM 512GB Dysk SSD Win11 Pro Czarny",,"14 "",  1920 x 1200 pikseli 60 Hz",14.0,1920,1200,2304000,60,16 GB  DDR5 RAM,16,512 GB SSD,512,Intel® Core™ i5 13gen 1335U,Intel Core i5 13gen 1335U,Intel,Core i5,13,Intel®  UHD Graphics,Intel UHD Graphics,Intel,UHD,,False,False,False,False,True,Windows 11 Professional
Laptop ASUS TUF Gaming A16 FA607NU-R5165W 16'' 144Hz R5 7535HS 16GB RAM 512GB Dysk SSD RTX4050 Win11 Szary,,"16 "",  1920 x 1200 pikseli 144 Hz",16.0,1920,1200,2304000,144,16 GB  DDR5 4800 Mhz RAM,16,512 GB SSD,512,AMD Ryzen™ 5 7535HS,AMD Ryzen 5 7535HS,AMD,Ryzen 5,,NVIDIA® GeForce RTX 4050 + AMD Radeon™ 660M,NVIDIA GeForce RTX 4050 + AMD Radeon 660M,NVIDIA,GeForce RTX 4050,GeForce RTX 4050,True,True,True,True,False,Windows 11 Home Edition
"Laptop biznesowy ASUS ExpertBook P3 P3405CVA-NZ0326X 14"" 144Hz i7-13620H 16GB RAM 512GB Dysk SSD Win11 Pro Szary Funkcje AI",,"14 "",  2560 x 1600 pikseli 144 Hz",14.0,2560,1600,4096000,144,16 GB  DDR5 RAM,16,512 GB SSD,512,Intel® Core™ i7 13gen 13620H,Intel Core i7 13gen 13620H,Intel,Core i7,13,Intel®  UHD Graphics,Intel UHD Graphics,Intel,UHD,,False,False,False,False,True,Windows 11 Professional
"Laptop 2w1 HP Envy x360 14-fc0015nw 14"" Ultra 5 125U 16GB RAM 512GB Dysk SSD Win11 Srebrny Funkcje AI",,"14 "", ekran dotykowy 1920 x 1200 pikseli 60 Hz",14.0,1920,1200,2304000,60,16 GB  LPDDR5 6400 Mhz RAM,16,512 GB SSD,512,Intel® Core™ Ultra 5 14gen 125U,Intel Core Ultra 5 14gen 125U,Intel,Core Ultra 5,14,Intel®  Graphics,Intel Graphics,Intel,,,False,False,False,False,True,Windows 11 Home Edition
"Laptop gamingowy HP Victus 15-fa1151nw 15,6"" 144Hz i5-13420H 16GB RAM 512GB Dysk SSD RTX4050 Win11 Czarno-srebrny",,"15,6 "",  1920 x 1080 pikseli 144 Hz",15.6,1920,1080,2073600,144,16 GB  DDR4 3200 MHz RAM,16,512 GB SSD,512,Intel® Core™ i5 13gen 13420H,Intel Core i5 13gen 13420H,Intel,Core i5,13,NVIDIA® GeForce RTX™ 4050 + Intel UHD Graphics,NVIDIA GeForce RTX 4050 + Intel UHD Graphics,NVIDIA,GeForce RTX 4050,GeForce RTX 4050,True,True,True,False,True,Windows 11 Home Edition
"Laptop biznesowy ASUS ExpertBook B3 B3405CCA-LY0181X 14"" Ultra 7 155H 16GB RAM 512GB Dysk SSD Win11 Pro Szary Funkcje AI",,"14 "",  1920 x 1200 pikseli 60 Hz",14.0,1920,1200,2304000,60,16 GB  DDR5 RAM,16,512 GB SSD,512,Intel® Core™ Ultra 7 14gen 155H,Intel Core Ultra 7 14gen 155H,Intel,Core Ultra 7,14,Intel®  Graphics,Intel Graphics,Intel,,,False,False,False,False,True,Windows 11 Professional
"Laptop biznesowy HP ProBook 4 G1i 14"" Ultra 5 225U 16GB RAM 512GB Dysk SSD Win11 Pro Srebrny Funkcje AI",,"14 "",  1920 x 1200 pikseli",14.0,1920,1200,2304000,,16 GB  DDR5 5600 Mhz RAM,16,512 GB SSD,512,Intel® Core™ Ultra 5 15gen 225U,Intel Core Ultra 5 15gen 225U,Intel,Core Ultra 5,15,Intel®  Graphics,Intel Graphics,Intel,,,False,False,False,False,True,Windows 11 Professional
"Apple MacBook Air 2025 13,6"" M4 16GB RAM 512GB Dysk macOS Księżycowa poświata 70W Funkcje AI",,"13,6 "",  2560 x 1664 pikseli",13.6,2560,1664,4259840,,16 GB  zunifikowana RAM,16,512 GB SSD,512,Apple M4,Apple M4,Apple,M4,,Apple  M4 (10-rdzeni),Apple M4 (10-rdzeni),Apple,M4,,False,False,False,False,False,macOS Sequoia lub nowszy
"Laptop HP Victus 15-fa2056nw 15,6"" 144Hz Core 7 240H 16GB RAM 512GB Dysk SSD RTX5050 DLSS4 Win11 Czarno-srebrny Funkcje AI",,"15,6 "",  1920 x 1080 pikseli 144 Hz",15.6,1920,1080,2073600,144,16 GB  DDR5 5600 Mhz RAM,16,512 GB SSD,512,Intel® Core™ 7 15gen 240H,Intel Core 7 15gen 240H,Intel,Core 7,15,NVIDIA® GeForce RTX™ 5050 + Intel Graphics,NVIDIA GeForce RTX 5050 + Intel Graphics,NVIDIA,GeForce RTX 5050,GeForce RTX 5050,False,True,True,False,True,Windows 11 Home Edition
"Laptop ultrabook ASUS Zenbook 14X OLED UX5401EA-L7099W OLED 14"" 90Hz i7-1165G7 16GB RAM 512GB Dysk SSD Win11 Szary",,"14 "",  2880 x 1800 pikseli 90 Hz",14.0,2880,1800,5184000,90,16 GB  LPDDR4X RAM,16,512 GB SSD,512,Intel® Core™ i7 11gen 1165G7,Intel Core i7 11gen 1165G7,Intel,Core i7,11,Intel®  Iris Xe Graphics,Intel Iris Xe Graphics,Intel,Iris Xe,,False,False,False,False,True,Windows 11 Home Edition
"Apple MacBook Pro 2024 14,2"" M4 16GB RAM 1TB Dysk macOS Srebrny Funkcje AI",,"14,2 "",  3024 x 1964 pikseli 120 Hz",14.2,3024,1964,5939136,120,16 GB  zunifikowana RAM,16,1 TB SSD,1024,Apple M4,Apple M4,Apple,M4,,Apple  M4 (10-rdzeni),Apple M4 (10-rdzeni),Apple,M4,,False,False,False,False,False,macOS Sequoia lub nowszy
"Laptop biznesowy HP EliteBook 8 G1i 16"" Ultra 5 225U 32GB RAM 512GB Dysk SSD Win11 Pro Srebrny Funkcje AI",,"16 "",  1920 x 1200 pikseli 60 Hz",16.0,1920,1200,2304000,60,32 GB  DDR5 5600 Mhz RAM,32,512 GB SSD,512,Intel® Core™ Ultra 5 15gen 225U,Intel Core Ultra 5 15gen 225U,Intel,Core Ultra 5,15,Intel®  Graphics,Intel Graphics,Intel,,,False,False,False,False,True,Windows 11 Professional
"Laptop biznesowy HP EliteBook 8 G1i 14"" Ultra 5 225U 32GB RAM 512GB Dysk SSD Win11 Pro Srebrny Funkcje AI",,"14 "",  1920 x 1200 pikseli 60 Hz",14.0,1920,1200,2304000,60,32 GB  DDR5 5600 Mhz RAM,32,512 GB SSD,512,Intel® Core™ Ultra 5 15gen 225U,Intel Core Ultra 5 15gen 225U,Intel,Core Ultra 5,15,Intel®  Graphics,Intel Graphics,Intel,,,False,False,False,False,True,Windows 11 Professional
"Laptop biznesowy Dell Alienware 16 Aurora AC16250 16"" 120Hz Core 9 270H 16GB RAM 1TB Dysk SSD RTX5060 DLSS4 W11 Pro Granatowy Funkcje AI",,"16 "",  2560 x 1600 pikseli 120 Hz",16.0,2560,1600,4096000,120,16 GB  DDR5 5600 Mhz RAM,16,1 TB SSD,1024,Intel® Core™ 9 15gen 270H,Intel Core 9 15gen 270H,Intel,Core 9,15,NVIDIA® GeForce RTX™ 5060 + Intel Graphics,NVIDIA GeForce RTX 5060 + Intel Graphics,NVIDIA,GeForce RTX 5060,GeForce RTX 5060,False,True,True,False,True,Windows 11 Professional
"Laptop 2w1 Lenovo ThinkPad T14s 2-in-1 Gen 1 14"" Ultra 7 255U 32GB RAM 1TB Dysk SSD Win11 Pro Czarny Funkcje AI",,"14 "", ekran dotykowy 1920 x 1200 pikseli",14.0,1920,1200,2304000,,32 GB  LPDDR5x 7467 Mhz RAM,32,1 TB SSD,1024,Intel® Core™ Ultra 7 15gen 255U,Intel Core Ultra 7 15gen 255U,Intel,Core Ultra 7,15,Intel®  Graphics,Intel Graphics,Intel,,,False,False,False,False,True,Windows 11 Professional
"Laptop gamingowy ASUS ROG Zephyrus S GX701GXR 17,3"" i7-9750H 16GB RAM 1TB Dysk SSD RTX2080 Max-Q Win10 Czarny",,"17,3 "",  1920 x 1080 pikseli 144 Hz",17.3,1920,1080,2073600,144,16 GB  DDR4 2666 MHz RAM,16,1 TB SSD,1024,Intel® Core™ i7 9gen 9750H,Intel Core i7 9gen 9750H,Intel,Core i7,9,NVIDIA® GeForce RTX™ 2080 Max-Q + Intel UHD Graphics 630,NVIDIA GeForce RTX 2080 Max-Q + Intel UHD Graphics 630,NVIDIA,GeForce RTX 2080 Max-Q,GeForce RTX 2080 Max-Q,True,True,True,False,True,Windows 10 Home Edition
"Laptop biznesowy Lenovo ThinkBook 16p G6 ADR 16"" 240Hz R9 8940HX 32GB RAM 1TB Dysk SSD RTX5060 Win11 Pro Szary",,"16 "",  2560 x 1600 pikseli 240 Hz",16.0,2560,1600,4096000,240,32 GB  DDR5 5200 Mhz RAM,32,1 TB SSD,1024,AMD Ryzen™ 9 8940HX,AMD Ryzen 9 8940HX,AMD,Ryzen 9,,NVIDIA® GeForce RTX™ 5060 + AMD Radeon™ 610M,NVIDIA GeForce RTX 5060 + AMD Radeon 610M,NVIDIA,GeForce RTX 5060,GeForce RTX 5060,False,True,True,True,False,Windows 11 Professional
"Laptop 2w1 HP EliteBook X Flip G1i 14"" Ultra 7 268V 32GB RAM 1TB Dysk SSD Win11 Pro Niebieski Funkcje AI",,"14 "", ekran dotykowy 1920 x 1200 pikseli 120 Hz",14.0,1920,1200,2304000,120,32 GB  LPDDR5x 8533 Mhz RAM,32,1 TB SSD,1024,Intel® Core™ Ultra 7 15gen 268V,Intel Core Ultra 7 15gen 268V,Intel,Core Ultra 7,15,Intel®  Arc 140V,Intel Arc 140V,Intel,Arc 140V,,False,False,False,False,True,Windows 11 Professional
"Laptop Acer Aspire 3 A315-58-39PH 15,6"" i3-1115G4 4GB RAM 256GB Dysk SSD Win11S Srebrny",,"15,6 "",  1920 x 1080 pikseli 60 Hz",15.6,1920,1080,2073600,60,4 GB  DDR4 RAM,4,256 GB SSD,256,Intel® Core™ i3 11gen 1115G4,Intel Core i3 11gen 1115G4,Intel,Core i3,11,Intel®  UHD Graphics,Intel UHD Graphics,Intel,UHD,,False,False,False,False,True,Windows 11 S
"Laptop Acer Aspire 3 A315-56-55MF 15,6"" i5-1035G1 8GB RAM 512GB Dysk SSD Win11 Czarny",,"15,6 "",  1920 x 1080 pikseli 60 Hz",15.6,1920,1080,2073600,60,8 GB  DDR4 RAM,8,512 GB SSD,512,Intel® Core™ i5 10gen 1035G1,Intel Core i5 10gen 1035G1,Intel,Core i5,10,Intel®  UHD Graphics,Intel UHD Graphics,Intel,UHD,,False,False,False,False,True,Windows 11 Home Edition
"Laptop 2w1 Acer Aspire 3 Spin A3SP14-31PT-39P6 14"" i3-N305 8GB RAM 256GB Dysk SSD Win11S Srebrny",,"14 "", ekran dotykowy 1920 x 1200 pikseli 60 Hz",14.0,1920,1200,2304000,60,8 GB  LPDDR5 RAM,8,256 GB SSD,256,Intel® Core™ i3 N305,Intel Core i3 N305,Intel,Core i3,,Intel®  UHD Graphics,Intel UHD Graphics,Intel,UHD,,False,False,False,False,True,Windows 11 S
Laptop LG Gram 14'' 2022 14Z90Q-G.AA55Y i5-1240P 16GB RAM 512GB Dysk SSD Win11 Czarny,,"14 "",  1920 x 1200 pikseli",14.0,1920,1200,2304000,,16 GB  LPDDR5 5200 Mhz RAM,16,512 GB SSD,512,Intel® Core™ i5 12gen 1240P,Intel Core i5 12gen 1240P,Intel,Core i5,12,Intel®  Iris Xe Graphics,Intel Iris Xe Graphics,Intel,Iris Xe,,False,False,False,False,True,Windows 11 Home Edition
Laptop ultrabook Dell Inspiron 5402-6378 14'' i5-1135G7 8GB RAM 512GB Dysk SSD Win11 Srebrny,,"14 "",  1920 x 1080 pikseli",14.0,1920,1080,2073600,,8 GB  DDR4 3200 MHz RAM,8,512 GB SSD,512,Intel® Core™ i5 11gen 1135G7,Intel Core i5 11gen 1135G7,Intel,Core i5,11,Intel®  Iris Xe Graphics,Intel Iris Xe Graphics,Intel,Iris Xe,,False,False,False,False,True,Windows 11 Home Edition
"Laptop HP 15s-fq2622nw 15,6"" i3-1115G4 8GB RAM 256GB Dysk SSD Win11 Srebrny",,"15,6 "",  1920 x 1080 pikseli",15.6,1920,1080,2073600,,8 GB  DDR4 3200 MHz RAM,8,256 GB SSD,256,Intel® Core™ i3 11gen 1115G4,Intel Core i3 11gen 1115G4,Intel,Core i3,11,Intel®  UHD Graphics,Intel UHD Graphics,Intel,UHD,,False,False,False,False,True,Windows 11 Home Edition
"Laptop HP 15s-eq1125nw 15,6"" R5 4500U 8GB RAM 512GB Dysk Srebrny",,"15,6 "",  1920 x 1080 pikseli",15.6,1920,1080,2073600,,8 GB  DDR4 2666 MHz RAM,8,512 GB SSD,512,AMD Ryzen™ 5 4500U,AMD Ryzen 5 4500U,AMD,Ryzen 5,,AMD  Radeon™ Graphics,AMD Radeon Graphics,AMD,Radeon,,False,False,False,True,False,bez systemu
"Laptop ASUS Vivobook S16 S3607VA-RP004W 16"" 144Hz i5-13420H 16GB RAM 512GB Dysk SSD Win11 Srebrny",,"16 "",  1920 x 1200 pikseli 144 Hz",16.0,1920,1200,2304000,144,16 GB  DDR5 RAM,16,512 GB SSD,512,Intel® Core™ i5 13gen 13420H,Intel Core i5 13gen 13420H,Intel,Core i5,13,Intel®  UHD Graphics,Intel UHD Graphics,Intel,UHD,,False,False,False,False,True,Windows 11 Home Edition
"Laptop HP OmniBook 5 16-bc1218nw 16"" R5 8540U 16GB RAM 512GB Dysk SSD Win11 Srebrny Funkcje AI",,"16 "", ekran dotykowy 1920 x 1200 pikseli",16.0,1920,1200,2304000,,16 GB  LPDDR5 6400 Mhz RAM,16,512 GB SSD,512,AMD Ryzen™ 5 8540U,AMD Ryzen 5 8540U,AMD,Ryzen 5,,AMD  Radeon™ 740M,AMD Radeon 740M,AMD,Radeon 740M,,False,False,False,True,False,Windows 11 Home Edition
"Laptop Lenovo ThinkBook 16 G6 IRL 16"" i5-1335U 16GB RAM 512GB Dysk SSD Win11 Pro Szary",,"16 "",  1920 x 1200 pikseli 60 Hz",16.0,1920,1200,2304000,60,16 GB  DDR5 5200 Mhz RAM,16,512 GB SSD,512,Intel® Core™ i5 13gen 1335U,Intel Core i5 13gen 1335U,Intel,Core i5,13,Intel®  UHD Graphics,Intel UHD Graphics,Intel,UHD,,False,False,False,False,True,Windows 11 Professional
"Laptop biznesowy ASUS ExpertBook B3 B3604CMA-Q90306X 16"" Ultra 5 125H 16GB RAM 512GB Dysk SSD Win11 Pro Czarny Funkcje AI",,"16 "",  1920 x 1200 pikseli 60 Hz",16.0,1920,1200,2304000,60,16 GB  DDR5 RAM,16,512 GB SSD,512,Intel® Core™ Ultra 5 14gen 125H,Intel Core Ultra 5 14gen 125H,Intel,Core Ultra 5,14,Intel®  Graphics,Intel Graphics,Intel,,,False,False,False,False,True,Windows 11 Professional
"Laptop ultrabook ASUS Zenbook 14 UM3406KA-PP051W OLED 14"" 120Hz Ryzen AI 7 350 16GB RAM 512GB Dysk SSD Win11 Czarny Funkcje AI",,"14 "",  2880 x 1800 pikseli 120 Hz",14.0,2880,1800,5184000,120,16 GB  LPDDR5X RAM,16,512 GB SSD,512,AMD Ryzen™ AI 7 350,AMD Ryzen AI 7 350,AMD,Ryzen AI 7,,AMD  Radeon™ 860M Graphics,AMD Radeon 860M Graphics,AMD,Radeon 860M,,False,False,False,True,False,Windows 11 Home Edition
"Laptop Dell Vostro 5640 16"" Core 5 120U 16GB RAM 1TB Dysk SSD Win11 Pro Szary",,"16 "",  1920 x 1200 pikseli 60 Hz",16.0,1920,1200,2304000,60,16 GB  DDR5 5200 Mhz RAM,16,1 TB SSD,1024,Intel® Core™ 5 120U,Intel Core 5 120U,Intel,Core 5,,Intel®  Graphics,Intel Graphics,Intel,,,False,False,False,False,True,Windows 11 Professional
"Laptop biznesowy HP EliteBook 850 G8 15,6"" i5-1145G7 8GB RAM 512GB Dysk SSD Win11 Pro Srebrny",,"15,6 "",  1920 x 1080 pikseli",15.6,1920,1080,2073600,,8 GB  DDR4 3200 MHz RAM,8,512 GB SSD,512,Intel® Core™ i5 11gen 1145G7,Intel Core i5 11gen 1145G7,Intel,Core i5,11,Intel®  UHD Graphics,Intel UHD Graphics,Intel,UHD,,False,False,False,False,True,Windows 11 Professional
"Laptop ultrabook ASUS ZenBook 13 UX325EA-KG455W OLED 13,3"" i5-1135G7 16GB RAM 512GB Dysk SSD Win11 Szary",,"13,3 "",  1920 x 1080 pikseli",13.3,1920,1080,2073600,,16 GB  LPDDR4X RAM,16,512 GB SSD,512,Intel® Core™ i5 11gen 1135G7,Intel Core i5 11gen 1135G7,Intel,Core i5,11,Intel®  Iris Xe Graphics,Intel Iris Xe Graphics,Intel,Iris Xe,,False,False,False,False,True,Windows 11 Home Edition
"Laptop ASUS Vivobook S14 S3407QA-KP002W 14"" Snapdragon X X1-26-100 16GB RAM 512GB Dysk SSD Win11 Srebrny Funkcje AI",,"14 "",  2560 x 1600 pikseli 60 Hz",14.0,2560,1600,4096000,60,16 GB  LPDDR5X RAM,16,512 GB SSD,512,Qualcomm® Snapdragon® X X1-26-100,Qualcomm Snapdragon X X1-26-100,Qualcomm,Snapdragon X,,Qualcomm®  Adreno™,Qualcomm Adreno,Qualcomm,Adreno,,False,False,False,False,False,Windows 11 Home Edition
"Laptop biznesowy HP ProBook 4 G1i 16"" Ultra 5 225H 24GB RAM 512GB Dysk SSD Win11 Pro Srebrny Funkcje AI",,"16 "",  1920 x 1200 pikseli",16.0,1920,1200,2304000,,24 GB  DDR5 5600 Mhz RAM,24,512 GB SSD,512,Intel® Core™ Ultra 5 15gen 225H,Intel Core Ultra 5 15gen 225H,Intel,Core Ultra 5,15,Intel®  Arc 130T Graphics,Intel Arc 130T Graphics,Intel,Arc 130T,,False,False,False,False,True,Windows 11 Professional
"Laptop biznesowy Lenovo ThinkPad E14 Gen 7 14"" Ultra 5 225U 16GB RAM 512GB Dysk SSD Win11 Pro Czarny Funkcje AI",,"14 "",  1920 x 1200 pikseli 60 Hz",14.0,1920,1200,2304000,60,16 GB  DDR5 5600 Mhz RAM,16,512 GB SSD,512,Intel® Core™ Ultra 5 15gen 225U,Intel Core Ultra 5 15gen 225U,Intel,Core Ultra 5,15,Intel®  Graphics,Intel Graphics,Intel,,,False,False,False,False,True,Windows 11 Professional
"Laptop gamingowy Acer Nitro 17 AN17-41-R5CS 17,3"" 165Hz R7 7840HS 16GB RAM 1TB Dysk SSD RTX4070 DLSS3 Win11 Czarny",,"17,3 "",  2560 x 1440 pikseli 165 Hz",17.3,2560,1440,3686400,165,16 GB  DDR5 5600 Mhz RAM,16,1 TB SSD,1024,AMD Ryzen™ 7 7840HS,AMD Ryzen 7 7840HS,AMD,Ryzen 7,,NVIDIA® GeForce RTX™ 4070 + AMD Radeon™ 780M,NVIDIA GeForce RTX 4070 + AMD Radeon 780M,NVIDIA,GeForce RTX 4070,GeForce RTX 4070,True,True,True,True,False,Windows 11 Home Edition
"Laptop gamingowy MSI GF65 Thin 10UE-054PL 15,6""144Hz i5-10200H 8GB RAM 512GB Dysk SSD RTX3060 Win10 Czarny",,"15,6 "",  1920 x 1080 pikseli 144 Hz",15.6,1920,1080,2073600,144,8 GB  DDR4 3200 MHz RAM,8,512 GB SSD,512,Intel® Core™ i5 10gen 10200H,Intel Core i5 10gen 10200H,Intel,Core i5,10,NVIDIA® GeForce RTX™ 3060 + Intel UHD Graphics,NVIDIA GeForce RTX 3060 + Intel UHD Graphics,NVIDIA,GeForce RTX 3060,GeForce RTX 3060,True,True,True,False,True,Windows 10 Home Edition
"Laptop gamingowy Lenovo Legion 5 15AHP10 OLED 15,1"" 165Hz R7 260 24GB RAM 1TB Dysk SSD RTX5050 DLSS4 Win11 Czarny Funkcje AI",,"15,1 "",  2560 x 1600 pikseli 165 Hz",15.1,2560,1600,4096000,165,24 GB  DDR5 4800 Mhz RAM,24,1 TB SSD,1024,AMD Ryzen™ 7 260,AMD Ryzen 7 260,AMD,Ryzen 7,,NVIDIA® GeForce RTX™ 5050 + AMD Radeon™ 780M,NVIDIA GeForce RTX 5050 + AMD Radeon 780M,NVIDIA,GeForce RTX 5050,GeForce RTX 5050,True,True,True,True,False,Windows 11 Home Edition
"Laptop 2w1 MSI Summit A16 AI+ A3HMTG-053PL Copilot+ PC 16"" 165Hz Ryzen AI 9 365 32GB RAM 1TB Dysk SSD Win11 Pro Czarny Funkcje AI",,"16 "", ekran dotykowy 2560 x 1600 pikseli 165 Hz",16.0,2560,1600,4096000,165,32 GB  LPDDR5x 7500 Mhz RAM,32,1 TB SSD,1024,AMD Ryzen™ AI 9 365,AMD Ryzen AI 9 365,AMD,Ryzen AI 9,,AMD  Radeon™ 880M,AMD Radeon 880M,AMD,Radeon 880M,,False,False,False,True,False,Windows 11 Professional
"Laptop ASUS Vivobook 18 M1807GA-S8004W 18"" 144Hz Ryzen AI 7 445 32GB RAM 1TB Dysk SSD Win11 Niebieski Funkcje AI",,"18 "",  1920 x 1200 pikseli 144 Hz",18.0,1920,1200,2304000,144,32 GB  DDR5 RAM,32,1 TB SSD,1024,AMD Ryzen™ AI 7 445,AMD Ryzen AI 7 445,AMD,Ryzen AI 7,,AMD  Radeon™ 840M,AMD Radeon 840M,AMD,Radeon 840M,,False,False,False,True,False,Windows 11 Home Edition
"Laptop MSI Prestige 16 Flip AI+ C3MTG-067PL OLED 16"" 120Hz Ultra 9 386H 32GB RAM 2TB Dysk SSD Win11 Pro Szary Funkcje AI",,"16 "", ekran dotykowy 2880 x 1800 pikseli 120 Hz",16.0,2880,1800,5184000,120,32 GB  LPDDR5X RAM,32,2 TB SSD,2048,Intel® Core™ Ultra 9 Series 3 386H,Intel Core Ultra 9 Series 3 386H,Intel,Core Ultra 9,,Intel®  Graphics,Intel Graphics,Intel,,,False,False,False,False,True,Windows 11 Professional
"Laptop ASUS Zenbook S16 OLED UM5606WA-RK267X 16"" 120Hz Ryzen AI 9 HX 370 32GB RAM 1TB Dysk SSD Win11 Pro Biały Funkcje AI",,"16 "",  2880 x 1800 pikseli 120 Hz",16.0,2880,1800,5184000,120,32 GB  LPDDR5X RAM,32,1 TB SSD,1024,AMD Ryzen™ AI 9 HX 370,AMD Ryzen AI 9 HX 370,AMD,Ryzen AI 9,,AMD  Radeon™ 890M,AMD Radeon 890M,AMD,Radeon 890M,,False,False,False,True,False,Windows 11 Professional
"Laptop biznesowy Lenovo ThinkPad T14s Gen 5 14"" Ultra 7 155U 16GB RAM 512GB Dysk SSD Win11 Pro Czarny Funkcje AI",,"14 "",  1920 x 1200 pikseli 60 Hz",14.0,1920,1200,2304000,60,16 GB   LPDDR5x 6400 Mhz RAM,16,512 GB SSD,512,Intel® Core™ Ultra 7 14gen 155U,Intel Core Ultra 7 14gen 155U,Intel,Core Ultra 7,14,Intel®  Graphics,Intel Graphics,Intel,,,False,False,False,False,True,Windows 11 Professional
"Laptop biznesowy Lenovo ThinkPad X13 Gen 6 13,3"" Ryzen AI 7 Pro 32GB RAM 1TB Dysk SSD Win11 Pro Czarny Funkcje AI",,"13,3 "",  1920 x 1200 pikseli",13.3,1920,1200,2304000,,16 GB  LPDDR5x 8000 Mhz RAM,16,1 TB SSD,1024,AMD Ryzen™ AI 7 Pro 350,AMD Ryzen AI 7 Pro 350,AMD,Ryzen AI 7,,AMD  Radeon™ 860M Graphics,AMD Radeon 860M Graphics,AMD,Radeon 860M,,False,False,False,True,False,Windows 11 Professional
"Laptop gamingowy HP OMEN 17-ck1102nw 17,3'' 165Hz i7-12700H 16GB RAM 1TB Dysk SSD RTX3070Ti Win11 Czarny",,"17,3 "",  2560 x 1440 pikseli 165 Hz",17.3,2560,1440,3686400,165,16 GB  DDR5 4800 Mhz RAM,16,1 TB SSD,1024,Intel® Core™ i7 12gen 12700H,Intel Core i7 12gen 12700H,Intel,Core i7,12,NVIDIA® GeForce RTX™ 3070 Ti + Intel Iris Xe Graphics,NVIDIA GeForce RTX 3070 Ti + Intel Iris Xe Graphics,NVIDIA,GeForce RTX 3070 Ti,GeForce RTX 3070 Ti,True,True,True,False,True,Windows 11 Home Edition
"Laptop MSI Creator Z17 HX Studio A14VFT-239PL 17"" 165Hz i7-14700HX 32GB RAM 2TB Dysk SSD RTX4060 DLSS3 Win11 Pro Szary",,"17 "", ekran dotykowy 2560 x 1600 pikseli 165 Hz",17.0,2560,1600,4096000,165,32 GB  DDR5 5600 Mhz RAM,32,2 TB SSD,2048,Intel® Core™ i7 14gen 14700HX,Intel Core i7 14gen 14700HX,Intel,Core i7,14,NVIDIA® GeForce RTX™ 4060 + Intel UHD Graphics,NVIDIA GeForce RTX 4060 + Intel UHD Graphics,NVIDIA,GeForce RTX 4060,GeForce RTX 4060,False,True,True,False,True,Windows 11 Professional
"Laptop Acer Swift 3 SF314-511-57GL 14"" i5-1135G7 8GB RAM 512GB Dysk SSD Win10 Srebrny",,"14 "",  1920 x 1080 pikseli 60 Hz",14.0,1920,1080,2073600,60,8 GB  LPDDR4X RAM,8,512 GB SSD,512,Intel® Core™ i5 11gen 1135G7,Intel Core i5 11gen 1135G7,Intel,Core i5,11,Intel®  Iris Xe Graphics,Intel Iris Xe Graphics,Intel,Iris Xe,,False,False,False,False,True,Windows 10 Home Edition
"Laptop Acer Aspire 3 A315-58-75RM 15,6"" i7-1165G7 16GB RAM 1TB Dysk SSD Win11 Srebrny",,"15,6 "",  1920 x 1080 pikseli 60 Hz",15.6,1920,1080,2073600,60,16 GB  DDR4 RAM,16,1 TB SSD,1024,Intel® Core™ i7 11gen 1165G7,Intel Core i7 11gen 1165G7,Intel,Core i7,11,Intel®  Iris Xe Graphics,Intel Iris Xe Graphics,Intel,Iris Xe,,False,False,False,False,True,Windows 11 Home Edition
"Laptop biznesowy Dell Inspiron 3520-9980 15,6"" 120Hz i5-1235U 16GB RAM 1TB Dysk SSD Win11 Pro Srebrny",,"15,6 "",  1920 x 1080 pikseli 120 Hz",15.6,1920,1080,2073600,120,16 GB  DDR4 2666 MHz RAM,16,1 TB SSD,1024,Intel® Core™ i5 12gen 1235U,Intel Core i5 12gen 1235U,Intel,Core i5,12,Intel®  Iris Xe Graphics,Intel Iris Xe Graphics,Intel,Iris Xe,,False,False,False,False,True,Windows 11 Professional
"Laptop Dell Inspiron 3525-6488 15,6"" 120Hz R7 5825U 8GB RAM 512GB Dysk SSD Win11 Czarny",,"15,6 "",  1920 x 1080 pikseli 120 Hz",15.6,1920,1080,2073600,120,8 GB  DDR4 3200 MHz RAM,8,512 GB SSD,512,AMD Ryzen™ 7 5825U,AMD Ryzen 7 5825U,AMD,Ryzen 7,,AMD  Radeon™ Graphics,AMD Radeon Graphics,AMD,Radeon,,False,False,False,True,False,Windows 11 Home Edition
Laptop HP 15s-eq1123nw R5 4500U 16GB RAM 512GB Dysk SSD Win10 Srebrny,,"15,6 "",  1920 x 1080 pikseli",15.6,1920,1080,2073600,,16 GB  DDR4 2666 MHz RAM,16,512 GB SSD,512,AMD Ryzen™ 5 4500U,AMD Ryzen 5 4500U,AMD,Ryzen 5,,AMD  Radeon™ Graphics,AMD Radeon Graphics,AMD,Radeon,,False,False,False,True,False,Windows 10 Home Edition
"Laptop gamingowy Dell G15 5520-6600 15,6"" 120Hz i5-12500H 16GB RAM 512GB Dysk SSD RTX3050 Win11 Czarny",,"15,6 "",  1920 x 1080 pikseli 120 Hz",15.6,1920,1080,2073600,120,16 GB  DDR5 4800 Mhz RAM,16,512 GB SSD,512,Intel® Core™ i5 12gen 12500H,Intel Core i5 12gen 12500H,Intel,Core i5,12,NVIDIA® GeForce RTX™ 3050 + Intel Iris Xe Graphics,NVIDIA GeForce RTX 3050 + Intel Iris Xe Graphics,NVIDIA,GeForce RTX 3050,GeForce RTX 3050,True,True,True,False,True,Windows 11 Home Edition
"Laptop Acer Aspire 3 A315-23-R6CP 15,6"" R5 3500U 16GB RAM 512GB Dysk SSD Win11 Czarny",,"15,6 "",  1920 x 1080 pikseli 60 Hz",15.6,1920,1080,2073600,60,16 GB  DDR4 RAM,16,512 GB SSD,512,AMD Ryzen™ 5 3500U,AMD Ryzen 5 3500U,AMD,Ryzen 5,,AMD  Radeon™Vega 8,AMD RadeonVega 8,AMD,,,False,False,False,True,False,Windows 11 Home Edition
"Laptop HP 15s-eq2162nw 15,6"" R3 5300U 16GB RAM 512GB Dysk SSD Win11 Srebrny",,"15,6 "",  1920 x 1080 pikseli",15.6,1920,1080,2073600,,16 GB  DDR4 3200 MHz RAM,16,512 GB SSD,512,AMD Ryzen™ 3 5300U,AMD Ryzen 3 5300U,AMD,Ryzen 3,,AMD  Radeon™ Graphics,AMD Radeon Graphics,AMD,Radeon,,False,False,False,True,False,Windows 11 Home Edition
"Laptop 2w1 Dell Inspiron 14 7420-3615 14""  i5-1235U 16GB RAM  512GB Dysk SSD  Win11 Srebrny",,"14 "", ekran dotykowy 1920 x 1200 pikseli 60 Hz",14.0,1920,1200,2304000,60,16 GB  DDR4 3200 MHz RAM,16,512 GB SSD,512,Intel® Core™ i5 12gen 1235U,Intel Core i5 12gen 1235U,Intel,Core i5,12,Intel®  Iris Xe Graphics,Intel Iris Xe Graphics,Intel,Iris Xe,,False,False,False,False,True,Windows 11 Home Edition
"Laptop biznesowy HP EliteBook 840 G9 14"" i7-1255U 16GB RAM 512GB Dysk SSD Win11 Pro Srebrny",,"14 "",  1920 x 1200 pikseli 60 Hz",14.0,1920,1200,2304000,60,16 GB  DDR5 4800 Mhz RAM,16,512 GB SSD,512,Intel® Core™ i7 12gen 1255U,Intel Core i7 12gen 1255U,Intel,Core i7,12,Intel®  Iris Xe Graphics,Intel Iris Xe Graphics,Intel,Iris Xe,,False,False,False,False,True,Windows 11 Professional
"Laptop Acer Aspire 16 AI A16-52M OLED 16"" Ultra 5 226V 16GB RAM 512GB Dysk SSD Win11 Szary Funkcje AI",,"16 "",  1920 x 1200 pikseli 60 Hz",16.0,1920,1200,2304000,60,16 GB  LPDDR5X RAM,16,512 GB SSD,512,Intel® Core™ Ultra 5 15gen 226V,Intel Core Ultra 5 15gen 226V,Intel,Core Ultra 5,15,Intel®  Arc™ Graphics 130V,Intel Arc Graphics 130V,Intel,Arc Graphics 130V,,False,False,False,False,True,Windows 11 Home Edition
"Laptop Dell Vostro 5640 16"" Core 7 150U 16GB RAM 1TB Dysk SSD Win11 Pro Szary Funkcje AI",,"16 "",  1920 x 1200 pikseli 60 Hz",16.0,1920,1200,2304000,60,16 GB  DDR5 5200 Mhz RAM,16,1 TB SSD,1024,Intel® Core™ 7 150U,Intel Core 7 150U,Intel,Core 7,,Intel®  Graphics,Intel Graphics,Intel,,,False,False,False,False,True,Windows 11 Professional
"Apple MacBook Air 2025 13,6"" M4 16GB RAM 256GB Dysk macOS Księżycowa poświata 70W Funkcje AI",,"13,6 "",  2560 x 1664 pikseli",13.6,2560,1664,4259840,,16 GB  zunifikowana RAM,16,256 GB SSD,256,Apple M4,Apple M4,Apple,M4,,Apple  M4 (8-rdzeni),Apple M4 (8-rdzeni),Apple,M4,,False,False,False,False,False,macOS Sequoia lub nowszy
"Laptop Microsoft Surface Pro 6 12,3"" Intel® Core™ i5-8250U 8GB RAM  128GB Dysk SSD  Win10  Platynowy + klawiatura  Czarny",,"12,3 "", ekran dotykowy 2736 x 1824 pikseli",12.3,2736,1824,4990464,,8 GB   RAM,8,128 GB SSD,128,Intel® Core™ i5 8gen 8250U,Intel Core i5 8gen 8250U,Intel,Core i5,8,Intel®  UHD Graphics 620,Intel UHD Graphics 620,Intel,UHD Graphics 620,,False,False,False,False,True,Windows 10 Home Edition (możliwość darmowej aktualizacji do Windows 11)
"Laptop ASUS Zenbook 15 UM3504DA-BN160W 15,6"" R7 7735U 32GB RAM 1TB Dysk SSD Win11 Niebieski",,"15,6 "",  1920 x 1080 pikseli 60 Hz",15.6,1920,1080,2073600,60,32 GB  LPDDR5 RAM,32,1 TB SSD,1024,AMD Ryzen™ 7 7735U,AMD Ryzen 7 7735U,AMD,Ryzen 7,,AMD  Radeon™ 680M,AMD Radeon 680M,AMD,Radeon 680M,,False,False,False,True,False,Windows 11 Home Edition
"Laptop ASUS VivoBook 18 M1807HA-S8028X 18"" 144Hz R7 260 16GB RAM 512GB Dysk SSD Win11 Pro Granatowy Funkcje AI",,"18 "",  1920 x 1200 pikseli 144 Hz",18.0,1920,1200,2304000,144,16 GB  DDR5 RAM,16,512 GB SSD,512,AMD Ryzen™ 7 260,AMD Ryzen 7 260,AMD,Ryzen 7,,AMD  Radeon™ 780M,AMD Radeon 780M,AMD,Radeon 780M,,False,False,False,True,False,Windows 11 Professional
Laptop gamingowy ASUS TUF Gaming A16 Advantage Edition 2023 FA617NSR-N0001W 16'' 165Hz R7 7435HS 16GB RAM 512GB Dysk SSD RX7600S Win11 Czarny,,"16 "",  1920 x 1200 pikseli 165 Hz",16.0,1920,1200,2304000,165,16 GB  DDR5 4800 Mhz RAM,16,512 GB SSD,512,AMD Ryzen™ 7 7435HS,AMD Ryzen 7 7435HS,AMD,Ryzen 7,,AMD Radeon™ RX 7600S,AMD Radeon RX 7600S,AMD,Radeon RX 7600S,,True,True,False,True,False,Windows 11 Home Edition
"Laptop gamingowy Dell G15 5525-9904 15,6"" 165Hz R7 6800H 16GB RAM 1TB Dysk SSD RTX3070Ti Win11 Szary",,"15,6 "",  1920 x 1080 pikseli 165 Hz",15.6,1920,1080,2073600,165,16 GB  DDR5 4800 Mhz RAM,16,1 TB SSD,1024,AMD Ryzen™ 7 6800H,AMD Ryzen 7 6800H,AMD,Ryzen 7,,NVIDIA® GeForce RTX™ 3070 Ti + AMD Radeon™ 660M,NVIDIA GeForce RTX 3070 Ti + AMD Radeon 660M,NVIDIA,GeForce RTX 3070 Ti,GeForce RTX 3070 Ti,True,True,True,True,False,Windows 11 Home Edition
"Laptop gamingowy Gigabyte AERO X16 1TH 16"" 165Hz Ryzen AI 7 350 16GB RAM 1TB Dysk SSD RTX5050 DLSS4 Win11 Szary Funkcje AI",,"16 "",  1920 x 1200 pikseli 165 Hz",16.0,1920,1200,2304000,165,16 GB  DDR5 5600 Mhz RAM,16,1 TB SSD,1024,AMD Ryzen™ AI 7 350,AMD Ryzen AI 7 350,AMD,Ryzen AI 7,,NVIDIA® GeForce RTX 5050 + AMD Radeon™ 860M,NVIDIA GeForce RTX 5050 + AMD Radeon 860M,NVIDIA,GeForce RTX 5050,GeForce RTX 5050,True,True,True,True,False,Windows 11 Home Edition
"Laptop HP Victus 15-fb3018nw 15,6"" 144Hz Ryzen AI 5 340 16GB RAM 512GB Dysk SSD RTX5050 DLSS4 Win11 Czarno-srebrny Funkcje AI",,"15,6 "",  1920 x 1080 pikseli 144 Hz",15.6,1920,1080,2073600,144,16 GB  DDR5 5600 Mhz RAM,16,512 GB SSD,512,AMD Ryzen™ AI 5 340,AMD Ryzen AI 5 340,AMD,Ryzen AI 5,,NVIDIA® GeForce GTX™ 5050 + AMD Radeon™ 840M,NVIDIA GeForce GTX 5050 + AMD Radeon 840M,NVIDIA,GeForce GTX 5050,GeForce GTX 5050,False,True,True,True,False,Windows 11 Home Edition
"Laptop gamingowy MSI GF63 Thin 11UD-467PL 15,6""144Hz i7-11800H 16GB RAM 512GB Dysk SSD RTX3050Ti Win11 Czarny",,"15,6 "",  1920 x 1080 pikseli 144 Hz",15.6,1920,1080,2073600,144,16 GB  DDR4 3200 MHz RAM,16,512 GB SSD,512,Intel® Core™ i7 11gen 11800H,Intel Core i7 11gen 11800H,Intel,Core i7,11,NVIDIA® GeForce RTX™ 3050 Ti + Intel UHD Graphics,NVIDIA GeForce RTX 3050 Ti + Intel UHD Graphics,NVIDIA,GeForce RTX 3050 Ti,GeForce RTX 3050 Ti,True,True,True,False,True,Windows 11 Home Edition
"Laptop ASUS Vivobook Pro 15 K3500PC-KJ405W 15,6"" i7-11370H 16GB RAM 512GB Dysk SSD RTX3050 Win11 Srebrny",,"15,6 "",  1920 x 1080 pikseli 60 Hz",15.6,1920,1080,2073600,60,16 GB  DDR4 RAM,16,512 GB SSD,512,Intel® Core™ i7 11gen 11370H,Intel Core i7 11gen 11370H,Intel,Core i7,11,NVIDIA® GeForce RTX 3050 + Intel Iris Xe Graphics,NVIDIA GeForce RTX 3050 + Intel Iris Xe Graphics,NVIDIA,GeForce RTX 3050,GeForce RTX 3050,False,True,True,False,True,Windows 11 Home Edition
"Laptop HP Envy 13-ba0001nw 13,3'' i7-1065G7 8GB RAM 512GB Dysk SSD Win10 Srebrny",,"13,3 "",  1920 x 1080 pikseli",13.3,1920,1080,2073600,,8 GB  DDR4 2666 MHz RAM,8,512 GB SSD,512,Intel® Core™ i7 10gen 1065G7,Intel Core i7 10gen 1065G7,Intel,Core i7,10,Intel®  Iris Plus Graphics,Intel Iris Plus Graphics,Intel,Iris Plus,,False,False,False,False,True,Windows 10 Home Edition
"Laptop biznesowy HP EliteBook 6 G1i 14"" Ultra 5 225H 16GB RAM 512GB Dysk SSD Win11 Pro Srebrny Funkcje AI",,"14 "",  1920 x 1200 pikseli 60 Hz",14.0,1920,1200,2304000,60,16 GB  DDR5 5600 Mhz RAM,16,512 GB SSD,512,Intel® Core™ Ultra 5 15gen 225H,Intel Core Ultra 5 15gen 225H,Intel,Core Ultra 5,15,Intel®  Arc™ 130T,Intel Arc 130T,Intel,Arc 130T,,False,False,False,False,True,Windows 11 Professional
"Laptop biznesowy Lenovo ThinkPad L13 Gen 5 13,3"" Ultra 5 125U 16GB RAM 512GB Dysk SSD Win11 Pro Czarny Funkcje AI",,"13,3 "",  1920 x 1200 pikseli",13.3,1920,1200,2304000,,16 GB  LPDDR5 6400 Mhz RAM,16,512 GB SSD,512,Intel® Core™ Ultra 5 14gen 125U,Intel Core Ultra 5 14gen 125U,Intel,Core Ultra 5,14,Intel®  Graphics,Intel Graphics,Intel,,,False,False,False,False,True,Windows 11 Professional
"Laptop ultrabook MSI Prestige 14 A12SC-093PL 14"" i7-1280P 16GB RAM 512GB Dysk SSD GTX1650 Max-Q Win11 Szary",,"14 "",  1920 x 1080 pikseli",14.0,1920,1080,2073600,,16 GB  LPDDR4X RAM,16,512 GB SSD,512,Intel® Core™ i7 12gen 1280P,Intel Core i7 12gen 1280P,Intel,Core i7,12,NVIDIA® GeForce GTX 1650 Max-Q + Intel Iris Xe Graphics,NVIDIA GeForce GTX 1650 Max-Q + Intel Iris Xe Graphics,NVIDIA,GeForce GTX 1650 Max-Q,GeForce GTX 1650 Max-Q,False,True,True,False,True,Windows 11 Home Edition
"Laptop gamingowy Lenovo Legion 5 15AKP10 OLED 15,1"" 165Hz Ryzen AI 7 350 32GB RAM 512GB Dysk SSD RTX5070 DLSS4 Win11 Czarny Funkcje AI",,"15,1 "",  2560 x 1600 pikseli 165 Hz",15.1,2560,1600,4096000,165,32 GB  DDR5 5600 Mhz RAM,32,512 GB SSD,512,AMD Ryzen™ AI 7 350,AMD Ryzen AI 7 350,AMD,Ryzen AI 7,,NVIDIA® GeForce RTX™ 5070 + AMD Radeon™ 860M,NVIDIA GeForce RTX 5070 + AMD Radeon 860M,NVIDIA,GeForce RTX 5070,GeForce RTX 5070,True,True,True,True,False,Windows 11 Home Edition
"Laptop gamingowy HP OMEN 16-k0132nw 16,1'' 165Hz i9-12900H 32GB RAM 2TB Dysk SSD RTX3070Ti Win11 Czarny",,"16,1 "",  2560 x 1440 pikseli 165 Hz",16.1,2560,1440,3686400,165,32 GB  DDR5 4800 Mhz RAM,32,2 TB SSD,2048,Intel® Core™ i9 12gen 12900H,Intel Core i9 12gen 12900H,Intel,Core i9,12,NVIDIA® GeForce RTX™ 3070 Ti + Intel Iris Xe Graphics,NVIDIA GeForce RTX 3070 Ti + Intel Iris Xe Graphics,NVIDIA,GeForce RTX 3070 Ti,GeForce RTX 3070 Ti,True,True,True,False,True,Windows 11 Home Edition
"Apple MacBook Pro M1 13,3"" M1 8GB RAM 256GB Dysk macOS Gwiezdna Szarość",,"13,3 "",  2560 x 1600 pikseli",13.3,2560,1600,4096000,,8 GB  DDR4 RAM,8,256 GB SSD,256,Apple M1,Apple M1,Apple,M1,,Apple  M1 (8-rdzeni),Apple M1 (8-rdzeni),Apple,M1,,False,False,False,False,False,macOS Big Sur lub nowszy
"Laptop ASUS X515JA-BQ3409W 15,6"" i5-1035G1 16GB RAM 512GB Dysk SSD Win11 Srebrny",,"15,6 "",  1920 x 1080 pikseli",15.6,1920,1080,2073600,,16 GB  DDR4 RAM,16,512 GB SSD,512,Intel® Core™ i5 10gen 1035G1,Intel Core i5 10gen 1035G1,Intel,Core i5,10,Intel®  UHD Graphics,Intel UHD Graphics,Intel,UHD,,False,False,False,False,True,Windows 11 Home Edition
"Laptop ASUS ExpertBook B1 B1503CVA-S72273W 15,6"" i5-1334U 16GB RAM 512GB Dysk SSD Win11 Czarno-szary",,"15,6 "",  1920 x 1080 pikseli 60 Hz",15.6,1920,1080,2073600,60,16 GB  DDR5 RAM,16,512 GB SSD,512,Intel® Core™ i5 13gen 1334U,Intel Core i5 13gen 1334U,Intel,Core i5,13,Intel®  Iris Xe Graphics (działający jako Intel UHD Graphics),Intel Iris Xe Graphics (działający jako Intel UHD Graphics),Intel,Iris Xe,,False,False,False,False,True,Windows 11 Home Edition
"Laptop gamingowy Acer Nitro 17 AN17-41-R7DP 17,3"" 165Hz R5 7535HS 16GB RAM 512GB Dysk SSD RTX4050 DLSS3 Win11 Czarny",,"17,3 "",  1920 x 1080 pikseli 165 Hz",17.3,1920,1080,2073600,165,16 GB  DDR5 RAM,16,512 GB SSD,512,AMD Ryzen™ 5 7535HS,AMD Ryzen 5 7535HS,AMD,Ryzen 5,,NVIDIA® GeForce RTX™ 4050 + AMD Radeon™ 660M,NVIDIA GeForce RTX 4050 + AMD Radeon 660M,NVIDIA,GeForce RTX 4050,GeForce RTX 4050,True,True,True,True,False,Windows 11 Home Edition
"Laptop biznesowy ASUS ExpertBook B3 B3404CVA-Q50137X 14"" i5-1335U 16GB RAM 512GB Dysk SSD Win11 Pro Czarny",,"14 "",  1920 x 1200 pikseli 60 Hz",14.0,1920,1200,2304000,60,16 GB  DDR5 RAM,16,512 GB SSD,512,Intel® Core™ i5 13gen 1335U,Intel Core i5 13gen 1335U,Intel,Core i5,13,Intel®  UHD Graphics,Intel UHD Graphics,Intel,UHD,,False,False,False,False,True,Windows 11 Professional
"Laptop ASUS Vivobook S16 M3607HA-RP003W 16"" 144Hz R7 260 16GB RAM 1TB Dysk SSD Win11 Szary Funkcje AI",,"16 "",  1920 x 1200 pikseli 144 Hz",16.0,1920,1200,2304000,144,16 GB  DDR5 RAM,16,1 TB SSD,1024,AMD Ryzen™ 7 260,AMD Ryzen 7 260,AMD,Ryzen 7,,AMD  Radeon™ 780M,AMD Radeon 780M,AMD,Radeon 780M,,False,False,False,True,False,Windows 11 Home Edition
"Laptop ultrabook ASUS VivoBook S13 S333EA-EG018T 13,3"" i5-1135G7 16GB RAM 512GB Dysk SSD Win10 Czarny",,"13,3 "",  1920 x 1080 pikseli",13.3,1920,1080,2073600,,16 GB  LPDDR4X RAM,16,512 GB SSD,512,Intel® Core™ i5 11gen 1135G7,Intel Core i5 11gen 1135G7,Intel,Core i5,11,Intel®  Iris Xe Graphics,Intel Iris Xe Graphics,Intel,Iris Xe,,False,False,False,False,True,Windows 10 Home Edition
"Laptop HP EliteBook 840 G11 14"" Ultra 7 155U 16GB RAM 512GB Dysk SSD Win11 Pro Srebrny",,"14 "",  1920 x 1200 pikseli 60 Hz",14.0,1920,1200,2304000,60,16 GB  DDR5 5600 Mhz RAM,16,512 GB SSD,512,Intel® Core™ Ultra 7 14gen 155U,Intel Core Ultra 7 14gen 155U,Intel,Core Ultra 7,14,Intel®  Graphics,Intel Graphics,Intel,,,False,False,False,False,True,Windows 11 Professional
"Laptop biznesowy HP 470 G9 17,3"" i7-1255U 16GB RAM 512GB Dysk SSD Win11 Pro Srebrny",,"17,3 "",  1920 x 1080 pikseli",17.3,1920,1080,2073600,,16 GB  DDR4 3200 MHz RAM,16,512 GB SSD,512,Intel® Core™ i7 12gen 1255U,Intel Core i7 12gen 1255U,Intel,Core i7,12,Intel® UHD Graphics,Intel UHD Graphics,Intel,UHD,,False,False,False,False,True,Windows 11 Professional
"Laptop ASUS Vivobook 16 Flip TP3607SH-RJ007W OLED 16"" 120Hz Ultra 5 226V 16GB RAM 512GB Dysk SSD RTX5050 DLSS4 Win11 Szary AI",,"16 "", ekran dotykowy 2880 x 1800 pikseli 120 Hz",16.0,2880,1800,5184000,120,16 GB  LPDDR5X RAM,16,512 GB SSD,512,Intel® Core™ Ultra 5 15gen 226V,Intel Core Ultra 5 15gen 226V,Intel,Core Ultra 5,15,NVIDIA® GeForce RTX 5050 + Intel Arc Graphics 130V,NVIDIA GeForce RTX 5050 + Intel Arc Graphics 130V,NVIDIA,GeForce RTX 5050,GeForce RTX 5050,False,True,True,False,True,Windows 11 Home Edition
Laptop biznesowy ASUS ExpertBook B9 OLED B9403CVAR-PP2122X 14'' Core 7 150U 32GB RAM 1TB Dysk SSD Win11 Pro Czarny Funkcje AI,,"14 "",  2880 x 1800 pikseli 120 Hz",14.0,2880,1800,5184000,120,32 GB  LPDDR5X RAM,32,1 TB SSD,1024,Intel® Core™ 7 14gen 150U,Intel Core 7 14gen 150U,Intel,Core 7,14,Intel®  Graphics,Intel Graphics,Intel,,,False,False,False,False,True,Windows 11 Professional
Laptop gamingowy HP OMEN 16-u0042nw 16'' 240Hz i9-13900HX 32GB RAM 1TB Dysk SSD RTX4070 DLSS3 Win11 Biały,,"16 "",  2560 x 1600 pikseli 240 Hz",16.0,2560,1600,4096000,240,32 GB  DDR5 5600 Mhz RAM,32,1 TB SSD,1024,Intel® Core™ i9 13gen 13900HX,Intel Core i9 13gen 13900HX,Intel,Core i9,13,NVIDIA® GeForce RTX™ 4070 + Intel UHD Graphics,NVIDIA GeForce RTX 4070 + Intel UHD Graphics,NVIDIA,GeForce RTX 4070,GeForce RTX 4070,True,True,True,False,True,Windows 11 Home Edition
"Laptop HP Spectre x360 14-ea0047nw 13,5'' i7-1165G7 16GB RAM 1TB Dysk SSD Win10 Srebrny",,"13,5 "", ekran dotykowy 1920 x 1280 pikseli",13.5,1920,1280,2457600,,16 GB  LPDDR4 RAM,16,1 TB SSD,1024,Intel® Core™ i7 11gen 1165G7,Intel Core i7 11gen 1165G7,Intel,Core i7,11,Intel®  Iris Xe Graphics,Intel Iris Xe Graphics,Intel,Iris Xe,,False,False,False,False,True,Windows 10 Home Edition
