Title,Price,Image URL,Specifications
"Laptop HP OmniBook 3 16-by0028nwx 16"" R5 40 8GB RAM 256GB Dysk SSD Win11 Czarny",1 999.00 zł,"https://f00.esfr.pl/foto/4/192315626929/e8ea62a98903f1f989ccaeb45c2c1582/hp-laptop-hp-ob-3-16-r5-8-256-w11,192315626929_7.webp","{'Ekran': '16 "",  1920 x 1200 pikseli', 'Procesor': 'AMD Ryzen™ 5 40', 'Pamięć': '8 GB  LPDDR5 5500 Mhz RAM', 'Grafika': 'AMD  Radeon™ 610M Graphics', 'Dysk': '256 GB SSD', 'System operacyjny': 'Windows 11 Home Edition'}"
"Laptop gamingowy Lenovo LOQ 15IAX9 15,6"" 144Hz i5-12600HX 16GB RAM 512GB Dysk SSD RTX4050 Win11 Szary Funkcje AI",3 499.00 zł,"https://f00.esfr.pl/foto/7/177142838209/75780b1d7e014cde46599421580a5aeb/lenovo-laptop-lenovo-loq-i5-16gb-512gb-4050-w11,177142838209_7.webp","{'Ekran': '15,6 "",  1920 x 1080 pikseli 144 Hz', 'Procesor': 'Intel® Core™ i5 12gen 12600HX', 'Pamięć': '16 GB  DDR5 4800 Mhz RAM', 'Grafika': 'NVIDIA® GeForce RTX™ 4050 + Intel UHD Graphics', 'Dysk': '512 GB SSD', 'System operacyjny': 'Windows 11 Home Edition'}"
"Laptop gamingowy Dell Alienware 16 Aurora AC16250 16"" 120Hz Core 5 210H 16GB RAM 512GB Dysk SSD RTX3050 DLSS Win11 Granatowy Funkcje AI",3 299.00 zł,"https://f00.esfr.pl/foto/2/188164628089/f7bd6dea40ca0c7853551e51a35eeca4/dell-laptop-aw-16-aurora-c5-16-512gb-3050-w11,188164628089_7.webp","{'Ekran': '16 "",  2560 x 1600 pikseli 120 Hz', 'Procesor': 'Intel® Core™ 5 15gen 210H', 'Pamięć': '16 GB  DDR5 5600 Mhz RAM', 'Grafika': 'NVIDIA® GeForce RTX™ 3050 + Intel Graphics', 'Dysk': '512 GB SSD', 'System operacyjny': 'Windows 11 Home Edition'}"
"Laptop gamingowy ASUS TUF Gaming F16 FX607VJB-RL143W 16"" 144Hz Core 5 210H 16GB RAM 512GB Dysk SSD RTX3050 DLSS3 Win11 Szary Funkcje AI",3 299.00 zł,"https://f00.esfr.pl/foto/4/191218243201/6365f82fa87ee1812601ae04acc8aee2/asus-laptop-asus-f16-c5-16-512-3050-w11,191218243201_7.webp","{'Ekran': '16 "",  1920 x 1200 pikseli 144 Hz', 'Procesor': 'Intel® Core™ 5 210H', 'Pamięć': '16 GB  DDR5 5600 Mhz RAM', 'Grafika': 'NVIDIA® GeForce RTX™ 3050 + Intel Graphics', 'Dysk': '512 GB SSD', 'System operacyjny': 'Windows 11 Home Edition'}"
"Laptop Lenovo IdeaPad Slim 3 16ARP10 16"" R5 7535HS 24GB RAM 512GB Dysk SSD Win11 Szary",2 699.00 zł,"https://f00.esfr.pl/foto/4/187619326041/eed87c8be9d3e343ad1dc44b2a94f0e3/lenovo-laptop-ips3-r5-24gb-512gb-w11,187619326041_7.webp","{'Ekran': '16 "",  1920 x 1200 pikseli 60 Hz', 'Procesor': 'AMD Ryzen™ 5 7535HS', 'Pamięć': '24 GB  DDR5 4800 Mhz RAM', 'Grafika': 'AMD  Radeon™ 660M Graphics', 'Dysk': '512 GB SSD', 'System operacyjny': 'Windows 11 Home Edition'}"
"Laptop gamingowy HyperX OMEN 15-gb0075nwx 15,3"" 180Hz R5 240 16GB RAM 512GB Dysk SSD RTX5050 DLSS4 Win11 Czarny",4 222.00 zł,"https://f00.esfr.pl/foto/6/192315611769/2024427b7f85e98fe22af27c007d8ee7/hyperx-laptop-hp-hx-om-15-r5-16-512-5050-w11,192315611769_7.webp","{'Ekran': '15,3"",  2560 x 1600 pikseli 180 Hz', 'Procesor': 'AMD Ryzen™ 5 240', 'Pamięć': '16 GB  DDR5 5600 Mhz RAM', 'Grafika': 'NVIDIA® GeForce RTX™ 5050 + AMD Radeon™ 760M', 'Dysk': '512 GB SSD', 'System operacyjny': 'Windows 11 Home Edition'}"
"Apple MacBook Neo 2026 13"" A18 Pro 8GB RAM 256GB Dysk SSD macOS Indygo Funkcje AI",3 199.00 zł,"https://f00.esfr.pl/foto/2/187541173937/5a92ba618495462bf0234440552a6f77/apple-laptop-mbn-13-a18p-6-5-8-256gb-indigo,187541173937_7.webp","{'Ekran': '13 "",  2408 x 1506 pikseli 60 Hz', 'Procesor': 'Apple A18 Pro', 'Pamięć': '8 GB  zunifikowana RAM', 'Grafika': 'Apple  A18 Pro (5-rdzeni)', 'Dysk': '256 GB SSD', 'System operacyjny': 'macOS'}"
"Laptop 2w1 HP OmniBook X Flip 14-kc0011nwx OLED 14"" Ryzen AI 7 445 24GB RAM 512GB Dysk SSD Win11 Brązowy Funkcje AI",4 999.00 zł,"https://f00.esfr.pl/foto/6/192315608809/fcf2939431db6885127699fa7e1c242d/hp-laptop-hp-ob-x-f-14-rai7-24-512-w11,192315608809_7.webp","{'Ekran': '14 "", ekran dotykowy 1920 x 1200 pikseli 60 Hz', 'Procesor': 'AMD Ryzen™ AI 7 445', 'Pamięć': '24 GB  LPDDR5x 8533 Mhz RAM', 'Grafika': 'AMD  Radeon™ 840M', 'Dysk': '512 GB SSD', 'System operacyjny': 'Windows 11 Home Edition'}"
"Laptop Acer Aspire Go 16 AG16-71P 16"" Core 5 120U 32GB RAM 1TB Dysk SSD Win11 Srebrny Funkcje AI",3 099.00 zł,"https://f00.esfr.pl/foto/9/185282961033/64af4a05a1288209fbece98f77015725/acer-laptop-acer-ag16-c5-32gb-1tb-w11,185282961033_7.webp","{'Ekran': '16 "",  1920 x 1200 pikseli 60 Hz', 'Procesor': 'Intel® Core™ 5 14gen 120U', 'Pamięć': '32 GB  DDR5 RAM', 'Grafika': 'Intel®  Graphics', 'Dysk': '1 TB SSD', 'System operacyjny': 'Windows 11 Home Edition'}"
"Laptop HP 15-fc0217nw 15,6"" AMD Ryzen 7 5825U 16GB RAM 512GB Dysk SSD Win11 Srebrny",2 499.00 zł,"https://f00.esfr.pl/foto/2/192783383449/7214cc32253a6c103287985a5e44c6e/hp-laptop-hp-15-r7-16-512-w11,192783383449_7.webp","{'Ekran': '15,6 "",  1920 x 1080 pikseli', 'Procesor': 'AMD Ryzen™ 7 5825U', 'Pamięć': '16 GB  DDR4 3200 MHz RAM', 'Grafika': 'AMD  Radeon™ Graphics', 'Dysk': '512 GB', 'System operacyjny': 'Windows 11 Home Edition'}"
"Laptop gamingowy ASUS TUF Gaming F16 FX608JHR-RV094W 16"" 165Hz i5-14450HX 16GB RAM 512GB Dysk SSD RTX5050 DLSS4 Win11 Szary",4 099.00 zł,"https://f00.esfr.pl/foto/5/191218253681/ac87c66219dfb14263d82db6ec63c457/asus-laptop-asus-f16-i5-16-512-5050-w11,191218253681_7.webp","{'Ekran': '16 "",  1920 x 1200 pikseli 165 Hz', 'Procesor': 'Intel® Core™ i5 14gen 14450HX', 'Pamięć': '16 GB  DDR5 5600 Mhz RAM', 'Grafika': 'NVIDIA® GeForce RTX™ 5050 + Intel UHD Graphics', 'Dysk': '512 GB SSD', 'System operacyjny': 'Windows 11 Home Edition'}"
"Laptop chromebook Lenovo IP Slim 3 Chrome 14M868 14"" Kompanio 520 8GB RAM 128GB Dysk SSD ChromeOS Szary",1 299.00 zł,"https://f00.esfr.pl/foto/5/154390152577/e34b4e876163eed3547567ae338926c8/lenovo-laptop-ips3-chrome-mt8186-8gb-128gb,154390152577_7.webp","{'Ekran': '14 "",  1920 x 1080 pikseli 60 Hz', 'Procesor': 'MediaTek™ Kompanio 520', 'Pamięć': '8 GB   LPDDR4X 3600 RAM', 'Grafika': 'ARM® Mali G-52', 'Dysk': '128 GB SSD', 'System operacyjny': 'Chrome OS'}"
"Laptop gamingowy MSI Katana 17 B13VEK-1449XPL 17,3"" 144Hz i5-13420H 16GB RAM 512GB Dysk SSD RTX4050 Czarny",3 599.00 zł,"https://f00.esfr.pl/foto/5/155996762409/7c03b84cdd9910ebf4040cda7a4e0990/msi-katana-17-b13vek-1449xpl-17-3-144hz-i5-13420h-16gb-ram-512gb-dysk-ssd-rtx4050-czarny,155996762409_7.webp","{'Ekran': '17,3 "",  1920 x 1080 pikseli 144 Hz', 'Procesor': 'Intel® Core™ i5 13gen 13420H', 'Pamięć': '16 GB  DDR5 5200 Mhz RAM', 'Grafika': 'NVIDIA® GeForce RTX™ 4050 + Intel UHD Graphics', 'Dysk': '512 GB SSD', 'System operacyjny': 'bez systemu'}"
"Laptop gamingowy Lenovo LOQ 15AHP10 15,6"" 144Hz R7 250 16GB RAM 512GB Dysk SSD RTX5050 DLSS4 Win11 Szary Funkcje AI",4 099.00 zł,"https://f00.esfr.pl/foto/3/167445630177/c2e4187a0163779c37938dc46f51f6be/lenovo-laptop-lenovo-loq-r7-16gb-512gb-5050-w11,167445630177_7.webp","{'Ekran': '15,6 "",  1920 x 1080 pikseli 144 Hz', 'Procesor': 'AMD Ryzen™ 7 250', 'Pamięć': '16 GB  DDR5 5600 Mhz RAM', 'Grafika': 'NVIDIA® GeForce RTX™ 5050 + AMD Radeon™ 780M', 'Dysk': '512 GB SSD', 'System operacyjny': 'Windows 11 Home Edition'}"
"Laptop gamingowy Lenovo LOQ 15IRX10 15,6"" 144Hz i7-13650HX 16GB RAM 512GB Dysk SSD RTX5060 DLSS4 Win11 Szary Funkcje AI",4 599.00 zł,"https://f00.esfr.pl/foto/5/167445610273/e53034b31104caf269c1712a544e373d/lenovo-loq-15irx10-15-6-144hz-i7-13650hx-16gb-ram-512gb-dysk-ssd-rtx5060-dlss4-win11-szary,167445610273_7.webp","{'Ekran': '15,6 "",  1920 x 1080 pikseli 144 Hz', 'Procesor': 'Intel® Core™ i7 13gen 13650HX', 'Pamięć': '16 GB  DDR5 4800 Mhz RAM', 'Grafika': 'NVIDIA® GeForce RTX™ 5060 + Intel UHD Graphics', 'Dysk': '512 GB SSD', 'System operacyjny': 'Windows 11 Home Edition'}"
"Apple MacBook Air 2025 15,3"" M4 16GB RAM 256GB Dysk macOS Północ Funkcje AI",5 499.00 zł,"https://f00.esfr.pl/foto/6/159937914713/wbj3actyq131/apple-laptop-mba-15-m4-10-10-16gb-256gb-m,159937914713_7.webp","{'Ekran': '15,3"",  2880 x 1864 pikseli', 'Procesor': 'Apple M4', 'Pamięć': '16 GB  zunifikowana RAM', 'Grafika': 'Apple  M4 (10-rdzeni)', 'Dysk': '256 GB SSD', 'System operacyjny': 'macOS Sequoia lub nowszy'}"
"Laptop gamingowy Lenovo Legion Pro 5 16IAX10 OLED 16"" 165Hz Ultra 7 255HX 32GB RAM 1TB Dysk SSD RTX5060 DLSS4 Czarny Funkcje AI",6 899.00 zł,"https://f00.esfr.pl/foto/4/187619396089/144499779069ec08dad639de0f5751d7/lenovo-laptop-lp6-u7-32gb-1tb-nos-rtx5060,187619396089_7.webp","{'Ekran': '16 "",  2560 x 1600 pikseli 165 Hz', 'Procesor': 'Intel® Core™ Ultra 7 15gen 255HX', 'Pamięć': '32 GB  DDR5 5600 Mhz RAM', 'Grafika': 'NVIDIA® GeForce RTX™ 5060 + Intel Graphics', 'Dysk': '1 TB SSD', 'System operacyjny': 'bez systemu'}"
"Apple MacBook Neo 2026 13"" A18 Pro 8GB RAM 256GB Dysk SSD macOS Subtelny róż Funkcje AI",3 199.00 zł,"https://f00.esfr.pl/foto/2/187541439881/436cae94b82fa5a7b0d1755fbbe17ae0/apple-laptop-mbn-13-a18p-6-5-8-256gb-blush,187541439881_7.webp","{'Ekran': '13 "",  2408 x 1506 pikseli 60 Hz', 'Procesor': 'Apple A18 Pro', 'Pamięć': '8 GB  zunifikowana RAM', 'Grafika': 'Apple  A18 Pro (5-rdzeni)', 'Dysk': '256 GB SSD', 'System operacyjny': 'macOS'}"
"Laptop gamingowy MSI Cyborg 15 B13WEKG-628PL 15,6""144Hz i5-13420H 16GB RAM 512GB Dysk SSD RTX5050 DLSS4 Win11 Czarny",3 799.00 zł,"https://f00.esfr.pl/foto/3/176398205449/414676cd1b7f3cec0748846bd2ffa55d/msi-laptop-cyborg-15-i5-16-512gb-5050-w11,176398205449_7.webp","{'Ekran': '15,6 "",  1920 x 1080 pikseli 144 Hz', 'Procesor': 'Intel® Core™ i5 13gen 13420H', 'Pamięć': '16 GB  DDR5 5200 Mhz RAM', 'Grafika': 'NVIDIA® GeForce RTX™ 5050 + Intel UHD Graphics', 'Dysk': '512 GB SSD', 'System operacyjny': 'Windows 11 Home Edition'}"
"Laptop gamingowy Lenovo Legion 5 15AHP11 OLED 15,3"" 165Hz R7 250 16GB RAM 512GB Dysk SSD RTX5060 DLSS4 Win11 Czarny Funkcje AI",5 649.00 zł,"https://f00.esfr.pl/foto/9/190521780057/4b68590139ce797cbf3cc8adc1668cbd/lenovo-laptop-l5-15-3-r7-16-512gb-5060-w11,190521780057_7.webp","{'Ekran': '15,3"",  2560 x 1600 pikseli 165 Hz', 'Procesor': 'AMD Ryzen™ 7 250', 'Pamięć': '16 GB  DDR5 5600 Mhz RAM', 'Grafika': 'NVIDIA® GeForce RTX™ 5060 + AMD Radeon™ 780M', 'Dysk': '512 GB SSD', 'System operacyjny': 'Windows 11 Home Edition'}"
"Laptop Dell 15 DC15255 15,6"" 120Hz R5 7530U 16GB RAM 512GB Dysk SSD Win11 Czarny",2 299.00 zł,"https://f00.esfr.pl/foto/5/188164654153/fe637eed643ce276208f499d013c8c26/dell-laptop-dell-d15-r5-16gb-512gb-w11,188164654153_7.webp","{'Ekran': '15,6 "",  1920 x 1080 pikseli 120 Hz', 'Procesor': 'AMD Ryzen™ 5 7530U', 'Pamięć': '16 GB  DDR4 3200 MHz RAM', 'Grafika': 'AMD  Radeon™ Graphics', 'Dysk': '512 GB SSD', 'System operacyjny': 'Windows 11 Home Edition'}"
"Laptop Lenovo IdeaPad Slim 5 16IMH10 16"" Core Ultra 5 135H 16GB RAM 512GB Dysk SSD Win11 Szary Funkcje AI",2 879.00 zł,"https://f00.esfr.pl/foto/5/189540124761/513f896b3580e2b4c488a58eac2a575/lenovo-laptop-ips5-16-u5-16-512gb,189540124761_7.webp","{'Ekran': '16 "",  1920 x 1200 pikseli 60 Hz', 'Procesor': 'Intel® Core™ Ultra 5 14gen 135H', 'Pamięć': '16 GB  DDR5 5600 Mhz RAM', 'Grafika': 'Intel®  Arc Graphics', 'Dysk': '512 GB SSD', 'System operacyjny': 'Windows 11 Home Edition'}"
"Laptop HP 17-cp3216nw 17,3"" R7 7730U 16GB RAM 512GB Dysk SSD Win11 Srebrny",2 666.00 zł,"https://f00.esfr.pl/foto/7/172741857937/9467c653487d2f531c0df85a7a5c10e6/hp-laptop-hp-17-r7-16-512gb-w11,172741857937_7.webp","{'Ekran': '17,3 "",  1920 x 1080 pikseli', 'Procesor': 'AMD Ryzen™ 7 7730U', 'Pamięć': '16 GB  DDR4 3200 MHz RAM', 'Grafika': 'AMD  Radeon™ Graphics', 'Dysk': '512 GB SSD', 'System operacyjny': 'Windows 11 Home Edition'}"
"Laptop Lenovo Yoga 7 14ILL10 OLED 14"" Ultra 5 226V 16GB RAM 512GB Dysk SSD Win11 Funkcje AI",4 099.00 zł,"https://f00.esfr.pl/foto/3/167445780505/74041f1f771bdc87fe993fa930c795ca/lenovo-yoga-7-14ill10-oled-14-ultra-5-226v-16gb-ram-512gb-dysk-ssd-win11,167445780505_7.webp","{'Ekran': '14 "", ekran dotykowy 1920 x 1200 pikseli 60 Hz', 'Procesor': 'Intel® Core™ Ultra 5 14gen 226V', 'Pamięć': '16 GB  LPDDR5x 7467 Mhz RAM', 'Grafika': 'Intel®  Arc Graphics', 'Dysk': '512 GB SSD', 'System operacyjny': 'Windows 11 Home Edition'}"
"Laptop gamingowy ASUS ROG Strix G16 G614PR-R9161W 16"" 165Hz R9 8940HX 16GB RAM 1TB Dysk SSD RTX5070Ti DLSS4 Win11 Szary Funkcje AI",8 999.00 zł,"https://f00.esfr.pl/foto/5/163024506817/5328fe38eef21a9fc58677e676bfbda2/asus-rog-strix-g16-2025-16-240hz-r7-9955hx-16gb-ram-1tb-dysk-ssd-rtx5070ti-dlss4-win11-szary,163024506817_7.webp","{'Ekran': '16 "",  1920 x 1200 pikseli 165 Hz', 'Procesor': 'AMD Ryzen™ 9 8940HX', 'Pamięć': '16 GB  DDR5 5200 Mhz RAM', 'Grafika': 'NVIDIA® GeForce RTX™ 5070 Ti + AMD Radeon™ 610M', 'Dysk': '1 TB SSD', 'System operacyjny': 'Windows 11 Home Edition'}"
"Laptop ASUS Vivobook 16 M1605NAQ-MB114W 16"" Ryzen 5 150 16GB RAM 512GB Dysk SSD Win11 Srebrny Funkcje AI",2 599.00 zł,"https://f00.esfr.pl/foto/7/185048464241/9de1c9b6d3f1a0429c3c9a31b5f730bf/asus-laptop-asus-vb-16-r5-16-512-w11-mb114,185048464241_7.webp","{'Ekran': '16 "",  1920 x 1200 pikseli 60 Hz', 'Procesor': 'AMD Ryzen™ 5 150', 'Pamięć': '16 GB  DDR5 RAM', 'Grafika': 'AMD  Radeon™ 660M', 'Dysk': '512 GB SSD', 'System operacyjny': 'Windows 11 Home Edition'}"
"Laptop gamingowy Lenovo LOQ 15IAX9 15,6"" 144Hz i5-12450HX 16GB RAM 512GB Dysk SSD RTX3050 Win11 Szary",3 299.00 zł,"https://f00.esfr.pl/foto/9/142666184041/75780b1d7e014cde46599421580a5aeb/lenovo-laptop-loq-i5-16gb-512gb-3050-w11_1,142666184041_7.webp","{'Ekran': '15,6 "",  1920 x 1080 pikseli 144 Hz', 'Procesor': 'Intel® Core™ i5 12gen 12450HX', 'Pamięć': '16 GB  DDR5 4800 Mhz RAM', 'Grafika': 'NVIDIA® GeForce RTX™ 3050 + Intel UHD Graphics', 'Dysk': '512 GB SSD', 'System operacyjny': 'Windows 11 Home Edition'}"
"Laptop gamingowy Lenovo LOQ 15ARP9 15,6"" 144Hz R5 7235HS 16GB RAM 512GB Dysk SSD RTX4050 DLSS3 Win11 Szary Funkcje AI + Mysz",3 799.00 zł,"https://f00.esfr.pl/foto/3/185362416849/ff8ea954561795396b8d59fcdb27d0f1/lenovo-laptop-loq-15-6-r5-16gb-512gb-w11-mysz,185362416849_7.webp","{'Ekran': '15,6 "",  1920 x 1080 pikseli 144 Hz', 'Procesor': 'AMD Ryzen™ 5 7235HS', 'Pamięć': '16 GB  DDR5 4800 Mhz RAM', 'Grafika': 'NVIDIA® GeForce RTX™ 4050', 'Dysk': '512 GB SSD', 'System operacyjny': 'Windows 11 Home Edition'}"
"Laptop gamingowy MSI Katana 15 HX B14WFK-822PL 15,6"" 144Hz i7-14650HX 16GB RAM 1TB Dysk SSD RTX5060 DLSS4 Win11 Czarny",4 749.00 zł,"https://f00.esfr.pl/foto/5/176398202465/43674c9d523679cf7655be1bdbb265b3/msi-laptop-katana-15-i7-16-1tb-5060-w11,176398202465_7.webp","{'Ekran': '15,6 "",  1920 x 1080 pikseli 144 Hz', 'Procesor': 'Intel® Core™ i7 14gen 14650HX', 'Pamięć': '16 GB  DDR5 5600 Mhz RAM', 'Grafika': 'NVIDIA® GeForce RTX™ 5060 + Intel UHD Graphics', 'Dysk': '1 TB SSD', 'System operacyjny': 'Windows 11 Home Edition'}"
"Laptop HP OmniBook 5 16-ag1223nw 16"" Ryzen AI 5 340 16GB RAM 512GB Dysk SSD Win11 Srebrny Funkcje AI",2 666.00 zł,"https://f00.esfr.pl/foto/1/186933010489/122e7b944ff4f01cb180a47ab33f9d66/hp-laptop-hp-ob5-ai-16-rai-5-16-512-w11,186933010489_7.webp","{'Ekran': '16 "",  1920 x 1200 pikseli', 'Procesor': 'AMD Ryzen™ AI 5 340', 'Pamięć': '16 GB  LPDDR5x 7500 Mhz RAM', 'Grafika': 'AMD  Radeon™ 840M', 'Dysk': '512 GB SSD', 'System operacyjny': 'Windows 11 Home Edition'}"
"Laptop Acer Nitro V 16 ANV16-41 16"" 165Hz R5 8645HS 16GB RAM 512GB Dysk SSD RTX4050 DLSS3 Win11 Czarny Funkcje AI",3 999.00 zł,"https://f00.esfr.pl/foto/5/171675903889/4b3b6bf2265cd9f980d8a5cd2db418ce/acer-laptop-nitro-v-16-r5-16gb-512gb-4050-w11,171675903889_7.webp","{'Ekran': '16 "",  1920 x 1200 pikseli 165 Hz', 'Procesor': 'AMD Ryzen™ 5 8645HS', 'Pamięć': '16 GB  DDR5 5600 Mhz RAM', 'Grafika': 'NVIDIA® GeForce RTX™ 4050 + AMD Radeon™ 760M', 'Dysk': '512 GB SSD', 'System operacyjny': 'Windows 11 Home Edition'}"
"Laptop HP OmniBook 5 16-af1068nw 16"" Ultra 5 225U 16GB RAM 512GB Dysk SSD Win11 Srebrny Funkcje AI",3 799.00 zł,"https://f00.esfr.pl/foto/7/186933024801/5fa5d98fb4f50512b43fc3029149813f/hp-laptop-hp-ob5-ai-16-u5-16-512-w11,186933024801_7.webp","{'Ekran': '16 "",  1920 x 1200 pikseli', 'Procesor': 'Intel® Core™ Ultra 5 15gen 225U', 'Pamięć': '16 GB  LPDDR5 7467 Mhz RAM', 'Grafika': 'Intel®  Graphics', 'Dysk': '512 GB SSD', 'System operacyjny': 'Windows 11 Home Edition'}"
"Apple MacBook Air 2026 13,6"" M5 10/8 16GB RAM 512GB Dysk macOS Północ Funkcje AI",5 999.00 zł,"https://f00.esfr.pl/foto/9/187426966385/1979b73bd56fec95f1989c3fc8c12bb4/apple-macbook-air-2026-13-6-m5-10-8-16gb-ram-512gb-dysk-macos-polnoc-funkcje-ai,187426966385_7.webp","{'Ekran': '13,6 "",  2560 x 1664 pikseli', 'Procesor': 'Apple M5', 'Pamięć': '16 GB  zunifikowana RAM', 'Grafika': 'Apple  M5 (8-rdzeni)', 'Dysk': '512 GB SSD', 'System operacyjny': 'macOS'}"
"Laptop 2w1 HP OmniBook 5 Flip 14-fp0220nw 14"" Core 5 120U 16GB RAM 512GB Dysk SSD Win11 Srebrny",2 999.00 zł,"https://f00.esfr.pl/foto/6/176320510209/d9fa07ab7fd129cc598e9866b79a6f89/hp-laptop-hp-ob5-flip-14-c5-16-512-w11,176320510209_7.webp","{'Ekran': '14 "", ekran dotykowy 1920 x 1200 pikseli', 'Procesor': 'Intel® Core™ 5 14gen 120U', 'Pamięć': '16 GB  LPDDR5 5200 Mhz RAM', 'Grafika': 'Intel®  Graphics', 'Dysk': '512 GB SSD', 'System operacyjny': 'Windows 11 Home Edition'}"
"Laptop 2w1 HP OmniBook X Flip 14-fk0020nw OLED 14"" Ryzen AI 5 340 16GB RAM 512GB Dysk SSD Win11 Srebrny Funkcje AI",3 699.00 zł,"https://f00.esfr.pl/foto/9/184149434617/851cfd1f24874ffa235383809490620d/hp-laptop-hp-ob-x-f-14-r5ai-16-512gb-w11,184149434617_7.webp","{'Ekran': '14 "", ekran dotykowy 1920 x 1200 pikseli', 'Procesor': 'AMD Ryzen™ AI 5 340', 'Pamięć': '16 GB  LPDDR5x 7500 Mhz RAM', 'Grafika': 'AMD  Radeon™ 840M', 'Dysk': '512 GB SSD', 'System operacyjny': 'Windows 11 Home Edition'}"
"Laptop gamingowy Lenovo LOQ 15IRX10 15,6"" 144Hz i5-13450HX 16GB RAM 512GB Dysk SSD RTX5060 Win11 Szary Funkcje AI",4 299.00 zł,"https://f00.esfr.pl/foto/6/167445677297/7fae9d00bd2f97fe77441ddaf44cdbcb/lenovo-loq-15irx10-15-6-144hz-i5-13450hx-16gb-ram-512gb-dysk-ssd-rtx5060-win11-szary,167445677297_7.webp","{'Ekran': '15,6 "",  1920 x 1080 pikseli 144 Hz', 'Procesor': 'Intel® Core™ i5 13gen 13450HX', 'Pamięć': '16 GB  DDR5 4800 Mhz RAM', 'Grafika': 'NVIDIA® GeForce RTX™ 5060 + Intel UHD Graphics', 'Dysk': '512 GB SSD', 'System operacyjny': 'Windows 11 Home Edition'}"
"Laptop gamingowy ASUS TUF Gaming A16 FA608UHI-R7165 16"" 144Hz Ryzen 7 260 16GB RAM 512GB Dysk SSD RTX5050 DLSS4 Szary Funkcje AI",3 699.00 zł,"https://f00.esfr.pl/foto/3/191218312345/a6a85f7dd8da87e60abdd2042757109a/asus-laptop-asus-a16-r7-16-512-5050-nos,191218312345_7.webp","{'Ekran': '16 "",  1920 x 1200 pikseli 144 Hz', 'Procesor': 'AMD Ryzen™ 7 260', 'Pamięć': '16 GB  DDR5 5600 Mhz RAM', 'Grafika': 'NVIDIA® GeForce RTX™ 5050 + \tAMD Radeon™ 780M', 'Dysk': '512 GB SSD', 'System operacyjny': 'bez systemu'}"
Laptop gamingowy ASUS TUF Gaming A18 FA808UM-S9016W 18'' 240Hz Ryzen 7 260 16GB RAM 512GB Dysk SSD RTX5060 DLSS4 Win11 Szary Funkcje AI,5 999.00 zł,"https://f00.esfr.pl/foto/9/170730989945/a4903865452a1b47fa25ebdcf1945bfa/asus-tuf-gaming-a18-2025-fa808um-s9016w-18-240hz-ryzen-7-260-16gb-ram-512gb-dysk-ssd-rtx5060-dlss4-win11-szary,170730989945_7.webp","{'Ekran': '18 "",  2560 x 1600 pikseli 240 Hz', 'Procesor': 'AMD Ryzen™ 7 260', 'Pamięć': '16 GB  DDR5 5600 Mhz RAM', 'Grafika': 'NVIDIA® GeForce RTX 5060', 'Dysk': '512 GB SSD', 'System operacyjny': 'Windows 11 Home Edition'}"
"Laptop HP OmniBook 5 16-ag1030nw 16"" Ryzen AI 7 350 24GB RAM 512GB Dysk SSD Win11 Srebrny Funkcje AI",2 799.00 zł,"https://f00.esfr.pl/foto/4/186932971225/af6d8abecfd43742cd925cdd1a16766a/hp-lpatop-hp-ob5-16-rai-7-24-512-w11,186932971225_7.webp","{'Ekran': '16 "",  1920 x 1200 pikseli', 'Procesor': 'AMD Ryzen™ AI 7 350', 'Pamięć': '24 GB  LPDDR5x 7500 Mhz RAM', 'Grafika': 'AMD  Radeon™ 860M', 'Dysk': '512 GB SSD', 'System operacyjny': 'Windows 11 Home Edition'}"
"Laptop gamingowy HP Victus 15-fb3081nw 15,6"" 144Hz R5 240 24GB RAM 512GB Dysk SSD RTX5050 DLSS4 Win11 Czarno-srebrny Funkcje AI",4 199.00 zł,"https://f00.esfr.pl/foto/3/184149394993/b9651e7c3f9a0ea4d7ef481235dce21/hp-laptop-hp-vic-15-r5-24-512gb-5050-w11,184149394993_7.webp","{'Ekran': '15,6 "",  1920 x 1080 pikseli 144 Hz', 'Procesor': 'AMD Ryzen™ 5 240', 'Pamięć': '24 GB  DDR5 5600 Mhz RAM', 'Grafika': 'NVIDIA® GeForce RTX™ 5050 + AMD Radeon™ 760M', 'Dysk': '512 GB SSD', 'System operacyjny': 'Windows 11 Home Edition'}"
"Apple MacBook Pro 2023 14,2"" M3 8GB RAM 512GB Dysk macOS Srebrny US",6 299.00 zł,"https://f00.esfr.pl/foto/8/144759643977/dc10697e89ffbda893c476f8bc6196e7/apple-laptop-z1a900076-m3-8gb-512gb-us-silver,144759643977_7.webp","{'Ekran': '14,2 "",  3024 x 1964 pikseli 120 Hz', 'Procesor': 'Apple M3', 'Pamięć': '8 GB  zunifikowana RAM', 'Grafika': 'Apple  M3 (10-rdzeni)', 'Dysk': '512 GB SSD', 'System operacyjny': 'macOS Sonoma lub nowszy'}"
"Apple MacBook Neo 2026 Touch ID 13"" A18 Pro 8GB RAM 512GB Dysk SSD macOS Subtelny róż Funkcje AI",3 749.00 zł,"https://f00.esfr.pl/foto/5/187541571409/436cae94b82fa5a7b0d1755fbbe17ae0/apple-laptop-mbn-13-a18p-6-5-8-512gb-id-blush,187541571409_7.webp","{'Ekran': '13 "",  2408 x 1506 pikseli 60 Hz', 'Procesor': 'Apple A18 Pro', 'Pamięć': '8 GB  zunifikowana RAM', 'Grafika': 'Apple  A18 Pro (5-rdzeni)', 'Dysk': '512 GB SSD', 'System operacyjny': 'macOS'}"
"Laptop ASUS Zenbook A16 UX3607OA-SQ013W OLED 16"" 120Hz Snapdragon X2 Elite X2E94100 48GB RAM 1TB Dysk SSD Win11 Beżowy AI",8 544.99 zł,"https://f00.esfr.pl/foto/1/184149381177/43abf8c8627aa03365bba41637e80d0f/asus-laptop-asus-zb-a16-snap-48gb-1tb-w11,184149381177_7.webp","{'Ekran': '16 "",  2880 x 1800 pikseli 120 Hz', 'Procesor': 'Qualcomm® Snapdragon® X2 Elite Extreme X2E94100', 'Pamięć': '48 GB  LPDDR5X RAM', 'Grafika': 'Qualcomm®  Adreno™ Graphics', 'Dysk': '1 TB SSD', 'System operacyjny': 'Windows 11 Home Edition'}"
"Laptop 2w1 Lenovo Yoga 7 2-in-1 14AKP10 OLED 14"" Ryzen AI 5 340 16GB RAM 1TB Dysk SSD Win11 Zielony Funkcje AI",4 399.00 zł,"https://f00.esfr.pl/foto/9/183197190761/c955e7d5d3e5d3fbc441c6d1408f22e5/lenovo-laptop-yoga-7-r5-14-16gb-1tb-w11,183197190761_7.webp","{'Ekran': '14 "", ekran dotykowy 1920 x 1200 pikseli 60 Hz', 'Procesor': 'AMD Ryzen™ AI 5 340', 'Pamięć': '16 GB  LPDDR5 6400 Mhz RAM', 'Grafika': 'AMD  Radeon™ 840M Graphics', 'Dysk': '1 TB SSD', 'System operacyjny': 'Windows 11 Home Edition'}"
"Laptop ultrabook ASUS Zenbook 14 UM3406GA-QD013W OLED 14"" Ryzen AI 5 430 16GB RAM 512GB Dysk SSD Win11 Czarny Funkcje AI",3 649.00 zł,"https://f00.esfr.pl/foto/9/185048774745/b3b23fd3f70e82825eec063de228c0d9/asus-laptop-asus-zb-14-r5ai-16-512gb-w11,185048774745_7.webp","{'Ekran': '14 "",  1920 x 1200 pikseli 60 Hz', 'Procesor': 'AMD Ryzen™ AI 5 430', 'Pamięć': '16 GB  LPDDR5X RAM', 'Grafika': 'AMD  Radeon™ 840M Graphics', 'Dysk': '512 GB SSD', 'System operacyjny': 'Windows 11 Home Edition'}"
"Laptop HP 17-cn4009nw 17,3"" Core 5 120U 16GB RAM 512GB Dysk SSD Win11 Srebrny",2 899.00 zł,"https://f00.esfr.pl/foto/2/184149263753/f087473b52e9ccb75220f072bf392ce/hp-laptop-hp-17-c5-16-512gb-w11,184149263753_7.webp","{'Ekran': '17,3 "",  1920 x 1080 pikseli', 'Procesor': 'Intel® Core™ 5 14gen 120U', 'Pamięć': '16 GB  DDR4 3200 MHz RAM', 'Grafika': 'Intel®  Graphics', 'Dysk': '512 GB SSD', 'System operacyjny': 'Windows 11 Home Edition'}"
"Laptop gamingowy Gigabyte Gaming A16 3VHK3EE893SD 16"" 165Hz R7 260 16GB RAM 512GB Dysk SSD RTX5060 DLSS4 Czarny Funkcje AI",4 339.99 zł,"https://f00.esfr.pl/foto/8/169824244913/44d083685990d74c9fb2754ce1c55b1a/gigabyte-laptop-giga-a16-r7-16gb-512gb-5060-dos,169824244913_7.webp","{'Ekran': '16 "",  1920 x 1200 pikseli 165 Hz', 'Procesor': 'AMD Ryzen™ 7 260', 'Pamięć': '16 GB  DDR5 5600 Mhz RAM', 'Grafika': 'NVIDIA® GeForce RTX 5060 + AMD Radeon™ 780M', 'Dysk': '512 GB SSD', 'System operacyjny': 'bez systemu'}"
"Laptop gamingowy Lenovo Legion Pro 5 16IAX10 OLED 16"" 165Hz Ultra 7 255HX 32GB RAM 1TB Dysk SSD RTX5070 DLSS4 Czarny Funkcje AI",8 069.99 zł,"https://f00.esfr.pl/foto/1/193015240417/144499779069ec08dad639de0f5751d7/lenovo-laptop-lenovo-lp5-u7-32-1tb-5070-no-os,193015240417_7.webp","{'Ekran': '16 "",  2560 x 1600 pikseli 165 Hz', 'Procesor': 'Intel® Core™ Ultra 7 15gen 255HX', 'Pamięć': '32 GB  DDR5 5600 Mhz RAM', 'Grafika': 'NVIDIA® GeForce RTX™ 5070 + Intel Graphics', 'Dysk': '1 TB SSD', 'System operacyjny': 'bez systemu'}"
"Laptop ASUS Vivobook 16 M1605NAQ-SH118W OLED 16"" Ryzen 5 150 16GB RAM 512GB Dysk SSD Win11 Czarny Funkcje AI",2 699.00 zł,"https://f00.esfr.pl/foto/4/185048918385/eea1b1453a3a7aab6fd2a9fcb7eff00a/asus-laptop-asus-vb-16-r5-16-512gb-w11,185048918385_7.webp","{'Ekran': '16 "",  1920 x 1200 pikseli 60 Hz', 'Procesor': 'AMD Ryzen™ 5 150', 'Pamięć': '16 GB  DDR5 RAM', 'Grafika': 'AMD  Radeon™ 660M', 'Dysk': '512 GB SSD', 'System operacyjny': 'Windows 11 Home Edition'}"
"Laptop gamingowy Gigabyte Gaming A18 3THK3EEC93SD 18"" 165Hz R7 260 16GB RAM 512GB Dysk SSD RTX5050 DLSS4 Czarny Funkcje AI",4 299.00 zł,"https://f00.esfr.pl/foto/9/173811896745/4ba17aa7aa545ee8ca40ffcfee37393d/gigabyte-laptop-giga-a18-r7-16gb-512gb-5050-dos,173811896745_7.webp","{'Ekran': '18 "",  2560 x 1600 pikseli 165 Hz', 'Procesor': 'AMD Ryzen™ 7 260', 'Pamięć': '16 GB  DDR5 5600 Mhz RAM', 'Grafika': 'NVIDIA® GeForce RTX 5050 + AMD Radeon™ 780M', 'Dysk': '512 GB SSD', 'System operacyjny': 'bez systemu'}"
"Laptop Lenovo IdeaPad Slim 3 16ARP10 16"" R5 150 24GB RAM 512GB Dysk SSD Win11 Szary",2 799.00 zł,"https://f00.esfr.pl/foto/5/190521782793/597ea18b5911369247424ce99d07bddd/lenovo-laptop-ips3-16-r5-24-512gb-w11,190521782793_7.webp","{'Ekran': '16 "",  1920 x 1200 pikseli 60 Hz', 'Procesor': 'AMD Ryzen™ 5 150', 'Pamięć': '24 GB  DDR5 4800 Mhz RAM', 'Grafika': 'AMD  Radeon™ 660M Graphics', 'Dysk': '512 GB SSD', 'System operacyjny': 'Windows 11 Home Edition'}"
"Laptop gamingowy Lenovo Legion Pro 5 16AFR10 OLED 16"" 165Hz R9 9955HX 32GB RAM 1TB Dysk SSD RTX5070 DLSS4 Czarny Funkcje AI",8 299.00 zł,"https://f00.esfr.pl/foto/9/187619340153/321e2678b10eec0993c068674866e065/lenovo-laptop-lp8-r9-32gb-1tb-nos-rtx5070,187619340153_7.webp","{'Ekran': '16 "",  2560 x 1600 pikseli 165 Hz', 'Procesor': 'AMD Ryzen™ 9 9955HX', 'Pamięć': '32 GB  DDR5 5600 Mhz RAM', 'Grafika': 'NVIDIA® GeForce RTX™ 5070 + AMD Radeon™ 610M', 'Dysk': '1 TB SSD', 'System operacyjny': 'bez systemu'}"
"Apple MacBook Neo 2026 13"" A18 Pro 8GB RAM 256GB Dysk SSD macOS Srebrny Funkcje AI",3 199.00 zł,"https://f00.esfr.pl/foto/7/187540458657/75e6cbb29f3be93193708bc96ec0a66b/apple-laptop-mbn-13-a18p-6-5-8-256gb-silver,187540458657_7.webp","{'Ekran': '13 "",  2408 x 1506 pikseli 60 Hz', 'Procesor': 'Apple A18 Pro', 'Pamięć': '8 GB  zunifikowana RAM', 'Grafika': 'Apple  A18 Pro (5-rdzeni)', 'Dysk': '256 GB SSD', 'System operacyjny': 'macOS'}"
"Laptop gamingowy HP Victus 15-fb3074nw 15,6"" 144Hz Ryzen AI 7 350 24GB RAM 512GB Dysk SSD RTX5060 DLSS4 Win11 Czarno-srebrny Funkcje AI",4 555.00 zł,"https://f00.esfr.pl/foto/9/184149095449/1075aae06706063f723d17c94772452f/hp-laptop-hp-vic-15-r7ai-24-512gb-5060-w11,184149095449_7.webp","{'Ekran': '15,6 "",  1920 x 1080 pikseli 144 Hz', 'Procesor': 'AMD Ryzen™ AI 7 350', 'Pamięć': '24 GB  DDR5 5600 Mhz RAM', 'Grafika': 'NVIDIA® GeForce RTX™ 5060 + AMD Radeon™ 860M', 'Dysk': '512 GB SSD', 'System operacyjny': 'Windows 11 Home Edition'}"
"Laptop gamingowy MSI Katana 15 HX B14WFK-020XPL 15,6"" 165Hz i7-14650HX 16GB RAM 512GB Dysk SSD RTX5060 DLSS4 Czarny",4 699.00 zł,"https://f00.esfr.pl/foto/6/168751896881/43674c9d523679cf7655be1bdbb265b3/msi-laptop-msi-katana-i7-16-512gb-5060-nos,168751896881_7.webp","{'Ekran': '15,6 "",  2560 x 1440 pikseli 165 Hz', 'Procesor': 'Intel® Core™ i7 14gen 14650HX', 'Pamięć': '16 GB  DDR5 5600 Mhz RAM', 'Grafika': 'NVIDIA® GeForce RTX™ 5060 + Intel UHD Graphics', 'Dysk': '512 GB SSD', 'System operacyjny': 'bez systemu'}"
"Laptop gamingowy HP OMEN 17-db1041nw 17,3"" 144Hz Ryzen AI 7 350 32GB RAM 1TB Dysk SSD RTX5060 Win11 Czarny Funkcje AI",6 499.00 zł,"https://f00.esfr.pl/foto/7/186932914425/34ccfd76ae2328a3eee8536f5079544e/hp-laptop-hp-om-17-rai-7-32-1tb-5060-w11,186932914425_7.webp","{'Ekran': '17,3 "",  1920 x 1080 pikseli 144 Hz', 'Procesor': 'AMD Ryzen™ AI 7 350', 'Pamięć': '32 GB  DDR5 5600 Mhz RAM', 'Grafika': 'NVIDIA® GeForce RTX 5060 + AMD Radeon™ 860M', 'Dysk': '1 TB SSD', 'System operacyjny': 'Windows 11 Home Edition'}"
"Laptop gamingowy MSI Katana 17 HX B14WGK-036XPL 17,3"" 240Hz i7-14650HX 16GB RAM 1TB Dysk SSD RTX5070 DLSS4 Czarny",6 299.00 zł,"https://f00.esfr.pl/foto/9/168751849241/e649e187620b603040bc8fbc221f4f4d/msi-laptop-msi-katana-17-i7-16-1tb-5070-nos,168751849241_7.webp","{'Ekran': '17,3 "",  2560 x 1440 pikseli 240 Hz', 'Procesor': 'Intel® Core™ i7 14gen 14650HX', 'Pamięć': '16 GB  DDR5 5600 Mhz RAM', 'Grafika': 'NVIDIA® GeForce RTX™ 5070 + Intel UHD Graphics', 'Dysk': '1 TB SSD', 'System operacyjny': 'bez systemu'}"
"Apple MacBook Air 2026 13,6"" M5 10/10 24GB RAM 1TB Dysk macOS Północ Funkcje AI",8 399.00 zł,"https://f00.esfr.pl/foto/1/187427077257/1979b73bd56fec95f1989c3fc8c12bb4/apple-macbook-air-2026-13-6-m5-10-10-24gb-ram-1tb-dysk-macos-polnoc-funkcje-ai,187427077257_7.webp","{'Ekran': '13,6 "",  2560 x 1664 pikseli', 'Procesor': 'Apple M5', 'Pamięć': '24 GB  zunifikowana RAM', 'Grafika': 'Apple  M5 (10-rdzeni)', 'Dysk': '1 TB SSD', 'System operacyjny': 'macOS'}"
"Laptop gamingowy Gigabyte Gaming A16 CVHI3EE894SD 16"" 165Hz i7-13620H 16GB RAM 1TB Dysk SSD RTX5060 DLSS4 Czarny",4 229.99 zł,"https://f00.esfr.pl/foto/9/169824239961/2e07be5ebaa8c977ed1a3225349573e0/gigabyte-laptop-giga-a16-i7-16gb-1tb-5060-dos,169824239961_7.webp","{'Ekran': '16 "",  1920 x 1200 pikseli 165 Hz', 'Procesor': 'Intel® Core™ i7 13gen 13620H', 'Pamięć': '16 GB  DDR5 5200 Mhz RAM', 'Grafika': 'NVIDIA® GeForce RTX 5060 + Intel UHD Graphics', 'Dysk': '1 TB SSD', 'System operacyjny': 'bez systemu'}"
"Laptop gamingowy ASUS ROG Strix Scar 16 G635LX-U9644X 16"" 240Hz Ultra 9 275HX 64GB RAM 4TB Dysk SSD RTX5090 DLSS4 Win11 Pro Czarny AI",19 944.99 zł,"https://f00.esfr.pl/foto/8/159813052361/e65f2b1a01f262d2e20bcfe20579e84b/asus-laptop-rog-scar-16-u9-64gb-4tb-5090-w11p,159813052361_7.webp","{'Ekran': '16 "",  2560 x 1600 pikseli 240 Hz', 'Procesor': 'Intel® Core™ Ultra 9 15gen 275HX', 'Pamięć': '64 GB  DDR5 5600 Mhz RAM', 'Grafika': 'NVIDIA® Geforce RTX™ 5090 + Intel Graphics', 'Dysk': '4 TB SSD', 'System operacyjny': 'Windows 11 Professional'}"
"Laptop biznesowy Lenovo ThinkPad T16 Gen 4 16"" Ultra 5 225U 16GB RAM 512GB Dysk SSD Win11 Pro Czarny Funkcje AI",7 024.99 zł,"https://f00.esfr.pl/foto/3/174092031081/773ee401f07319d0f67b794709da9f2f/lenovo-laptop-lenovo-tp-16-u5-16gb-512gb-w11p_2,174092031081_7.webp","{'Ekran': '16 "",  1920 x 1200 pikseli 60 Hz', 'Procesor': 'Intel® Core™ Ultra 5 15gen 225U', 'Pamięć': '16 GB  DDR5 5600 Mhz RAM', 'Grafika': 'Intel®  Graphics', 'Dysk': '512 GB SSD', 'System operacyjny': 'Windows 11 Professional'}"
"Apple MacBook Air 2025 15,3"" M4 16GB RAM 512GB Dysk macOS Błękitny Funkcje AI",5 999.00 zł,"https://f00.esfr.pl/foto/5/159937668697/1cydbuzrz2ogz/apple-laptop-mba-15-m4-10-10-16gb-512gb-sb,159937668697_7.webp","{'Ekran': '15,3"",  2880 x 1864 pikseli', 'Procesor': 'Apple M4', 'Pamięć': '16 GB  zunifikowana RAM', 'Grafika': 'Apple  M4 (10-rdzeni)', 'Dysk': '512 GB SSD', 'System operacyjny': 'macOS Sequoia lub nowszy'}"
"Laptop chromebook Acer Chromebook 315 CB315-6H-TCO 15,6"" N150 8GB RAM 128GB Dysk ChromeOS Srebrny",1 599.00 zł,"https://f00.esfr.pl/foto/4/187995797001/ada915bbd22d7b9621be52a8a0734243/acer-laptop-acer-cb315-n150-8g-128gb-chrome,187995797001_7.webp","{'Ekran': '15,6 "",  1920 x 1080 pikseli 60 Hz', 'Procesor': 'Intel®  N150', 'Pamięć': '8 GB  LPDDR5X RAM', 'Grafika': 'Intel®  Graphics', 'Dysk': '128 GB SSD', 'System operacyjny': 'Chrome OS'}"
"Laptop HP OmniBook 3 14-hu0012nwx 14"" Core 3 100U 8GB RAM 256GB Dysk SSD Win11 Srebrny",1 999.00 zł,"https://f00.esfr.pl/foto/8/192315668033/3e3146ac50f7361cb9b1df2ca9af21c8/hp-laptop-hp-ob-3-14-c3-8-256-w11,192315668033_7.webp","{'Ekran': '14 "",  1920 x 1200 pikseli', 'Procesor': 'Intel® Core™ 3 14gen 100U', 'Pamięć': '8 GB  DDR5 5200 Mhz RAM', 'Grafika': 'Intel®  Graphics', 'Dysk': '256 GB SSD', 'System operacyjny': 'Windows 11 Home Edition'}"
"Laptop gamingowy MSI Katana 17 B13VEK-1261XPL 17,3"" 144Hz i7-13620H 16GB RAM 1TB Dysk SSD RTX4050 DLSS3 Czarny",4 299.00 zł,"https://f00.esfr.pl/foto/4/150110134785/703820678376d92b5dfd3e2e373cba3d/msi-laptop-b13vek-17-i7-16gb-1tb-4050-nos,150110134785_7.webp","{'Ekran': '17,3 "",  1920 x 1080 pikseli 144 Hz', 'Procesor': 'Intel® Core™ i7 13gen 13620H', 'Pamięć': '16 GB  DDR5 5200 Mhz RAM', 'Grafika': 'NVIDIA® GeForce RTX™ 4050 + Intel UHD Graphics', 'Dysk': '1 TB SSD', 'System operacyjny': 'bez systemu'}"
"Apple MacBook Pro 2026 14,2"" M5 Pro 15/16 24GB RAM 1TB Dysk macOS Gwiezdna Czerń Funkcje AI",11 299.00 zł,"https://f00.esfr.pl/foto/7/187428045689/b3ad39e784948f3d41471d6369ba59ab/apple-macbook-pro-2026-14-2-m5-pro-15-16-24gb-ram-1tb-dysk-macos-gwiezdna-czernfunkcje-ai,187428045689_7.webp","{'Ekran': '14,2 "",  3024 x 1964 pikseli 120 Hz', 'Procesor': 'Apple M5 Pro', 'Pamięć': '24 GB  zunifikowana RAM', 'Grafika': 'Apple  M5 Pro (16-rdzeni)', 'Dysk': '1 TB SSD', 'System operacyjny': 'macOS'}"
"Laptop ASUS Vivobook 14 M1407GA-LY011W 14"" Ryzen AI 7 445 16GB RAM 512GB Dysk SSD Win11 Złoty Funkcje AI",2 999.00 zł,"https://f00.esfr.pl/foto/7/185049154009/7feb544ec5f42da0b73bfe185c9766d8/asus-laptop-as-ly011w-vb-14-r7ai-16-512-w11,185049154009_7.webp","{'Ekran': '14 "",  1920 x 1200 pikseli 60 Hz', 'Procesor': 'AMD Ryzen™ AI 7 445', 'Pamięć': '16 GB  DDR5 RAM', 'Grafika': 'AMD  Radeon™ 840M', 'Dysk': '512 GB SSD', 'System operacyjny': 'Windows 11 Home Edition'}"
"Laptop gamingowy MSI Vector A18 HX A9WIG-069PL 18"" 240Hz R9 9955HX 32GB RAM 2TB Dysk SSD RTX5080 DLSS4 Win11 Szary Funkcje AI",16 499.00 zł,"https://f00.esfr.pl/foto/7/159341327313/ab51063d16a527077349086ff8ec22b7/msi-laptop-vector-hx-18-r9-32-2tb-5080-w11,159341327313_7.webp","{'Ekran': '18 "",  2560 x 1600 pikseli 240 Hz', 'Procesor': 'AMD Ryzen™ 9 9955HX', 'Pamięć': '32 GB  DDR5 5600 Mhz RAM', 'Grafika': 'NVIDIA® GeForce RTX™ 5080 + AMD Radeon™ 610M', 'Dysk': '2 TB SSD', 'System operacyjny': 'Windows 11 Home Edition'}"
"Apple MacBook Neo 2026 Touch ID 13"" A18 Pro 8GB RAM 512GB Dysk SSD macOS Srebrny Funkcje AI",3 749.00 zł,"https://f00.esfr.pl/foto/2/187540666089/75e6cbb29f3be93193708bc96ec0a66b/apple-laptop-mbn-13-a18p-6-5-8-512gb-id-silver,187540666089_7.webp","{'Ekran': '13 "",  2408 x 1506 pikseli 60 Hz', 'Procesor': 'Apple A18 Pro', 'Pamięć': '8 GB  zunifikowana RAM', 'Grafika': 'Apple  A18 Pro (5-rdzeni)', 'Dysk': '512 GB SSD', 'System operacyjny': 'macOS'}"
"Laptop gamingowy Acer Nitro 18 AI AN18-61 18"" 165Hz Ryzen AI 7 350 32GB RAM 1TB Dysk SSD RTX5060 DLSS4 Czarny Funkcje AI",7 309.99 zł,"https://f00.esfr.pl/foto/2/180303216969/2585ab2231bdb847a928d1c055491e12/acer-laptop-nitro-18-r7ai-32gb-1tb-5060-nos,180303216969_7.webp","{'Ekran': '18 "",  2560 x 1600 pikseli 165 Hz', 'Procesor': 'AMD Ryzen™ AI 7 350', 'Pamięć': '32 GB  DDR5 5600 Mhz RAM', 'Grafika': 'NVIDIA® GeForce RTX™ 5060 + AMD Radeon™ 860M', 'Dysk': '1 TB SSD', 'System operacyjny': 'bez systemu'}"
"Laptop Lenovo V17 G4 IRU 17,3"" i7-13620H 16GB RAM 512GB Dysk SSD Win11 Pro Szary",3 999.00 zł,"https://f00.esfr.pl/foto/2/181421844745/7fb3f4a5cba0ff19ac4508323fbe8cda/lenovo-laptop-v17-17-3-i7-6gb-512gb-w11,181421844745_7.webp","{'Ekran': '17,3 "",  1920 x 1080 pikseli 60 Hz', 'Procesor': 'Intel® Core™ i7 13gen 13620H', 'Pamięć': '16 GB  DDR4 3200 MHz RAM', 'Grafika': 'Intel®  UHD Graphics', 'Dysk': '512 GB SSD', 'System operacyjny': 'Windows 11 Professional'}"
"Laptop gamingowy Lenovo LOQ 15AHP9 15,6"" 144Hz R7 7445HS 16GB RAM 512GB Dysk SSD RTX3050 DLSS Win11 Szary",3 699.00 zł,"https://f00.esfr.pl/foto/4/192744023993/c7503baebb13f298d61e128ba99ac1cf/lenovo-laptop-lenovo-loq-15-6-r7-16-512-3050-w,192744023993_7.webp","{'Ekran': '15,6 "",  1920 x 1080 pikseli 144 Hz', 'Procesor': 'AMD Ryzen™ 7 7445HS', 'Pamięć': '16 GB  DDR5 5600 Mhz RAM', 'Grafika': 'NVIDIA® GeForce RTX™ 3050 + AMD Radeon™ 740M', 'Dysk': '512 GB SSD', 'System operacyjny': 'Windows 11 Home Edition'}"
"Laptop 2w1 HP OmniBook X Flip AI 16-ar0216nw OLED 16"" Ryzen AI 7 350 24GB RAM 1TB Dysk SSD Win11 Srebrny Funkcje AI",4 999.00 zł,"https://f00.esfr.pl/foto/7/176320549017/b5fd1b2008444cf66ffcec9bb7049087/hp-laptop-hp-obx-flip-16-rai7-24-1tb-w11,176320549017_7.webp","{'Ekran': '16 "", ekran dotykowy 2880 x 1800 pikseli 120 Hz', 'Procesor': 'AMD Ryzen™ AI 7 350', 'Pamięć': '24 GB  LPDDR5x 8533 Mhz RAM', 'Grafika': 'AMD  Radeon™ 860M', 'Dysk': '1 TB SSD', 'System operacyjny': 'Windows 11 Home Edition'}"
"Laptop gamingowy Gigabyte Gaming A18 3WHK3EEC94SD 18"" 165Hz R7 260 16GB RAM 1TB Dysk SSD RTX5070 DLSS4 Czarny Funkcje AI",5 599.00 zł,"https://f00.esfr.pl/foto/7/173811886897/4ba17aa7aa545ee8ca40ffcfee37393d/gigabyte-laptop-giga-a18-r7-16gb-1tb-5070-dos,173811886897_7.webp","{'Ekran': '18 "",  2560 x 1600 pikseli 165 Hz', 'Procesor': 'AMD Ryzen™ 7 260', 'Pamięć': '16 GB  DDR5 5600 Mhz RAM', 'Grafika': 'NVIDIA® GeForce RTX 5070 + AMD Radeon™ 780M', 'Dysk': '1 TB SSD', 'System operacyjny': 'bez systemu'}"
Laptop ASUS Zenbook 14 OLED UX3405CA-QD009W 14'' Ultra 5 225H 16GB RAM 512GB Dysk SSD Win11 Niebieski Funkcje AI,4 999.00 zł,"https://f00.esfr.pl/foto/9/185048787641/27e8a6e547082520872ad7aa63d1e057/asus-laptop-asus-zb-14-u5-16-512gb-w11,185048787641_7.webp","{'Ekran': '14 "",  1920 x 1200 pikseli 60 Hz', 'Procesor': 'Intel® Core™ Ultra 5 15gen 225H', 'Pamięć': '16 GB  LPDDR5X RAM', 'Grafika': 'Intel®   Arc™ 130T', 'Dysk': '512 GB SSD', 'System operacyjny': 'Windows 11 Home Edition'}"
"Laptop gamingowy Acer Nitro V 15 ANV15-52 15,6"" 165Hz i9-13900H 16GB RAM 512GB Dysk SSD RTX5060 Win11 Czarny",5 099.00 zł,"https://f00.esfr.pl/foto/1/171766554201/f56d88935c4bdcd03e67ecdebcf87482/acer-laptop-nitro-v-i9-16gb-512gb-5060-w11,171766554201_7.webp","{'Ekran': '15,6 "",  1920 x 1080 pikseli 165 Hz', 'Procesor': 'Intel® Core™ i9 13gen 13900H', 'Pamięć': '16 GB  DDR4 RAM', 'Grafika': 'NVIDIA® GeForce RTX™ 5060 + Intel Iris Xe Graphics (działający jako Intel® UHD Graphics)', 'Dysk': '512 GB SSD', 'System operacyjny': 'Windows 11 Home Edition'}"
"Laptop MSI Prestige 14 AI+ D3MG-060PL OLED 14"" Ultra X7 358H 32GB RAM 1TB Dysk SSD Win11 Pro Szary Funkcje AI",6 299.00 zł,"https://f00.esfr.pl/foto/4/184827895577/ce496868b40be754dd7704ef5e7c835d/msi-laptop-msi-pres-14-u7x-32-1tb-w11p,184827895577_7.webp","{'Ekran': '14 "",  1920 x 1200 pikseli 60 Hz', 'Procesor': 'Intel® Core™ Ultra X7 Series 3 358H', 'Pamięć': '32 GB  LPDDR5X RAM', 'Grafika': 'Intel®  Arc™ B390 Graphics', 'Dysk': '1 TB SSD', 'System operacyjny': 'Windows 11 Professional'}"
"Laptop biznesowy Lenovo ThinkPad L14 Gen 6 14"" Ultra 7 255U 16GB RAM 512GB Dysk SSD Win11 Pro Czarny Funkcje AI",5 999.00 zł,"https://f00.esfr.pl/foto/8/174091987417/52fce9cd0b6cecb5d1e5965c737df9dd/lenovo-laptop-lenovo-tp-14-u7-16gb-512gb-w11p,174091987417_7.webp","{'Ekran': '14 "",  1920 x 1200 pikseli 60 Hz', 'Procesor': 'Intel® Core™ Ultra 7 15gen 255U', 'Pamięć': '16 GB  DDR5 5600 Mhz RAM', 'Grafika': 'Intel®  Graphics', 'Dysk': '512 GB SSD', 'System operacyjny': 'Windows 11 Professional'}"
"Laptop gamingowy HyperX OMEN 15-ga0004nw 15,3"" 180Hz i7-14650HX 24GB RAM 1TB Dysk SSD RTX5060 DLSS4 Win11 Czarny",5 888.00 zł,"https://f00.esfr.pl/foto/1/185048956009/75811154af85486c1c757883d6eadb6c/hyperx-laptop-hypx-om-15-i7-24-1tb-5060-w11,185048956009_7.webp","{'Ekran': '15,3"",  2560 x 1600 pikseli 180 Hz', 'Procesor': 'Intel® Core™ i7 14gen 14650HX', 'Pamięć': '24 GB  DDR5 5600 Mhz RAM', 'Grafika': 'NVIDIA® GeForce RTX™ 5060 + Intel UHD Graphics', 'Dysk': '1 TB SSD', 'System operacyjny': 'Windows 11 Home Edition'}"
"Laptop gamingowy Acer Nitro V 14 AI ANV14-62 14,5"" 165Hz Ryzen AI 7 350 16GB RAM 1TB Dysk SSD RTX5060 DLSS4 Biały Funkcje AI",6 349.00 zł,"https://f00.esfr.pl/foto/2/176109299057/bbba9f6d4d68862c46c6342d84371c5e/acer-laptop-nitro-v-14-r7ai-16gb-1tb-5060-nos,176109299057_7.webp","{'Ekran': '14,5 "",  2560 x 1600 pikseli 165 Hz', 'Procesor': 'AMD Ryzen™ AI 7 350', 'Pamięć': '16 GB  DDR5 5600 Mhz RAM', 'Grafika': 'NVIDIA® GeForce RTX™ 5060 + AMD Radeon™ 860M', 'Dysk': '1 TB SSD', 'System operacyjny': 'bez systemu'}"
"Laptop HP OmniBook 3 16-bu0029nwx 16"" Core 3 100U 8GB RAM 256GB Dysk SSD Win11 Czarny",1 999.00 zł,"https://f00.esfr.pl/foto/7/192315615577/e1111fa39fd4476189c6b88c80e48ca1/hp-laptop-hp-ob-3-16-c3-8-256-w11,192315615577_7.webp","{'Ekran': '16 "",  1920 x 1200 pikseli', 'Procesor': 'Intel® Core™ 3 14gen 100U', 'Pamięć': '8 GB  DDR5 5200 Mhz RAM', 'Grafika': 'Intel®  Graphics', 'Dysk': '256 GB SSD', 'System operacyjny': 'Windows 11 Home Edition'}"
Laptop gamingowy ASUS V16 V3607VH-RP011W 16'' 144Hz Core 5 210H 16GB RAM 512G Dysk SSD RTX5050 DLSS4 Win11 Czarny Funkcje AI,3 899.00 zł,"https://f00.esfr.pl/foto/1/172164079601/c47745d95467ea216dc4f4ca8ca8841e/asus-laptop-asus-vb-16-i5-16-512gb-5050-w11,172164079601_7.webp","{'Ekran': '16 "",  1920 x 1200 pikseli 144 Hz', 'Procesor': 'Intel® Core™ 5 210H', 'Pamięć': '16 GB  DDR5 RAM', 'Grafika': 'NVIDIA® GeForce RTX 5050 + Intel Graphics', 'Dysk': '512 GB SSD', 'System operacyjny': 'Windows 11 Home Edition'}"
"Apple MacBook Pro 2025 14,2"" M5 16GB RAM 1TB Dysk macOS Gwiezdna Czerń Funkcje AI",8 849.00 zł,"https://f00.esfr.pl/foto/9/176009452169/b1f9cb73bba61831b4c00181f45d1c01/apple-macbook-pro-2025-14-2-m5-16gb-ram-512gb-dysk-macos-gwiezdna-czern,176009452169_7.webp","{'Ekran': '14,2 "",  3024 x 1964 pikseli 120 Hz', 'Procesor': 'Apple M5', 'Pamięć': '16 GB  zunifikowana RAM', 'Grafika': 'Apple  M5 (10-rdzeni)', 'Dysk': '1 TB SSD', 'System operacyjny': 'macOS Spotlight lub nowszy'}"
"Laptop ultrabook Lenovo Yoga Slim 7 14AGP11 OLED 14"" Ryzen AI 7 445 16GB RAM 512GB Dysk SSD Win11 Zielony",4 299.00 zł,"https://f00.esfr.pl/foto/3/189540121825/f54d7805fa3bb3bbf85c34360037c434/lenovo-laptop-yoga-s7-14-r7-16-512gb,189540121825_7.webp","{'Ekran': '14 "",  1920 x 1200 pikseli 60 Hz', 'Procesor': 'AMD Ryzen™ AI 7 445', 'Pamięć': '16 GB  LPDDR5x 8000 Mhz RAM', 'Grafika': 'AMD  Radeon™ 840M', 'Dysk': '512 GB SSD', 'System operacyjny': 'Windows 11 Home Edition'}"
"Laptop gamingowy Dell Alienware 16X Aurora AC16251 16"" 240Hz Ultra 7 255HX 32GB RAM 1TB Dysk SSD RTX5060 DLSS4 Win11 Granatowy Funkcje AI",9 499.00 zł,"https://f00.esfr.pl/foto/8/172392708689/1c8482edd47bf5bcd48906c5c51bb557/dell-laptop-aw-16xaurora-u7-32gb-1tb-5060-w11,172392708689_7.webp","{'Ekran': '16 "",  2560 x 1600 pikseli 240 Hz', 'Procesor': 'Intel® Core™ Ultra 7 15gen 255HX', 'Pamięć': '32 GB  DDR5 5600 Mhz RAM', 'Grafika': 'NVIDIA® GeForce RTX™ 5060 + Intel Graphics', 'Dysk': '1 TB SSD', 'System operacyjny': 'Windows 11 Home Edition'}"
"Laptop HP 17-cn4006nw 17,3"" Core 7 150U 16GB RAM 1TB Dysk SSD Win11 Srebrny",2 899.00 zł,"https://f00.esfr.pl/foto/1/184149222633/f087473b52e9ccb75220f072bf392ce/hp-laptop-hp-17-c7-16-1tb-w11,184149222633_7.webp","{'Ekran': '17,3 "",  1920 x 1080 pikseli', 'Procesor': 'Intel® Core™ 7 14gen 150U', 'Pamięć': '16 GB  DDR4 3200 MHz RAM', 'Grafika': 'Intel®  Graphics', 'Dysk': '1 TB SSD', 'System operacyjny': 'Windows 11 Home Edition'}"
"Laptop gamingowy Gigabyte Gaming A16 3THK3EE893SD 16"" 165Hz R7 260 16GB RAM 512GB Dysk SSD RTX5050 DLSS4 Czarny Funkcje AI",3 799.00 zł,"https://f00.esfr.pl/foto/7/173812044977/bd8d860e1c3ceccfdef13ef3af3b26bd/gigabyte-laptop-giga-a16-r7-16gb-512gb-5050-dos,173812044977_7.webp","{'Ekran': '16 "",  1920 x 1200 pikseli 165 Hz', 'Procesor': 'AMD Ryzen™ 7 260', 'Pamięć': '16 GB  DDR5 5600 Mhz RAM', 'Grafika': 'NVIDIA® GeForce RTX 5050 + AMD Radeon™ 780M', 'Dysk': '512 GB SSD', 'System operacyjny': 'bez systemu'}"
Laptop ASUS Zenbook 14 OLED UX3405CA-QD1247W 14'' Ultra 5 225H 16GB RAM 512GB Dysk SSD Win11 Srebrny Funkcje AI,4 099.00 zł,"https://f00.esfr.pl/foto/6/185048668769/2f2e6915179734b9192cfc7d6ff9a72a/asus-laptop-asus-zb-14-u5-16-512-w11,185048668769_7.webp","{'Ekran': '14 "",  1920 x 1200 pikseli 60 Hz', 'Procesor': 'Intel® Core™ Ultra 5 15gen 225H', 'Pamięć': '16 GB  LPDDR5X RAM', 'Grafika': 'Intel®   Arc™ 130T', 'Dysk': '512 GB SSD', 'System operacyjny': 'Windows 11 Home Edition'}"
"Laptop ASUS Zenbook S16 UM5606GA-SS281X OLED 16"" 120Hz Ryzen AI 9 465 32GB RAM 1TB Dysk SSD Win11 Pro Szary Funkcje AI",9 684.99 zł,"https://f00.esfr.pl/foto/3/184149468641/b188c67c0c8559628ea107193eb2fbca/asus-laptop-asus-zb-s16-r9ai-32-1tb-w11p,184149468641_7.webp","{'Ekran': '16 "",  2880 x 1800 pikseli 120 Hz', 'Procesor': 'AMD Ryzen™ AI 9 465', 'Pamięć': '32 GB  LPDDR5X RAM', 'Grafika': 'AMD  Radeon™ 880M', 'Dysk': '1 TB SSD', 'System operacyjny': 'Windows 11 Professional'}"
"Laptop ASUS Vivobook 16 M1605NAQ-MB113W 16"" Ryzen 5 150 16GB RAM 512GB Dysk SSD Win11 Czarny Funkcje AI",2 429.00 zł,"https://f00.esfr.pl/foto/6/185048630433/eea1b1453a3a7aab6fd2a9fcb7eff00a/asus-laptop-asus-vb-16-r5-16-512-w11,185048630433_7.webp","{'Ekran': '16 "",  1920 x 1200 pikseli 60 Hz', 'Procesor': 'AMD Ryzen™ 5 150', 'Pamięć': '16 GB  DDR5 RAM', 'Grafika': 'AMD  Radeon™ 660M', 'Dysk': '512 GB SSD', 'System operacyjny': 'Windows 11 Home Edition'}"
"Laptop gamingowy Dell Alienware 16 Aurora AC16250 16"" 120Hz Core 7 240H 16GB RAM 1TB Dysk SSD RTX4050 DLSS3 Win11 Granatowy Funkcje AI",5 699.00 zł,"https://f00.esfr.pl/foto/9/175915256897/f7bd6dea40ca0c7853551e51a35eeca4/dell-laptop-aw-16-aurora-c5-16-512gb-4050-w11_1,175915256897_7.webp","{'Ekran': '16 "",  2560 x 1600 pikseli 120 Hz', 'Procesor': 'Intel® Core™ 7 15gen 240H', 'Pamięć': '16 GB  DDR5 5600 Mhz RAM', 'Grafika': 'NVIDIA® GeForce RTX™ 4050 + Intel Graphics', 'Dysk': '1 TB SSD', 'System operacyjny': 'Windows 11 Home Edition'}"
"Laptop ASUS Zenbook Duo UX8407AA-SN169X OLED 14"" 144Hz Ultra X9 388H 32GB RAM 1TB Dysk SSD Win11 Pro Szary Funkcje AI",13 294.99 zł,"https://f00.esfr.pl/foto/7/187305359273/610d03628a70de00ac85aea580b411ee/asus-laptop-asus-zd-14-ux9-32-1-w11p,187305359273_7.webp","{'Ekran': '14 "", ekran dotykowy 2880 x 1800 pikseli 144 Hz', 'Procesor': 'Intel® Core™ Ultra X9 Series 3 388H', 'Pamięć': '32 GB  LPDDR5X RAM', 'Grafika': 'Intel®  Arc™ B390', 'Dysk': '1 TB SSD', 'System operacyjny': 'Windows 11 Professional'}"
"Laptop gamingowy ASUS ROG Strix G16 G615LW-U9R321W 16"" 300Hz Ultra 9 290HX Plus 32GB RAM 1TB Dysk SSD RTX5080 DLSS4 Win11 Szary AI",14 199.00 zł,"https://f00.esfr.pl/foto/8/191218226873/c31be0cb407c04339c81325e355e7254/asus-laptop-asus-r-s-g16-u9-32-1-5080-w11,191218226873_7.webp","{'Ekran': '16 "",  2560 x 1600 pikseli 300 Hz', 'Procesor': 'Intel® Core™ Ultra 9 15gen 290HX Plus', 'Pamięć': '32 GB  DDR5 5600 Mhz RAM', 'Grafika': 'NVIDIA® GeForce RTX™ 5080 + Intel Graphics', 'Dysk': '1 TB SSD', 'System operacyjny': 'Windows 11 Home Edition'}"
"Laptop Dell Inspiron 3530 15,6"" i5-1334U 16GB RAM 1TB Dysk SSD Win11 Srebrny",2 899.00 zł,"https://f00.esfr.pl/foto/4/179829105009/393d2d0f479fecff33e477e7a3c58845/dell-laptop-dell-d15-i5-16gb-1tb-w11,179829105009_7.webp","{'Ekran': '15,6 "",  1920 x 1080 pikseli', 'Procesor': 'Intel® Core™ i5 13gen 1334U', 'Pamięć': '16 GB  DDR4 2666 MHz RAM', 'Grafika': 'Intel®  Iris Xe Graphics (działający jako Intel® UHD Graphics)', 'Dysk': '1 TB SSD', 'System operacyjny': 'Windows 11 Home Edition'}"
"Laptop gamingowy Lenovo Legion 5 15AGP11 OLED 15,3"" 165Hz Ryzen AI 7 450 16GB RAM 512GB Dysk SSD RTX5060 DLSS4 Win11 Biały Funkcje AI",7 024.99 zł,"https://f00.esfr.pl/foto/8/193015215257/e99c72d65a1de7d1a1ece7724a5635b7/lenovo-laptop-lenovo-l5-15-3-r7-16-512-5060-w11,193015215257_7.webp","{'Ekran': '15,3"",  2560 x 1600 pikseli 165 Hz', 'Procesor': 'AMD Ryzen™ AI 7 450', 'Pamięć': '16 GB  DDR5 5600 Mhz RAM', 'Grafika': 'NVIDIA® GeForce RTX™ 5060 + AMD Radeon™ 860M', 'Dysk': '512 GB SSD', 'System operacyjny': 'Windows 11 Home Edition'}"
"Laptop ASUS Vivobook 18 M1807GA-S8002W 18"" 144Hz Ryzen AI 5 430 16GB RAM 512GB Dysk SSD Win11 Niebieski Funkcje AI",3 544.99 zł,"https://f00.esfr.pl/foto/6/185048527081/9356af0fef86b58d4220aedd7e1a0d6e/asus-laptop-asus-vb-18-r5ai-16-512gb-w11,185048527081_7.webp","{'Ekran': '18 "",  1920 x 1200 pikseli 144 Hz', 'Procesor': 'AMD Ryzen™ AI 5 430', 'Pamięć': '16 GB  DDR5 RAM', 'Grafika': 'AMD  Radeon™ 840M', 'Dysk': '512 GB SSD', 'System operacyjny': 'Windows 11 Home Edition'}"
"Laptop ASUS ProArt PX13 HN7306EA-LX005X OLED 13,3"" Ryzen AI Max+ 395 128GB RAM 1TB Dysk SSD Win11Pro Czarny Funkcje AI",13 999.00 zł,"https://f00.esfr.pl/foto/8/184148920009/9d87a45536109d450acafdd19719ef12/asus-laptop-proart-px-13-rai-128gb-1tb-w11p,184148920009_7.webp","{'Ekran': '13,3 "", ekran dotykowy 2880 x 1800 pikseli 60 Hz', 'Procesor': 'AMD Ryzen™ AI Max+ 395', 'Pamięć': '128 GB  LPDDR5X RAM', 'Grafika': 'AMD  Radeon™ 8060S', 'Dysk': '1 TB SSD', 'System operacyjny': 'Windows 11 Professional'}"
"Laptop HP OmniBook 7 17-dc0219nw 17,3"" Ultra 5 226V 16GB RAM 1TB Dysk SSD Win11 Srebrny Funkcje AI",3 649.00 zł,"https://f00.esfr.pl/foto/7/186932787065/be017bc3351dbcf4bfbe1b39ca0ef04c/hp-laptop-hp-ob7-17-ai-u5-16-1tb-w11,186932787065_7.webp","{'Ekran': '17,3 "", ekran dotykowy 1920 x 1080 pikseli', 'Procesor': 'Intel® Core™ Ultra 5 15gen 226V', 'Pamięć': '16 GB  LPDDR5x 8533 Mhz RAM', 'Grafika': 'Intel®  Arc 130V', 'Dysk': '1 TB SSD', 'System operacyjny': 'Windows 11 Home Edition'}"
"Laptop gamingowy ASUS TUF Gaming F16 FX608JPR-I7161 16"" 165Hz i7-14650HX 16GB RAM 1TB Dysk SSD RTX5070 DLSS4 Szary",6 999.00 zł,"https://f00.esfr.pl/foto/4/191252731449/6085533426206f92218cd2fc2b298f09/asus-laptop-asus-f16-i7-16-1-5070-nos,191252731449_7.webp","{'Ekran': '16 "",  1920 x 1200 pikseli 165 Hz', 'Procesor': 'Intel® Core™ i7 14gen 14650HX', 'Pamięć': '16 GB  DDR5 5600 Mhz RAM', 'Grafika': 'NVIDIA® GeForce RTX™ 5070 + Intel UHD Graphics', 'Dysk': '1 TB SSD', 'System operacyjny': 'bez systemu'}"
"Apple MacBook Neo 2026 Touch ID 13"" A18 Pro 8GB RAM 512GB Dysk SSD macOS Indygo Funkcje AI",3 749.00 zł,"https://f00.esfr.pl/foto/1/187541258041/5a92ba618495462bf0234440552a6f77/apple-laptop-mbn-13-a18p-6-5-8-512gb-id-indigo,187541258041_7.webp","{'Ekran': '13 "",  2408 x 1506 pikseli 60 Hz', 'Procesor': 'Apple A18 Pro', 'Pamięć': '8 GB  zunifikowana RAM', 'Grafika': 'Apple  A18 Pro (5-rdzeni)', 'Dysk': '512 GB SSD', 'System operacyjny': 'macOS'}"
"Laptop ASUS Zenbook A14 UX3407NA-QD166W OLED 14"" Snapdragon X2 Elite X2E-88-100 16GB RAM 512GB Dysk SSD Win11 Beżowy Funkcje AI",5 499.00 zł,"https://f00.esfr.pl/foto/4/191218301057/56dff89a8bff35e591619b77ff117cf2/asus-laptop-asus-zb-a14-sx2-16-512-w11_1,191218301057_7.webp","{'Ekran': '14 "",  1920 x 1200 pikseli 60 Hz', 'Procesor': 'Qualcomm® Snapdragon® X2 Elite X2E-88-100', 'Pamięć': '16 GB  LPDDR5X RAM', 'Grafika': 'Qualcomm®  Adreno™ Graphics', 'Dysk': '512 GB SSD', 'System operacyjny': 'Windows 11 Home Edition'}"
"Laptop HP OmniBook 5 16-bc1219nw 16"" R5 8540U 16GB RAM 512GB Dysk SSD Win11 Srebrny Funkcje AI",2 899.00 zł,"https://f00.esfr.pl/foto/1/176320584577/7cdc3d0b802a65f754212969a19fb5db/hp-laptop-hp-ob5-16-r5-16-512-w11,176320584577_7.webp","{'Ekran': '16 "",  1920 x 1200 pikseli', 'Procesor': 'AMD Ryzen™ 5 8540U', 'Pamięć': '16 GB  LPDDR5 6400 Mhz RAM', 'Grafika': 'AMD  Radeon™ 740M', 'Dysk': '512 GB SSD', 'System operacyjny': 'Windows 11 Home Edition'}"
Laptop gamingowy ASUS V16 V3607VM-RP016W 16'' 144Hz Core 5 210H 16GB RAM 512G Dysk SSD RTX5060 DLSS4 Win11 Czarny Funkcje AI,4 599.00 zł,"https://f00.esfr.pl/foto/9/163024480241/c47745d95467ea216dc4f4ca8ca8841e/asus-laptop-asus-v16-16-c5-16-512gb-w11,163024480241_7.webp","{'Ekran': '16 "",  1920 x 1200 pikseli 144 Hz', 'Procesor': 'Intel® Core™ 5 210H', 'Pamięć': '16 GB  DDR5 RAM', 'Grafika': 'NVIDIA® GeForce RTX 5060 + Intel Graphics', 'Dysk': '512 GB SSD', 'System operacyjny': 'Windows 11 Home Edition'}"
"Laptop Dell 14 Plus 1425-2815 14"" Ultra 7 256V 16GB RAM 512GB Dysk SSD Win11 Niebieski Funkcje AI",4 999.00 zł,"https://f00.esfr.pl/foto/9/160009551313/1ramen18tjemm/dell-laptop-d14-u7-16gb-512gb-w11,160009551313_7.webp","{'Ekran': '14 "",  2560 x 1600 pikseli 90 Hz', 'Procesor': 'Intel® Core™ Ultra 7 15gen 256V', 'Pamięć': '16 GB  LPDDR5x 8533 Mhz RAM', 'Grafika': 'Intel®  Arc Graphics', 'Dysk': '512 GB SSD', 'System operacyjny': 'Windows 11 Home Edition'}"
"Laptop gamingowy MSI Cyborg 15 B13WFKG-625XPL 15,6""144Hz i5-13420H 16GB RAM 512GB Dysk SSD RTX5060 DLSS4 Czarny",3 799.00 zł,"https://f00.esfr.pl/foto/3/192277981241/414676cd1b7f3cec0748846bd2ffa55d/msi-laptop-msi-cyborg-15-i5-16-512-5060-nos,192277981241_7.webp","{'Ekran': '15,6 "",  1920 x 1080 pikseli 144 Hz', 'Procesor': 'Intel® Core™ i5 13gen 13420H', 'Pamięć': '16 GB  DDR5 5200 Mhz RAM', 'Grafika': 'NVIDIA® GeForce RTX™ 5060 + Intel UHD Graphics', 'Dysk': '512 GB SSD', 'System operacyjny': 'bez systemu'}"
"Laptop gamingowy MSI Katana 17 HX B14WFK-400XPL 17,3"" 144Hz i7-14650HX 16GB RAM 512GB Dysk SSD RTX5060 DLSS4 Czarny",4 749.00 zł,"https://f00.esfr.pl/foto/6/192277937401/e649e187620b603040bc8fbc221f4f4d/msi-laptop-msi-katana-17-i7-16-512-5060-nos,192277937401_7.webp","{'Ekran': '17,3 "",  1920 x 1080 pikseli 144 Hz', 'Procesor': 'Intel® Core™ i7 14gen 14650HX', 'Pamięć': '16 GB  DDR5 5600 Mhz RAM', 'Grafika': 'NVIDIA® GeForce RTX™ 5060 + Intel UHD Graphics', 'Dysk': '512 GB SSD', 'System operacyjny': 'bez systemu'}"
Laptop gamingowy ASUS TUF Gaming A18 FA808UH-S8021 18'' 144Hz Ryzen 7 260 16GB RAM 512GB Dysk SSD RTX5050 DLSS4 Szary Funkcje AI,4 999.00 zł,"https://f00.esfr.pl/foto/5/177079476905/a4903865452a1b47fa25ebdcf1945bfa/asus-lap-asus-tuf-18-r7-16-512gb-nos,177079476905_7.webp","{'Ekran': '18 "",  1920 x 1200 pikseli 144 Hz', 'Procesor': 'AMD Ryzen™ 7 260', 'Pamięć': '16 GB  DDR5 5600 Mhz RAM', 'Grafika': 'NVIDIA® GeForce RTX 5050 + AMD Radeon™ 780M', 'Dysk': '512 GB SSD', 'System operacyjny': 'bez systemu'}"
"Laptop Acer Swift X 14 SFX14-73G OLED 14,5"" Ultra 7 255H 32GB RAM 1TB Dysk SSD RTX5060 DLSS4 Win11 Szary Funkcje AI",6 929.99 zł,"https://f00.esfr.pl/foto/3/185282785065/c78ee6162548c6519224879b1c9948db/acer-laptop-acer-sfx14-u7-32gb-1tb-5060-w11-t,185282785065_7.webp","{'Ekran': '14,5 "", ekran dotykowy 2880 x 1800 pikseli 120 Hz', 'Procesor': 'Intel® Core™ Ultra 7 15gen 255H', 'Pamięć': '32 GB  LPDDR5X RAM', 'Grafika': 'NVIDIA® GeForce RTX 5060 + Intel Arc Graphics 140T', 'Dysk': '1 TB SSD', 'System operacyjny': 'Windows 11 Home Edition'}"
"Laptop gamingowy MSI Crosshair A16 HX D8WFKG-023XPL 16"" 240Hz Ryzen 7 8840HX 16GB RAM 1TB Dysk SSD RTX5060 DLSS4 Szary Funkcje AI",6 264.99 zł,"https://f00.esfr.pl/foto/8/168751921569/4ef5b865ed24c35d73eb7d46df143b/msi-lap-msi-crosshair-16-r7-16-1tb-5060-nos,168751921569_7.webp","{'Ekran': '16 "",  2560 x 1600 pikseli 240 Hz', 'Procesor': 'AMD Ryzen™ 7 8840HX', 'Pamięć': '16 GB  DDR5 5200 Mhz RAM', 'Grafika': 'NVIDIA® GeForce RTX™ 5060 + AMD Radeon™ 610M', 'Dysk': '1 TB SSD', 'System operacyjny': 'bez systemu'}"
"Laptop Dell 16 DC16250 16"" Core 5 120U 16GB RAM 1TB Dysk SSD Win11 Czarny Funkcje AI",2 899.00 zł,"https://f00.esfr.pl/foto/3/175915162345/7711f812975cef7e0152dbd45e196d2c/dell-laptop-d16-c5-16gb-1tb-w11,175915162345_7.webp","{'Ekran': '16 "",  1920 x 1200 pikseli 60 Hz', 'Procesor': 'Intel® Core™ 5 14gen 120U', 'Pamięć': '16 GB  DDR5 5200 Mhz RAM', 'Grafika': 'Intel®  Graphics', 'Dysk': '1 TB SSD', 'System operacyjny': 'Windows 11 Home Edition'}"
"Laptop biznesowy Lenovo ThinkBook 16 G8 IAL 16"" Ultra 7 255H 16GB RAM 512GB Dysk SSD Win11 Pro Szary Funkcje AI",4 499.00 zł,"https://f00.esfr.pl/foto/4/164170228993/a1606400a4174d5979c0dbe67619ae75/lenovo-laptop-lenovo-ultra7-255h-16gb512gb-w11p,164170228993_7.webp","{'Ekran': '16 "",  1920 x 1200 pikseli 60 Hz', 'Procesor': 'Intel® Core™ Ultra 7 15gen 255H', 'Pamięć': '16 GB  DDR5 5600 Mhz RAM', 'Grafika': 'Intel®  Arc Graphics (działający jako Intel® Graphics)', 'Dysk': '512 GB SSD', 'System operacyjny': 'Windows 11 Professional'}"
"Laptop gamingowy ASUS ROG Zephyrus G14 GU405AR-SY003W OLED 14"" 120Hz Ultra 9 386H 32GB RAM 1TB Dysk SSD RTX5070Ti DLSS4 Win11 Biały AI",15 299.00 zł,"https://f00.esfr.pl/foto/3/191218212641/77004b23a0137acb27146e48d508029f/asus-laptop-asus-r-z14-u9-32-1-5070ti-w11,191218212641_7.webp","{'Ekran': '14 "",  2880 x 1800 pikseli 120 Hz', 'Procesor': 'Intel® Core™ Ultra 9 Series 3 386H', 'Pamięć': '32 GB  LPDDR5x 8533 Mhz RAM', 'Grafika': 'NVIDIA® GeForce RTX 5070 Ti + Intel Graphics', 'Dysk': '1 TB SSD', 'System operacyjny': 'Windows 11 Home Edition'}"
"Laptop gamingowy HP Victus 15-fb3015nw 15,6"" 144Hz Ryzen AI 7 350 16GB RAM 1TB Dysk SSD RTX5060 DLSS4 Win11 Czarno-srebrny Funkcje AI",4 699.00 zł,"https://f00.esfr.pl/foto/3/172741859929/72187066ae23668577d412b55c430878/hp-laptop-hp-vic-15-rai-7-16-1-5060-w11,172741859929_7.webp","{'Ekran': '15,6 "",  1920 x 1080 pikseli 144 Hz', 'Procesor': 'AMD Ryzen™ AI 7 350', 'Pamięć': '16 GB  DDR5 5600 Mhz RAM', 'Grafika': 'NVIDIA® GeForce RTX™ 5060 + AMD Radeon™ 860M', 'Dysk': '1 TB SSD', 'System operacyjny': 'Windows 11 Home Edition'}"
"Laptop gamingowy Acer Nitro V 16 AI ANV16-42 16"" 180Hz R7 260 16GB RAM 1TB Dysk SSD RTX5070 DLSS4 Czarny Funkcje AI",5 839.99 zł,"https://f00.esfr.pl/foto/1/176109404689/5a9f9dc9e8ec222c0a9ffce2694bb7d/acer-laptop-nitro-v-16-r7-16gb-1tb-5070-nos,176109404689_7.webp","{'Ekran': '16 "",  2560 x 1600 pikseli 180 Hz', 'Procesor': 'AMD Ryzen™ 7 260', 'Pamięć': '16 GB  DDR5 5600 Mhz RAM', 'Grafika': 'NVIDIA® GeForce RTX™ 5070 + AMD Radeon™ 780M', 'Dysk': '1 TB SSD', 'System operacyjny': 'bez systemu'}"
"Apple MacBook Neo 2026 Touch ID 13"" A18 Pro 8GB RAM 512GB Dysk SSD macOS Cytrusowożółty Funkcje AI",3 749.00 zł,"https://f00.esfr.pl/foto/6/187541030633/1h71k9o5zulom/apple-laptop-mbn-13-a18p-6-5-8-512gb-id-citrus,187541030633_7.webp","{'Ekran': '13 "",  2408 x 1506 pikseli 60 Hz', 'Procesor': 'Apple A18 Pro', 'Pamięć': '8 GB  zunifikowana RAM', 'Grafika': 'Apple  A18 Pro (5-rdzeni)', 'Dysk': '512 GB SSD', 'System operacyjny': 'macOS'}"
"Laptop biznesowy Lenovo ThinkBook 14 G9 IRL 14"" Core 5 210H 16GB RAM 512GB Dysk SSD Win11 Pro Szary Funkcje AI",3 799.00 zł,"https://f00.esfr.pl/foto/5/184605415049/f83331bce56de8ea8359abdd6aa09cb/lenovo-laptop-lenovo-5-210h-16gb-512gb-14-w11p,184605415049_7.webp","{'Ekran': '14 "",  1920 x 1200 pikseli 60 Hz', 'Procesor': 'Intel® Core™ 5 15gen 210H', 'Pamięć': '16 GB  DDR5 5600 Mhz RAM', 'Grafika': 'Intel®  Graphics', 'Dysk': '512 GB SSD', 'System operacyjny': 'Windows 11 Professional'}"
"Apple MacBook Pro 2026 14,2"" M5 Pro 15/16 24GB RAM 1TB Dysk macOS Srebrny Funkcje AI",11 299.00 zł,"https://f00.esfr.pl/foto/6/187427410513/53ef1c6b3c27080a0f71353cabea28c8/apple-macbook-pro-2026-14-2-m5-pro-15-16-24gb-ram-1tb-dysk-macos-srebrny-funkcje-ai,187427410513_7.webp","{'Ekran': '14,2 "",  3024 x 1964 pikseli 120 Hz', 'Procesor': 'Apple M5 Pro', 'Pamięć': '24 GB  zunifikowana RAM', 'Grafika': 'Apple  M5 Pro (16-rdzeni)', 'Dysk': '1 TB SSD', 'System operacyjny': 'macOS'}"
"Laptop biznesowy Lenovo IdeaPad 5 2-in-1 14Q8X9 OLED 14"" Snapdragon X Plus X1P-42-100 16GB RAM 512GB Dysk SSD Win11 Pro Szary Funkcje AI",3 599.00 zł,"https://f00.esfr.pl/foto/2/181421536985/132cec274f8395c6cebc0a9a69b3ede8/lenovo-laptop-ip-5-14-x1p-16gb-512gb-w11,181421536985_7.webp","{'Ekran': '14 "", ekran dotykowy 1920 x 1200 pikseli 60 Hz', 'Procesor': 'Qualcomm® Snapdragon® X Plus X1P-42-100', 'Pamięć': '16 GB  LPDDR5x 8448 Mhz RAM', 'Grafika': 'Qualcomm®  Adreno™ Graphics', 'Dysk': '512 GB SSD', 'System operacyjny': 'Windows 11 Professional'}"
"Laptop ASUS Zenbook S 14 OLED UX5406SA-QJ501W 14"" Ultra 7 256V 16GB RAM 512GB Dysk SSD Win11 Szary Funkcje AI",5 999.00 zł,"https://f00.esfr.pl/foto/5/185048865969/6e83511b348a22158ec2d65c70002107/asus-laptop-asus-zb-s14-u7-16-512gb-w11,185048865969_7.webp","{'Ekran': '14 "",  1920 x 1200 pikseli 60 Hz', 'Procesor': 'Intel® Core™ Ultra 7 15gen 256V', 'Pamięć': '16 GB  LPDDR5X RAM', 'Grafika': 'Intel®  Arc™ Graphics 140V', 'Dysk': '512 GB SSD', 'System operacyjny': 'Windows 11 Home Edition'}"
"Laptop gamingowy ASUS ROG Strix G18 G815LW-U9321W 18"" 240Hz Ultra 9 275HX 32GB RAM 1TB Dysk SSD RTX5080 DLSS4 Win11 Szary Funkcje AI",15 499.00 zł,"https://f00.esfr.pl/foto/3/185048579217/f8636187b068cd60c96146391b18bef1/asus-laptop-asus-rog-g18-u9-w11,185048579217_7.webp","{'Ekran': '18 "",  2560 x 1600 pikseli 240 Hz', 'Procesor': 'Intel® Core™ Ultra 9 15gen 275HX', 'Pamięć': '32 GB  DDR5 5600 Mhz RAM', 'Grafika': 'NVIDIA® Geforce RTX™ 5080 + Intel Graphics', 'Dysk': '1 TB SSD', 'System operacyjny': 'Windows 11 Home Edition'}"
"Laptop Lenovo IdeaPad Flex 5 14ABR8 14"" R7 7730U 16GB RAM 512GB Dysk SSD Win11 Szary Funkcje AI",3 299.00 zł,"https://f00.esfr.pl/foto/8/183197295433/ff4a74acad3e66627859951cf209ff76/lenovo-laptop-ipf5-r7-14-16gb-512gb-w11,183197295433_7.webp","{'Ekran': '14 "", ekran dotykowy 1920 x 1200 pikseli 60 Hz', 'Procesor': 'AMD Ryzen™ 7 7730U', 'Pamięć': '16 GB  LPDDR4x 4266 MHz RAM', 'Grafika': 'AMD  Radeon™ Graphics', 'Dysk': '512 GB SSD', 'System operacyjny': 'Windows 11 Home Edition'}"
"Apple MacBook Air 2026 13,6"" M5 10/8 16GB RAM 512GB Dysk macOS Księżycowa Poświata Funkcje AI",5 999.00 zł,"https://f00.esfr.pl/foto/6/187426756737/e25606434875cc8901372897d0f714/apple-macbook-air-2026-13-6-m5-10-8-16gb-ram-512gb-dysk-macos-ksiezycowa-poswiata-funkcje-ai,187426756737_7.webp","{'Ekran': '13,6 "",  2560 x 1664 pikseli', 'Procesor': 'Apple M5', 'Pamięć': '16 GB  zunifikowana RAM', 'Grafika': 'Apple  M5 (8-rdzeni)', 'Dysk': '512 GB SSD', 'System operacyjny': 'macOS'}"
"Laptop ultrabook ASUS Zenbook 14 UM3406GA-QD054W OLED 14"" Ryzen AI 7 445 16GB RAM 512GB Dysk SSD Win11 Czarny Funkcje AI",5 940.68 zł,"https://f00.esfr.pl/foto/2/185048991145/f5ef0d9beacf5b2b01312693f50bd857/asus-laptop-asus-zb-14-r7ai-16-512gb-w11,185048991145_7.webp","{'Ekran': '14 "",  1920 x 1200 pikseli 60 Hz', 'Procesor': 'AMD Ryzen™ AI 7 445', 'Pamięć': '16 GB  LPDDR5X RAM', 'Grafika': 'AMD  Radeon™ 840M Graphics', 'Dysk': '512 GB SSD', 'System operacyjny': 'Windows 11 Home Edition'}"
"Laptop gamingowy MSI Cyborg 15 B13WEKG-626XPL 15,6"" 144Hz i7-13620H 16GB RAM 512GB Dysk SSD RTX5050 DLSS4 Czarny",3 999.00 zł,"https://f00.esfr.pl/foto/9/192277987041/414676cd1b7f3cec0748846bd2ffa55d/msi-laptop-msi-cyborg-15-i7-16-512-5050-nos,192277987041_7.webp","{'Ekran': '15,6 "",  1920 x 1080 pikseli 144 Hz', 'Procesor': 'Intel® Core™ i7 13gen 13620H', 'Pamięć': '16 GB  DDR5 5200 Mhz RAM', 'Grafika': 'NVIDIA® GeForce RTX™ 5050 + Intel UHD Graphics', 'Dysk': '512 GB SSD', 'System operacyjny': 'bez systemu'}"
Laptop 2w1 HP OmniBook Ultra Flip 14-fh0217nw OLED 14'' 120Hz Ultra 7 258V 32GB RAM 1TB Dysk SSD Win11 Szary Funkcje AI,6 199.00 zł,"https://f00.esfr.pl/foto/7/184149116633/cfd7ffbcc160733b3a1d7d063a8f74a5/hp-laptop-hp-ob-ufai-14-u7-32-1tb-w11,184149116633_7.webp","{'Ekran': '14 "", ekran dotykowy 2880 x 1800 pikseli 120 Hz', 'Procesor': 'Intel® Core™ Ultra 7 15gen 258V', 'Pamięć': '32 GB  LPDDR5x 8533 Mhz RAM', 'Grafika': 'Intel®  Arc Graphics 140V', 'Dysk': '1 TB SSD', 'System operacyjny': 'Windows 11 Home Edition'}"
"Laptop gamingowy Acer Nitro 16S AI AN16S-61 16"" 180Hz Ryzen AI 7 350 16GB RAM 1TB Dysk SSD RTX5070Ti DLSS4 Czarny Funkcje AI",6 999.00 zł,"https://f00.esfr.pl/foto/5/176110204817/1cd5e6294e399629454455a777e8b09a/acer-laptop-nitro-16-r7ai-16gb-1tb-5070ti-nos_1,176110204817_7.webp","{'Ekran': '16 "",  2560 x 1600 pikseli 180 Hz', 'Procesor': 'AMD Ryzen™ AI 7 350', 'Pamięć': '16 GB  DDR5 5600 Mhz RAM', 'Grafika': 'NVIDIA® GeForce RTX™ 5070 Ti + AMD Radeon™ 860M', 'Dysk': '1 TB SSD', 'System operacyjny': 'bez systemu'}"
"Laptop Acer Aspire 17 A17-51M 17,3"" i9-13900H 16GB RAM 512 Dysk SSD Win11 Szary",2 999.00 zł,"https://f00.esfr.pl/foto/5/189715915601/d3e9cc23efaf85c4103febe37aa69a83/acer-laptop-acer-a17-ci9-16gb-512gb-w11,189715915601_7.webp","{'Ekran': '17,3 "",  1920 x 1080 pikseli 60 Hz', 'Procesor': 'Intel® Core™ i9 13gen 13900H', 'Pamięć': '16 GB  LPDDR5 RAM', 'Grafika': 'Intel®  Iris Xe Graphics', 'Dysk': '512 GB SSD', 'System operacyjny': 'Windows 11 Home Edition'}"
"Laptop ASUS Zenbook S 14 OLED UX5406SA-QJ502W 14"" Ultra 7 256V 16GB RAM 512GB Dysk SSD Win11 Biały Funkcje AI",5 999.00 zł,"https://f00.esfr.pl/foto/9/185049032969/a6fac39d73d9f46968fa32ae999bb377/asus-laptop-asus-zb-s14-u7-16-512gb-w11_1,185049032969_7.webp","{'Ekran': '14 "",  1920 x 1200 pikseli 60 Hz', 'Procesor': 'Intel® Core™ Ultra 7 15gen 256V', 'Pamięć': '16 GB  LPDDR5X RAM', 'Grafika': 'Intel®  Arc™ Graphics 140V', 'Dysk': '512 GB SSD', 'System operacyjny': 'Windows 11 Home Edition'}"
"Apple MacBook Air 2025 15,3"" M4 24GB RAM 512GB Dysk macOS Błękitny 70W Funkcje AI",6 699.00 zł,"https://f00.esfr.pl/foto/7/165147991377/1cydbuzrz2ogz/apple-laptop-mba-15-m4-10-10-24gb-512gb-sb-70w,165147991377_7.webp","{'Ekran': '15,3"",  2880 x 1864 pikseli', 'Procesor': 'Apple M4', 'Pamięć': '24 GB  zunifikowana RAM', 'Grafika': 'Apple  M4 (10-rdzeni)', 'Dysk': '512 GB SSD', 'System operacyjny': 'macOS Sequoia lub nowszy'}"
"Laptop ASUS Vivobook 17 X1704VA-AU1068W 17,3"" Core 5 120U 16GB RAM 512GB Dysk SSD Win11 Niebieski",3 199.00 zł,"https://f00.esfr.pl/foto/7/185049210001/e6d36488d68f975517431b609c9ce831/asus-laptop-as-vb-17-c5-16-512-w11-68w,185049210001_7.webp","{'Ekran': '17,3 "",  1920 x 1080 pikseli 60 Hz', 'Procesor': 'Intel® Core™ 5 14gen 120U', 'Pamięć': '16 GB  DDR5 RAM', 'Grafika': 'Intel®  Graphics', 'Dysk': '512 GB SSD', 'System operacyjny': 'Windows 11 Home Edition'}"
"Apple MacBook Air 2026 13,6"" M5 10/8 16GB RAM 512GB Dysk macOS Błękitny Funkcje AI",5 999.00 zł,"https://f00.esfr.pl/foto/7/187427251185/aba59f8233cb40d1c4594221c7cfbba4/apple-macbook-air-2026-13-6-m5-10-8-16gb-ram-512gb-dysk-macos-blekitny-funkcje-ai,187427251185_7.webp","{'Ekran': '13,6 "",  2560 x 1664 pikseli', 'Procesor': 'Apple M5', 'Pamięć': '16 GB  zunifikowana RAM', 'Grafika': 'Apple  M5 (8-rdzeni)', 'Dysk': '512 GB SSD', 'System operacyjny': 'macOS'}"
"Laptop gamingowy HP Victus 15-fa2030nwx 15,6"" 144Hz i5-13420H 16GB RAM 512GB Dysk SSD RTX3050 Win11 Różowy",4 499.00 zł,"https://f00.esfr.pl/foto/9/193704546433/daaf2fcef463fc31c2bb6130ddce25b2/hp-laptop-hp-vic-15-6-c5-16-512-3050-w11,193704546433_7.webp","{'Ekran': '15,6 "",  1920 x 1080 pikseli 144 Hz', 'Procesor': 'Intel® Core™ i5 13gen 13420H', 'Pamięć': '16 GB  DDR5 5200 Mhz RAM', 'Grafika': 'NVIDIA® GeForce RTX™ 3050 + Intel UHD Graphics', 'Dysk': '512 GB SSD', 'System operacyjny': 'Windows 11 Home Edition'}"
"Laptop gamingowy Dell Alienware 16X Aurora AC16251 16"" 240Hz Ultra 9 275HX 64GB RAM 4TB Dysk SSD RTX5070 DLSS4 Win11 Granatowy Funkcje AI",12 499.00 zł,"https://f00.esfr.pl/foto/3/172392690025/1c8482edd47bf5bcd48906c5c51bb557/dell-laptop-aw-16xaurora-u9-64gb-4tb-5070-w11,172392690025_7.webp","{'Ekran': '16 "",  2560 x 1600 pikseli 240 Hz', 'Procesor': 'Intel® Core™ Ultra 9 15gen 275HX', 'Pamięć': '64 GB  DDR5 5600 Mhz RAM', 'Grafika': 'NVIDIA® GeForce RTX™ 5070 + Intel Graphics', 'Dysk': '4 TB SSD', 'System operacyjny': 'Windows 11 Home Edition'}"
"Apple MacBook Pro 2024 16,2"" M4 Pro 24GB RAM 512GB Dysk macOS Gwiezdna Czerń Funkcje AI",11 449.00 zł,"https://f00.esfr.pl/foto/8/152647187729/c8014465ef93d83ecb2d7a51a70b2b99/apple-laptop-mbp-16-m4p-14-20-24gb-512gb-sb,152647187729_7.webp","{'Ekran': '16,2 "",  3456 x 2234 pikseli 120 Hz', 'Procesor': 'Apple M4 Pro', 'Pamięć': '24 GB  zunifikowana RAM', 'Grafika': 'Apple  M4 Pro (20-rdzeni)', 'Dysk': '512 GB SSD', 'System operacyjny': 'macOS Sequoia lub nowszy'}"
"Laptop gamingowy Lenovo LOQ 15AHP11 15,3"" 165Hz R7 250 16GB RAM 512GB Dysk SSD RTX5050 DLSS4 Win11 Zielony Funkcje AI",5 694.99 zł,"https://f00.esfr.pl/foto/7/192969750785/87021df1d4d78bd54d9f65213b01830a/lenovo-laptop-lenovo-loq-15-3-r7-16-512-5050-w1,192969750785_7.webp","{'Ekran': '15,3"",  1920 x 1200 pikseli 165 Hz', 'Procesor': 'AMD Ryzen™ 7 250', 'Pamięć': '16 GB  DDR5 5600 Mhz RAM', 'Grafika': 'NVIDIA® GeForce RTX™ 5050 + AMD Radeon™ 780M', 'Dysk': '512 GB SSD', 'System operacyjny': 'Windows 11 Home Edition'}"
"Apple MacBook Pro 2024 16,2"" M4 Max 48GB RAM 1TB Dysk macOS Gwiezdna Czerń Funkcje AI",18 999.00 zł,"https://f00.esfr.pl/foto/2/152647183161/5631c6cf2e2b8475e13ec2943bc72005/apple-laptop-mbp-16-m4m16-40-48gb-1tb-sb,152647183161_7.webp","{'Ekran': '16,2 "",  3456 x 2234 pikseli 120 Hz', 'Procesor': 'Apple M4 Max', 'Pamięć': '48 GB  zunifikowana RAM', 'Grafika': 'Apple  M4 Max (40-rdzeni)', 'Dysk': '1 TB SSD', 'System operacyjny': 'macOS Sequoia lub nowszy'}"
Laptop gamingowy HP OMEN MAX 16-ah0222nw OLED 16'' 240Hz Ultra 9 275HX 32GB RAM 1TB Dysk SSD RTX5070Ti DLSS4 Win11 Czarny Funkcje AI,11 849.00 zł,"https://f00.esfr.pl/foto/1/173883156233/f065e12c9364cef26ffffc9a5f29d2e6/hp-laptop-hp-om-16-u9-32-1tb-5070ti-w11,173883156233_7.webp","{'Ekran': '16 "",  2560 x 1600 pikseli 240 Hz', 'Procesor': 'Intel® Core™ Ultra 9 15gen 275HX', 'Pamięć': '32 GB  DDR5 5600 Mhz RAM', 'Grafika': 'NVIDIA® GeForce RTX™ 5070 Ti + Intel Graphics', 'Dysk': '1 TB SSD', 'System operacyjny': 'Windows 11 Home Edition'}"
"Apple MacBook Air 2026 13,6"" M5 10/10 24GB RAM 1TB Dysk macOS Srebrny Funkcje AI",8 399.00 zł,"https://f00.esfr.pl/foto/4/187426721097/c1beeffdc9aeb2be573cfbeece50d15f/apple-macbook-air-2026-13-6-m5-10-10-24gb-ram-1tb-dysk-macos-srebrny-funkcje-ai,187426721097_7.webp","{'Ekran': '13,6 "",  2560 x 1664 pikseli', 'Procesor': 'Apple M5', 'Pamięć': '24 GB  zunifikowana RAM', 'Grafika': 'Apple  M5 (10-rdzeni)', 'Dysk': '1 TB SSD', 'System operacyjny': 'macOS'}"
"Apple MacBook Neo 2026 13"" A18 Pro 8GB RAM 256GB Dysk SSD macOS Cytrusowożółty Funkcje AI",3 199.00 zł,"https://f00.esfr.pl/foto/6/187540838833/1ccf2711d7ecab972def768941b0110d/apple-laptop-mbn-13-a18p-6-5-8-256gb-citrus,187540838833_7.webp","{'Ekran': '13 "",  2408 x 1506 pikseli 60 Hz', 'Procesor': 'Apple A18 Pro', 'Pamięć': '8 GB  zunifikowana RAM', 'Grafika': 'Apple  A18 Pro (5-rdzeni)', 'Dysk': '256 GB SSD', 'System operacyjny': 'macOS'}"
"Laptop ASUS Vivobook 16 M1605NAQ-MB115W 16"" Ryzen 7 170 16GB RAM 512GB Dysk SSD Win11 Srebrny Funkcje AI",2 799.00 zł,"https://f00.esfr.pl/foto/9/185048827265/9de1c9b6d3f1a0429c3c9a31b5f730bf/asus-laptop-asus-vb-16-r7-16-512gb-w11,185048827265_7.webp","{'Ekran': '16 "",  1920 x 1200 pikseli 60 Hz', 'Procesor': 'AMD Ryzen™ 7 170', 'Pamięć': '16 GB  DDR5 RAM', 'Grafika': 'AMD  Radeon™ 680M', 'Dysk': '512 GB SSD', 'System operacyjny': 'Windows 11 Home Edition'}"
"Laptop ASUS ProArt PX13 HN7306EA-LX003X OLED 13,3"" Ryzen AI Max+ 388 32GB RAM 1TB Dysk SSD Win11Pro Czarny Funkcje AI",8 999.00 zł,"https://f00.esfr.pl/foto/9/184149488809/9d87a45536109d450acafdd19719ef12/asus-laptop-proart-px13-rai-32gb-1tb-w11p,184149488809_7.webp","{'Ekran': '13,3 "", ekran dotykowy 2880 x 1800 pikseli 60 Hz', 'Procesor': 'AMD Ryzen™ AI Max+ 388', 'Pamięć': '32 GB  LPDDR5X RAM', 'Grafika': 'AMD  Radeon™ 8060S', 'Dysk': '1 TB SSD', 'System operacyjny': 'Windows 11 Professional'}"
"Laptop ASUS Vivobook 14 X1407AA-LY011W 14"" Ultra 5 325 16GB RAM 512GB Dysk SSD Win11 Srebrny Funkcje AI",3 399.00 zł,"https://f00.esfr.pl/foto/8/191218209793/ce5aeaad470c6a56d4da6a7a4f776409/asus-laptop-asus-vb-14-u5-16-512-w11,191218209793_7.webp","{'Ekran': '14 "",  1920 x 1200 pikseli 60 Hz', 'Procesor': 'Intel® Core™ Ultra 5 Series 3 325', 'Pamięć': '16 GB  DDR5 RAM', 'Grafika': 'Intel®  Graphics', 'Dysk': '512 GB SSD', 'System operacyjny': 'Windows 11 Home Edition'}"
"Laptop gamingowy ASUS ROG Zephyrus G16 GU606AX-U9322X OLED 16"" 240Hz Ultra 9 386H 32GB RAM 2TB Dysk SSD RTX5090 Win11Pro Szary Funkcje AI",23 364.99 zł,"https://f00.esfr.pl/foto/2/191218303857/b14bd7755e4834f02a341a36aba14cc5/asus-laptop-asus-r-z-g16-u9-32-2-5090-w11p,191218303857_7.webp","{'Ekran': '16 "",  2560 x 1600 pikseli 240 Hz', 'Procesor': 'Intel® Core™ Ultra 9 Series 3 386H', 'Pamięć': '32 GB  LPDDR5x 8533 Mhz RAM', 'Grafika': 'NVIDIA® GeForce RTX™ 5090 + Intel Graphics', 'Dysk': '2 TB SSD', 'System operacyjny': 'Windows 11 Professional'}"
"Laptop HP OmniBook 7 17-dc0216nw 17,3"" Ultra 7 258V 32GB RAM 1TB Dysk SSD RTX4050 Win11 Srebrny Funkcje AI",5 999.00 zł,"https://f00.esfr.pl/foto/4/181421946257/be017bc3351dbcf4bfbe1b39ca0ef04c/hp-laptop-hp-ob7-17-3-u7-32-1-4050-w11,181421946257_7.webp","{'Ekran': '17,3 "", ekran dotykowy 1920 x 1080 pikseli', 'Procesor': 'Intel® Core™ Ultra 7 15gen 258V', 'Pamięć': '32 GB  LPDDR5x 8533 Mhz RAM', 'Grafika': 'NVIDIA® GeForce RTX 4050 + Intel  Arc 140V', 'Dysk': '1 TB SSD', 'System operacyjny': 'Windows 11 Home Edition'}"
"Laptop 2w1 HP OmniBook X Flip 14-fk0216nw OLED 14"" Ryzen AI 7 350 24GB RAM 1TB Dysk SSD Win11 Srebrny Funkcje AI",5 499.00 zł,"https://f00.esfr.pl/foto/8/172741850145/655bab7b8d6a95b4991e00e61d8dba98/hp-laptop-hp-ob-x-f-14-r7-ai-24-1tb-w11,172741850145_7.webp","{'Ekran': '14 "", ekran dotykowy 2880 x 1800 pikseli 120 Hz', 'Procesor': 'AMD Ryzen™ AI 7 350', 'Pamięć': '24 GB  LPDDR5x 7500 Mhz RAM', 'Grafika': 'AMD  Radeon™ 860M', 'Dysk': '1 TB SSD', 'System operacyjny': 'Windows 11 Home Edition'}"
"Laptop ASUS Zenbook A14 UX3407NA-QD174W OLED 14"" Snapdragon X2 Elite X2E-88-100 16GB RAM 512GB Dysk SSD Win11 Szary Funkcje AI",5 499.00 zł,"https://f00.esfr.pl/foto/8/191218273633/97667acbfd103860aad9ced6cbdcba75/asus-laptop-asus-zb-a14-sx2-16-512-w11,191218273633_7.webp","{'Ekran': '14 "",  1920 x 1200 pikseli 60 Hz', 'Procesor': 'Qualcomm® Snapdragon® X2 Elite X2E-88-100', 'Pamięć': '16 GB  LPDDR5X RAM', 'Grafika': 'Qualcomm®  Adreno™ Graphics', 'Dysk': '512 GB SSD', 'System operacyjny': 'Windows 11 Home Edition'}"
"Laptop gamingowy HP OMEN 16-am0027nw 16"" 240Hz Ultra 7 255H 32GB RAM 1TB Dysk SSD RTX5070 DLSS4 Win11 Czarny Funkcje AI",8 299.00 zł,"https://f00.esfr.pl/foto/3/184149157745/455919317d1e12943140b9df4b08e3c/hp-laptop-hp-om-16-u7-32-1tb-5070-w11,184149157745_7.webp","{'Ekran': '16 "",  2560 x 1600 pikseli 240 Hz', 'Procesor': 'Intel® Core™ Ultra 7 15gen 255H', 'Pamięć': '32 GB  DDR5 5600 Mhz RAM', 'Grafika': 'NVIDIA® GeForce RTX™ 5070 + Intel Arc 140T Graphics', 'Dysk': '1 TB SSD', 'System operacyjny': 'Windows 11 Home Edition'}"
Laptop gamingowy ASUS TUF Gaming A16 FA608UMI-R7165W 16'' 144Hz Ryzen 7 260 16GB RAM 512GB Dysk SSD RTX5060 DLSS4 Win11 Szary Funkcje AI,7 799.00 zł,"https://f00.esfr.pl/foto/2/193799642633/a02993766cc215435e2258a68b43388/asus-laptop-asus-tuf-16-r7-16-512-5060-w11,193799642633_7.webp","{'Ekran': '16 "",  1920 x 1200 pikseli 144 Hz', 'Procesor': 'AMD Ryzen™ 7 260', 'Pamięć': '16 GB  DDR5 5600 Mhz RAM', 'Grafika': 'NVIDIA® GeForce RTX 5060 + AMD Radeon™ 780M', 'Dysk': '512 GB SSD', 'System operacyjny': 'Windows 11 Home Edition'}"
"Laptop Dell 16 DC16251 16"" Core 7 150U 32GB RAM 1TB Dysk SSD Win11 Szary Funkcje AI",5 179.00 zł,"https://f00.esfr.pl/foto/5/175915134105/6c10367fbc2efdee05464b8ce419495c/dell-laptop-d16-c7-32gb-1tb-w11,175915134105_7.webp","{'Ekran': '16 "",  1920 x 1200 pikseli 60 Hz', 'Procesor': 'Intel® Core™ 7 14gen 150U', 'Pamięć': '32 GB  DDR5 5200 Mhz RAM', 'Grafika': 'Intel®  Graphics', 'Dysk': '1 TB SSD', 'System operacyjny': 'Windows 11 Home Edition'}"
"Apple MacBook Air 2026 15,3"" M5 10/10 16GB RAM 512GB Dysk macOS Północ Funkcje AI",6 999.00 zł,"https://f00.esfr.pl/foto/6/187426970121/47caa8a72ab06eeb39d1253e9c476b56/apple-macbook-air-2026-15-3-m5-10-10-16gb-ram-512gb-dysk-macos-polnoc-funkcje-ai,187426970121_7.webp","{'Ekran': '15,3"",  2880 x 1864 pikseli', 'Procesor': 'Apple M5', 'Pamięć': '16 GB  zunifikowana RAM', 'Grafika': 'Apple  M5 (10-rdzeni)', 'Dysk': '512 GB SSD', 'System operacyjny': 'macOS'}"
Laptop gamingowy ASUS TUF Gaming A18 FA808UH-S8013W 18'' 144Hz Ryzen 7 260 16GB RAM 512GB Dysk SSD RTX5050 DLSS4 Win11 Szary Funkcje AI,5 399.00 zł,"https://f00.esfr.pl/foto/5/172237469593/a4903865452a1b47fa25ebdcf1945bfa/asus-laptop-asus-tuf-a18-r7-64-512-5050-w11,172237469593_7.webp","{'Ekran': '18 "",  1920 x 1200 pikseli 144 Hz', 'Procesor': 'AMD Ryzen™ 7 260', 'Pamięć': '16 GB  DDR5 5600 Mhz RAM', 'Grafika': 'NVIDIA® GeForce RTX 5050 + AMD Radeon™ 780M', 'Dysk': '512 GB SSD', 'System operacyjny': 'Windows 11 Home Edition'}"
Laptop gamingowy HP OMEN Slim 16-an0011nw 16'' 144Hz Ultra 9 285H 32GB RAM 1TB Dysk SSD RTX5070 DLSS4 Win11 Czarny Funkcje AI,8 069.99 zł,"https://f00.esfr.pl/foto/6/181422056585/26b591a4ee198ce01b00e73e60a0978f/hp-laptop-hp-om-16-u9-32-1-5070-w11,181422056585_7.webp","{'Ekran': '16 "",  1920 x 1200 pikseli 144 Hz', 'Procesor': 'Intel® Core™ Ultra 9 15gen 285H', 'Pamięć': '32 GB  DDR5 5600 Mhz RAM', 'Grafika': 'NVIDIA® GeForce RTX™ 5070 + Intel Arc 140T', 'Dysk': '1 TB SSD', 'System operacyjny': 'Windows 11 Home Edition'}"
"Apple MacBook Air 2026 15,3"" M5 10/10 24GB RAM 1TB Dysk macOS Północ Funkcje AI",9 399.00 zł,"https://f00.esfr.pl/foto/6/187427083409/47caa8a72ab06eeb39d1253e9c476b56/apple-macbook-air-2026-15-3-m5-10-10-24gb-ram-1tb-dysk-macos-polnoc-funkcje-ai,187427083409_7.webp","{'Ekran': '15,3"",  2880 x 1864 pikseli', 'Procesor': 'Apple M5', 'Pamięć': '24 GB  zunifikowana RAM', 'Grafika': 'Apple  M5 (10-rdzeni)', 'Dysk': '1 TB SSD', 'System operacyjny': 'macOS'}"
"Laptop biznesowy Lenovo ThinkPad E14 Gen 7 14"" R7 250 16GB RAM 512GB Dysk SSD Win11 Pro Czarny Funkcje AI",5 659.00 zł,"https://f00.esfr.pl/foto/4/172660820001/b4cf0449c6a54e33bf817cc56ba81540/lenovo-laptop-len-7-250-16gb-512gb-14-w11p,172660820001_7.webp","{'Ekran': '14 "",  1920 x 1200 pikseli 60 Hz', 'Procesor': 'AMD Ryzen™ 7 250', 'Pamięć': '16 GB  DDR5 5600 Mhz RAM', 'Grafika': 'AMD  Radeon™ 780M Graphics', 'Dysk': '512 GB SSD', 'System operacyjny': 'Windows 11 Professional'}"
"Laptop biznesowy Lenovo ThinkPad E16 Gen 3 16"" R7 260 16GB RAM 512GB Dysk SSD Win11 Pro Czarny Funkcje AI",5 699.00 zł,"https://f00.esfr.pl/foto/2/172660207249/37fbea1dbece38924a7e29796edd7abf/lenovo-laptop-lenovo-7-250-16gb-512gb-16-w11p,172660207249_7.webp","{'Ekran': '16 "",  1920 x 1200 pikseli 60 Hz', 'Procesor': 'AMD Ryzen™ 7 250', 'Pamięć': '16 GB  DDR5 5600 Mhz RAM', 'Grafika': 'AMD  Radeon™ 780M', 'Dysk': '512 GB SSD', 'System operacyjny': 'Windows 11 Professional'}"
"Laptop gamingowy MSI Crosshair 17 HX AI D2XWGKG-006XPL 17"" 240Hz Ultra 9 275HX 16GB RAM 1TB Dysk SSD RTX5070 DLSS4 Szary Funkcje AI",8 399.00 zł,"https://f00.esfr.pl/foto/5/168752108905/d36b31970c6ecf45b56f19a0f1ba0b0f/msi-lap-msi-crosshair-17-u9-16-1tb-5070-nos,168752108905_7.webp","{'Ekran': '17 "",  2560 x 1600 pikseli 240 Hz', 'Procesor': 'Intel® Core™ Ultra 9 15gen 275HX', 'Pamięć': '16 GB  DDR5 5600 Mhz RAM', 'Grafika': 'NVIDIA® GeForce RTX™ 5070 + Intel Graphics', 'Dysk': '1 TB SSD', 'System operacyjny': 'bez systemu'}"
"Laptop gamingowy MSI Cyborg 15 A13VE-1067XPL 15,6""144Hz i7-13620H 16GB RAM 512GB Dysk SSD RTX4050 DLSS3 Czarny",3 799.00 zł,"https://f00.esfr.pl/foto/8/144972974377/9b1142b5fb1dbeba3739e0d322f02ae4/msi-laptop-cyborg-15-i7-16-512gb-4050-noos,144972974377_7.webp","{'Ekran': '15,6 "",  1920 x 1080 pikseli 144 Hz', 'Procesor': 'Intel® Core™ i7 13gen 13620H', 'Pamięć': '16 GB  DDR5 5200 Mhz RAM', 'Grafika': 'NVIDIA® GeForce RTX™ 4050 + Intel UHD Graphics', 'Dysk': '512 GB SSD', 'System operacyjny': 'bez systemu'}"
"Laptop gamingowy MSI Cyborg 15 B2RWFKG-038XPL 15,6"" 144Hz Core 7 240H 16GB RAM 512GB Dysk SSD RTX5060 DLSS4 Czarny Funkcje AI",4 299.00 zł,"https://f00.esfr.pl/foto/2/168751863209/4157fdb502498dda6b1fd1f96554259a/msi-lap-msi-cyborg-15-i7-16-512gb-5060-nos,168751863209_7.webp","{'Ekran': '15,6 "",  1920 x 1080 pikseli 144 Hz', 'Procesor': 'Intel® Core™ 7 15gen 240H', 'Pamięć': '16 GB  DDR5 RAM', 'Grafika': 'NVIDIA® GeForce RTX™ 5060 + Intel Graphics', 'Dysk': '512 GB SSD', 'System operacyjny': 'bez systemu'}"
"Laptop gamingowy MSI Vector 18 HX AI A2XWIG-691PL 18"" 240Hz Ultra 9 275HX 32GB RAM 2TB Dysk SSD RTX5080 DLSS4 Win11 Szary Funkcje AI",13 999.00 zł,"https://f00.esfr.pl/foto/6/168751810681/49ebd253f7e930679bde2d80084726eb/msi-laptop-msi-vector-18-u9-32-2tb-5080-w11,168751810681_7.webp","{'Ekran': '18 "",  2560 x 1600 pikseli 240 Hz', 'Procesor': 'Intel® Core™ Ultra 9 15gen 275HX', 'Pamięć': '32 GB  DDR5 6400 Mhz RAM', 'Grafika': 'NVIDIA® GeForce RTX™ 5080 + Intel Graphics', 'Dysk': '2 TB SSD', 'System operacyjny': 'Windows 11 Home Edition'}"
"Laptop ASUS Vivobook 16 M1607GA-MB003W 16"" Ryzen AI 7 445 16GB RAM 512GB Dysk SSD Win11 Srebrny Funkcje AI",3 099.00 zł,"https://f00.esfr.pl/foto/6/185048946305/f04eaf711252c055cff614b668518fa6/asus-laptop-as-03w-vb-16-r7ai-16-512gb-w11,185048946305_7.webp","{'Ekran': '16 "",  1920 x 1200 pikseli 60 Hz', 'Procesor': 'AMD Ryzen™ AI 7 745', 'Pamięć': '16 GB  DDR5 RAM', 'Grafika': 'AMD  Radeon™ 840M', 'Dysk': '512 GB SSD', 'System operacyjny': 'Windows 11 Home Edition'}"
"Laptop gamingowy MSI Cyborg 17 B13WGKG-203XPL 17,3"" 144Hz i7-13620H 16GB RAM 1TB Dysk SSD RTX5070 DLSS4 Czarny Funkcje AI",5 099.00 zł,"https://f00.esfr.pl/foto/3/176398143929/e885a9b7400cf5f8ac4fc164864208b4/msi-lap-msi-cyb-17-i7-16-1tb-5070-nos,176398143929_7.webp","{'Ekran': '17,3 "",  1920 x 1080 pikseli 144 Hz', 'Procesor': 'Intel® Core™ i7 13gen 13620H', 'Pamięć': '16 GB  DDR5 5200 Mhz RAM', 'Grafika': 'NVIDIA® GeForce RTX™ 5070 + Intel UHD Graphics', 'Dysk': '1 TB SSD', 'System operacyjny': 'bez systemu'}"
"Laptop biznesowy Lenovo ThinkPad E14 Gen 7 14"" R5 220 16GB RAM 512GB Dysk SSD Win11 Pro Czarny Funkcje AI",5 149.00 zł,"https://f00.esfr.pl/foto/4/183279783121/b4cf0449c6a54e33bf817cc56ba81540/lenovo-laptop-lenovo-r5220-16gb-512gb-14-w11p,183279783121_7.webp","{'Ekran': '14 "",  1920 x 1200 pikseli 60 Hz', 'Procesor': 'AMD Ryzen™ 5 220', 'Pamięć': '16 GB  DDR5 5600 Mhz RAM', 'Grafika': 'AMD  Radeon™ 740M Graphics', 'Dysk': '512 GB SSD', 'System operacyjny': 'Windows 11 Professional'}"
"Laptop ASUS Vivobook 17 X1704VA-AU1069W 17,3"" Core 5 120U 16GB RAM 512GB Dysk SSD Win11 Srebrny",3 199.00 zł,"https://f00.esfr.pl/foto/2/185049168129/b5a74b55252247f327f0ae4b9287493b/asus-laptop-as-vb-17-c5-16-512-w11-69w,185049168129_7.webp","{'Ekran': '17,3 "",  1920 x 1080 pikseli 60 Hz', 'Procesor': 'Intel® Core™ 5 14gen 120U', 'Pamięć': '16 GB  DDR5 RAM', 'Grafika': 'Intel®  Graphics', 'Dysk': '512 GB SSD', 'System operacyjny': 'Windows 11 Home Edition'}"
"Laptop Lenovo IdeaPad Slim 3 15IPH11 15,3"" Core Ultra 5 322 16GB RAM 512GB Dysk SSD Win11 Szary",2 999.00 zł,"https://f00.esfr.pl/foto/2/193015225689/db9485417893fed2dd392bd0d837c8d7/lenovo-laptop-lenovo-ip3-15-3-u5-16gb-512gb-w11,193015225689_7.webp","{'Ekran': '15,3"",  1920 x 1200 pikseli 60 Hz', 'Procesor': 'Intel® Core™ Ultra 5 Series 3 322', 'Pamięć': '16 GB  DDR5 5600 Mhz RAM', 'Grafika': 'Intel®  Graphics', 'Dysk': '512 GB SSD', 'System operacyjny': 'Windows 11 Home Edition'}"
"Apple MacBook Pro 2025 14,2"" M5 24GB RAM 1TB Dysk macOS Gwiezdna Czerń Funkcje AI",10 499.00 zł,"https://f00.esfr.pl/foto/1/176010093217/b1f9cb73bba61831b4c00181f45d1c01/apple-macbook-pro-2025-14-2-m5-16gb-ram-1tb-dysk-macos-gwiezdna-czern,176010093217_7.webp","{'Ekran': '14,2 "",  3024 x 1964 pikseli 120 Hz', 'Procesor': 'Apple M5', 'Pamięć': '24 GB  zunifikowana RAM', 'Grafika': 'Apple  M5 (10-rdzeni)', 'Dysk': '1 TB SSD', 'System operacyjny': 'macOS Spotlight lub nowszy'}"
"Laptop Acer Aspire 16 AI A16-61M OLED 16"" Ryzen AI 7 350 32GB RAM 1TB Dysk SSD Win11 Szary Funkcje AI",4 499.99 zł,"https://f00.esfr.pl/foto/6/189715885689/c20e630a2149ef233b35db8450df222f/acer-laptop-acer-a16-r7ai-32gb-1tb-w11,189715885689_7.webp","{'Ekran': '16 "",  1920 x 1200 pikseli 60 Hz', 'Procesor': 'AMD Ryzen™ AI 7 350', 'Pamięć': '32 GB  LPDDR5X RAM', 'Grafika': 'AMD  Radeon™ 860M', 'Dysk': '1 TB SSD', 'System operacyjny': 'Windows 11 Home Edition'}"
"Laptop Dell 16 Plus 1625-2914 16"" Ultra 7 256V 16GB RAM 512GB Dysk SSD Win11 Niebieski Funkcje AI",5 599.00 zł,"https://f00.esfr.pl/foto/4/160009469105/aa206b8fee6b9dba5d6089a0e13b15c5/dell-laptop-d16-u7-16gb-512gb-w11,160009469105_7.webp","{'Ekran': '16 "",  2560 x 1600 pikseli', 'Procesor': 'Intel® Core™ Ultra 7 15gen 256V', 'Pamięć': '16 GB  LPDDR5x 8533 Mhz RAM', 'Grafika': 'Intel®  Arc Graphics', 'Dysk': '512 GB SSD', 'System operacyjny': 'Windows 11 Home Edition'}"
"Laptop gamingowy Gigabyte Gaming A18 3WHK3EEC64SH 18"" 165Hz R7 260 32GB RAM 1TB Dysk SSD RTX5070 DLSS4 Win11 Czarny Funkcje AI",8 199.00 zł,"https://f00.esfr.pl/foto/8/173811932809/58f79d8e7c81a10dd5e8fb61e5e9bd76/gigabyte-laptop-giga-a18-r7-32gb-1tb-5070-w11,173811932809_7.webp","{'Ekran': '18 "",  2560 x 1600 pikseli 165 Hz', 'Procesor': 'AMD Ryzen™ 7 260', 'Pamięć': '32 GB  DDR5 5600 Mhz RAM', 'Grafika': 'NVIDIA® GeForce RTX 5070 + AMD Radeon™ 780M', 'Dysk': '1 TB SSD', 'System operacyjny': 'Windows 11 Home Edition'}"
"Laptop Lenovo ThinkPad T14 Gen 5 14"" R7 Pro 8840U 16GB RAM 512GB Dysk SSD Win11 Pro Czarny Funkcje AI",7 499.00 zł,"https://f00.esfr.pl/foto/3/150516247441/92b6ec9c9c09ec946b4d862729a235c1/lenovo-laptop-len-r7pro8840u-16gb-512gb-14-w11p,150516247441_7.webp","{'Ekran': '14 "",  1920 x 1200 pikseli 60 Hz', 'Procesor': 'AMD Ryzen™ 7 Pro 8840U', 'Pamięć': '16 GB  DDR5 5600 Mhz RAM', 'Grafika': 'AMD  Radeon™ 780M Graphics', 'Dysk': '512 GB SSD', 'System operacyjny': 'Windows 11 Professional'}"
"Laptop gamingowy Gigabyte Gaming A18 3VHK3EEC93SD 18"" 165Hz R7 260 16GB RAM 512GB Dysk SSD RTX5060 DLSS4 Czarny Funkcje AI",4 599.00 zł,"https://f00.esfr.pl/foto/3/173811860585/4ba17aa7aa545ee8ca40ffcfee37393d/gigabyte-laptop-giga-a18-r7-16gb-512gb-5060-dos,173811860585_7.webp","{'Ekran': '18 "",  2560 x 1600 pikseli 165 Hz', 'Procesor': 'AMD Ryzen™ 7 260', 'Pamięć': '16 GB  DDR5 5600 Mhz RAM', 'Grafika': 'NVIDIA® GeForce RTX 5060 + AMD Radeon™ 780M', 'Dysk': '512 GB SSD', 'System operacyjny': 'bez systemu'}"
"Laptop gamingowy Gigabyte Gaming A18 3WHK3EEC94SH 18"" 165Hz R7 260 16GB RAM 1TB Dysk SSD RTX5070 DLSS4 Win11 Czarny Funkcje AI",5 999.00 zł,"https://f00.esfr.pl/foto/4/173811843393/58f79d8e7c81a10dd5e8fb61e5e9bd76/gigabyte-laptop-giga-a18-r7-16gb-1tb-5070-w11,173811843393_7.webp","{'Ekran': '18 "",  2560 x 1600 pikseli 165 Hz', 'Procesor': 'AMD Ryzen™ 7 260', 'Pamięć': '16 GB  DDR5 5600 Mhz RAM', 'Grafika': 'NVIDIA® GeForce RTX 5070 + AMD Radeon™ 780M', 'Dysk': '1 TB SSD', 'System operacyjny': 'Windows 11 Home Edition'}"
"Laptop ASUS Zenbook S16 UM5606GA-SR323W OLED 16"" 120Hz Ryzen AI 7 445 16GB RAM 1TB Dysk SSD Win11 Szary Funkcje AI",8 199.00 zł,"https://f00.esfr.pl/foto/6/191218206905/b188c67c0c8559628ea107193eb2fbca/asus-laptop-asus-zb-s16-r7ai-16-1-w11,191218206905_7.webp","{'Ekran': '16 "", ekran dotykowy 2880 x 1800 pikseli 120 Hz', 'Procesor': 'AMD Ryzen™ AI 7 445', 'Pamięć': '16 GB  LPDDR5X RAM', 'Grafika': 'AMD  Radeon™ 840M', 'Dysk': '1 TB SSD', 'System operacyjny': 'Windows 11 Home Edition'}"
"Laptop ASUS Vivobook 16 X1607QA-MB055W 16"" Snapdragon X X1-26-100 16GB RAM 512GB Dysk SSD Win11 Srebrny Funkcje AI",3 499.00 zł,"https://f00.esfr.pl/foto/2/191218239233/d6ed1f40cb7a976772b45947619cfb38/asus-laptop-asus-vb-16-sx2-16-512-w11,191218239233_7.webp","{'Ekran': '16 "",  1920 x 1200 pikseli 60 Hz', 'Procesor': 'Qualcomm® Snapdragon® X X1-26-100', 'Pamięć': '16 GB  LPDDR5X RAM', 'Grafika': 'Qualcomm®  Adreno', 'Dysk': '512 GB SSD', 'System operacyjny': 'Windows 11 Home Edition'}"
"Laptop Dell 15 DC15250 15,6"" i5-1334U 16GB RAM 1TB Dysk SSD Win11 Srebrny",3 199.00 zł,"https://f00.esfr.pl/foto/7/185209843257/a67dd13b740249cb614b739713182686/dell-laptop-dell-d15-i5-16gb-1tb-w11_1,185209843257_7.webp","{'Ekran': '15,6 "",  1920 x 1080 pikseli 120 Hz', 'Procesor': 'Intel® Core™ i5 13gen 1334U', 'Pamięć': '16 GB  DDR4 3200 MHz RAM', 'Grafika': 'Intel®  Iris Xe Graphics (działający jako Intel® UHD Graphics)', 'Dysk': '1 TB SSD', 'System operacyjny': 'Windows 11 Home Edition'}"
"Laptop Acer Swift X 14 AI SFX14-61G OLED 14,5"" Ryzen AI 7 350 32GB RAM 1TB Dysk SSD RTX5060 DLSS4 Win11 Szary Funkcje AI",7 784.99 zł,"https://f00.esfr.pl/foto/9/185282769969/cb3f02c5a5a02cbb7df4ff373dae7fdb/acer-laptop-acer-sfx14-r7ai-32gb1tb5060-w11-t,185282769969_7.webp","{'Ekran': '14,5 "", ekran dotykowy 2880 x 1800 pikseli 120 Hz', 'Procesor': 'AMD Ryzen™ AI 7 350', 'Pamięć': '32 GB  LPDDR5X RAM', 'Grafika': 'NVIDIA® GeForce RTX 5060 + AMD Radeon™ 860M', 'Dysk': '1 TB SSD', 'System operacyjny': 'Windows 11 Home Edition'}"
Laptop gamingowy HP OMEN MAX 16-ah0216nw OLED 16'' 240Hz Ultra 9 275HX 64GB RAM 1TB Dysk SSD RTX5090 DLSS4 Win11 Czarny Funkcje AI,16 999.00 zł,"https://f00.esfr.pl/foto/2/193704555305/f065e12c9364cef26ffffc9a5f29d2e6/hp-laptop-hp-om-16-u9-64-1-5090-w11,193704555305_7.webp","{'Ekran': '16 "",  2560 x 1600 pikseli 240 Hz', 'Procesor': 'Intel® Core™ Ultra 9 15gen 275HX', 'Pamięć': '64 GB  DDR5 5600 Mhz RAM', 'Grafika': 'NVIDIA® GeForce RTX™ 5090 + Intel Graphics', 'Dysk': '1 TB SSD', 'System operacyjny': 'Windows 11 Home Edition'}"
"Laptop biznesowy Lenovo V14 G5 IRL 14"" i5-13420H 16GB RAM 512GB Dysk SSD Win11 Pro Czarny",2 989.99 zł,"https://f00.esfr.pl/foto/4/181421811233/6970d7e6550ea94d0f0a726ef7c20a89/lenovo-laptop-v14-14-i5-16gb-512gb-w11,181421811233_7.webp","{'Ekran': '14 "",  1920 x 1080 pikseli 60 Hz', 'Procesor': 'Intel® Core™ i5 13gen 13420H', 'Pamięć': '16 GB  DDR5 5200 Mhz RAM', 'Grafika': 'Intel®  UHD Graphics', 'Dysk': '512 GB SSD', 'System operacyjny': 'Windows 11 Professional'}"
Laptop ASUS Zenbook 14 OLED UX3405CA-SU864X 14'' 120Hz Ultra 9 285H 32GB RAM 1TB Dysk SSD Win11 Pro Niebieski Funkcje AI,9 599.00 zł,"https://f00.esfr.pl/foto/5/185049101705/27e8a6e547082520872ad7aa63d1e057/asus-laptop-asus-zb-14-u9-32-1tb-w11p,185049101705_7.webp","{'Ekran': '14 "", ekran dotykowy 2880 x 1800 pikseli 120 Hz', 'Procesor': 'Intel® Core™ Ultra 9 15gen 285H', 'Pamięć': '32 GB  LPDDR5X RAM', 'Grafika': 'Intel®   Arc™ 140T', 'Dysk': '1 TB SSD', 'System operacyjny': 'Windows 11 Professional'}"
"Laptop gamingowy HP OMEN 16-ap0218nw 16"" 240Hz Ryzen AI 7 350 32GB RAM 1TB Dysk SSD RTX5070 DLSS4 Win11 Czarny Funkcje AI",7 999.00 zł,"https://f00.esfr.pl/foto/5/184148974985/bfd7ab7bc2a21467e6c70f7770cd869/hp-laptop-hp-om-16-r7ai-32-1tb-5070-w11,184148974985_7.webp","{'Ekran': '16 "",  2560 x 1600 pikseli 240 Hz', 'Procesor': 'AMD Ryzen™ AI 7 350', 'Pamięć': '32 GB  DDR5 5600 Mhz RAM', 'Grafika': 'NVIDIA® GeForce RTX™ 5070 + AMD Radeon™ 860M', 'Dysk': '1 TB SSD', 'System operacyjny': 'Windows 11 Home Edition'}"
"Laptop Acer Aspire 16 AI A16-52M OLED 16"" Ultra 5 226V 16GB RAM 1TB Dysk SSD Win11 Szary Funkcje AI",3 779.99 zł,"https://f00.esfr.pl/foto/8/189715912281/bc1b366453b02659eac10d3b528906db/acer-laptop-acer-a16-cu5-16gb-1tb-w11,189715912281_7.webp","{'Ekran': '16 "",  1920 x 1200 pikseli 60 Hz', 'Procesor': 'Intel® Core™ Ultra 5 15gen 226V', 'Pamięć': '16 GB  LPDDR5X RAM', 'Grafika': 'Intel®  Arc™ Graphics 130V', 'Dysk': '1 TB SSD', 'System operacyjny': 'Windows 11 Home Edition'}"
"Laptop gamingowy HP OMEN 16-am0015nw 16"" 144Hz i7-14650HX 16GB RAM 1TB Dysk SSD RTX5060 DLSS4 Win11 Czarny",6 299.00 zł,"https://f00.esfr.pl/foto/5/176320515033/885470fd84b43bbe36d8fd5f1a2a8c99/hp-laptop-hp-om-16-i7-16-1tb-5060-w11,176320515033_7.webp","{'Ekran': '16 "",  1920 x 1080 pikseli 144 Hz', 'Procesor': 'Intel® Core™ i7 14gen 14650HX', 'Pamięć': '16 GB  DDR5 5600 Mhz RAM', 'Grafika': 'NVIDIA® GeForce RTX™ 5060 + Intel UHD Graphics', 'Dysk': '512 GB SSD', 'System operacyjny': 'Windows 11 Home Edition'}"
"Laptop HP OmniBook 5 16-ag1025nw OLED 16"" Ryzen AI 7 350 32GB RAM 1TB Dysk SSD Win11 Srebrny Funkcje AI",4 849.00 zł,"https://f00.esfr.pl/foto/7/184148888649/122e7b944ff4f01cb180a47ab33f9d66/hp-laptop-hp-ob-5-r7ai-16-32-1tb-w11,184148888649_7.webp","{'Ekran': '16 "",  1920 x 1200 pikseli', 'Procesor': 'AMD Ryzen™ AI 7 350', 'Pamięć': '32 GB  LPDDR5x 7500 Mhz RAM', 'Grafika': 'AMD  Radeon™ 860M', 'Dysk': '1 TB SSD', 'System operacyjny': 'Windows 11 Home Edition'}"
"Apple MacBook Air 2025 15,3"" M4 24GB RAM 512GB Dysk macOS Błękitny Funkcje AI",6 999.00 zł,"https://f00.esfr.pl/foto/6/159937901049/1cydbuzrz2ogz/apple-laptop-mba-15-m4-10-10-24gb-512gb-sb,159937901049_7.webp","{'Ekran': '15,3"",  2880 x 1864 pikseli', 'Procesor': 'Apple M4', 'Pamięć': '24 GB  zunifikowana RAM', 'Grafika': 'Apple  M4 (10-rdzeni)', 'Dysk': '512 GB SSD', 'System operacyjny': 'macOS Sequoia lub nowszy'}"
"Laptop ASUS Vivobook 16 M1605NAQ-SH119W OLED 16"" Ryzen 5 150 16GB RAM 512GB Dysk SSD Win11 Srebrny Funkcje AI",2 799.00 zł,"https://f00.esfr.pl/foto/2/185049044361/9de1c9b6d3f1a0429c3c9a31b5f730bf/asus-laptop-as-sh119w-vb-16-r5-16-512-w11,185049044361_7.webp","{'Ekran': '16 "",  1920 x 1200 pikseli 60 Hz', 'Procesor': 'AMD Ryzen™ 5 150', 'Pamięć': '16 GB  DDR5 RAM', 'Grafika': 'AMD  Radeon™ 660M', 'Dysk': '512 GB SSD', 'System operacyjny': 'Windows 11 Home Edition'}"
"Laptop ASUS Vivobook S14 M3407GA-SF013W OLED 14"" Ryzen AI 7 445 16GB RAM 512GB Dysk SSD Win11 Srebrny Funkcje AI",3 799.00 zł,"https://f00.esfr.pl/foto/6/191218229729/317456da78e81d431a8da2e1b85ec2ac/asus-laptop-asus-vb-s14-r7ai-16-512-w11_1,191218229729_7.webp","{'Ekran': '14 "",  1920 x 1200 pikseli 60 Hz', 'Procesor': 'AMD Ryzen™ AI 7 445', 'Pamięć': '16 GB  DDR5 RAM', 'Grafika': 'AMD  Radeon™ 840M', 'Dysk': '512 GB SSD', 'System operacyjny': 'Windows 11 Home Edition'}"
"Laptop gamingowy MSI Crosshair 18 HX AI A2XWGXKG-078PL 18"" 240Hz Ultra 9 275HX 32GB RAM 1TB Dysk SSD RTX5070 DLSS4 Win11 Czarny AI",10 999.00 zł,"https://f00.esfr.pl/foto/1/192277927057/d0e77bc760149836f5b8d5ac03dc2626/msi-laptop-msi-cros-18-u9-32-1-5070-w11,192277927057_7.webp","{'Ekran': '18 "",  2560 x 1600 pikseli 240 Hz', 'Procesor': 'Intel® Core™ Ultra 9 Series 2 275HX', 'Pamięć': '32 GB  DDR5 6400 Mhz RAM', 'Grafika': 'NVIDIA® GeForce RTX™ 5070 + Intel Graphics', 'Dysk': '1 TB SSD', 'System operacyjny': 'Windows 10 Home Edition'}"
"Laptop gamingowy Acer Nitro 16S AI AN16S-61 16"" 180Hz Ryzen AI 9 365 32GB RAM 1TB Dysk SSD RTX5060 DLSS4 Czarny Funkcje AI",6 799.00 zł,"https://f00.esfr.pl/foto/2/176109366361/1cd5e6294e399629454455a777e8b09a/acer-laptop-nitro-16-r9ai-32gb-1tb-5060-nos,176109366361_7.webp","{'Ekran': '16 "",  2560 x 1600 pikseli 180 Hz', 'Procesor': 'AMD Ryzen™ AI 9 365', 'Pamięć': '32 GB  DDR5 5600 Mhz RAM', 'Grafika': 'NVIDIA® GeForce RTX™ 5060 + AMD Radeon™ 880M', 'Dysk': '1 TB SSD', 'System operacyjny': 'bez systemu'}"
"Apple MacBook Pro 2024 16,2"" M4 Max 36GB RAM 1TB Dysk macOS Srebrny Funkcje AI",15 999.00 zł,"https://f00.esfr.pl/foto/1/152647162433/4122ba7709286462ba76adb39b127891/apple-laptop-mbp-16-m4m-14-32-36gb-1tb-silver,152647162433_7.webp","{'Ekran': '16,2 "",  3456 x 2234 pikseli 120 Hz', 'Procesor': 'Apple M4 Max', 'Pamięć': '36 GB  zunifikowana RAM', 'Grafika': 'Apple  M4 Max (32-rdzenie)', 'Dysk': '1 TB SSD', 'System operacyjny': 'macOS Sequoia lub nowszy'}"
"Laptop HP OmniBook 5 16-af1219nw OLED 16"" Ultra 5 225U 16GB RAM 512GB Dysk SSD Win11 Srebrny Funkcje AI",3 419.99 zł,"https://f00.esfr.pl/foto/5/181421603569/5fa5d98fb4f50512b43fc3029149813f/hp-laptop-hp-ob5-ai16-u5-16-512-w11,181421603569_7.webp","{'Ekran': '16 "",  1920 x 1200 pikseli', 'Procesor': 'Intel® Core™ Ultra 5 15gen 225U', 'Pamięć': '16 GB  LPDDR5x 7500 Mhz RAM', 'Grafika': 'Intel®  Graphics', 'Dysk': '512 GB SSD', 'System operacyjny': 'Windows 11 Home Edition'}"
Laptop biznesowy ASUS ExpertBook B9 OLED B9403CVAR-KM0897X 14'' Core 5 120U 16GB RAM 1TB Dysk SSD Win11 Pro Czarny Funkcje AI,4 799.00 zł,"https://f00.esfr.pl/foto/2/152465894985/2dc2787e6bb60614a98c608162ccf4ea/asus-laptop-asus-14-u5-16gb-1tb-w11p,152465894985_7.webp","{'Ekran': '14 "",  2880 x 1800 pikseli 90 Hz', 'Procesor': 'Intel® Core™ 5 120U', 'Pamięć': '16 GB  LPDDR5X RAM', 'Grafika': 'Intel®  Graphics', 'Dysk': '1 TB SSD', 'System operacyjny': 'Windows 11 Professional'}"
"Laptop gamingowy Acer Nitro 18 AI AN18-61 18"" 165Hz Ryzen AI 7 350 32GB RAM 1TB Dysk SSD RTX5060 DLSS4 Win11 Pro Czarny Funkcje AI",8 069.99 zł,"https://f00.esfr.pl/foto/3/180303156313/baa173bf28303f4ae82ce0a35d39b1e2/acer-laptop-nitro-18-r7ai-32gb-1tb-5060-w11p,180303156313_7.webp","{'Ekran': '18 "",  2560 x 1600 pikseli 165 Hz', 'Procesor': 'AMD Ryzen™ AI 7 350', 'Pamięć': '32 GB  DDR5 5600 Mhz RAM', 'Grafika': 'NVIDIA® GeForce RTX™ 5060 + AMD Radeon™ 860M', 'Dysk': '1 TB SSD', 'System operacyjny': 'Windows 11 Professional'}"
"Laptop gamingowy Gigabyte Gaming A16 Pro 16"" 165Hz Core 7 240H 32GB RAM 1TB Dysk SSD RTX5080 DLSS4 Czarny Funkcje AI",9 499.00 zł,"https://f00.esfr.pl/foto/6/173811694729/3429f3d324ba6921d16666d51042f027/gigabyte-laptop-giga-a16p-i7-32gb-1tb-5080-dos,173811694729_7.webp","{'Ekran': '16 "",  2560 x 1600 pikseli 165 Hz', 'Procesor': 'Intel® Core™ 7 15gen 240H', 'Pamięć': '32 GB  LPDDR5x 5600 Mhz RAM', 'Grafika': 'NVIDIA® GeForce RTX 5080 + Intel Graphics', 'Dysk': '1 TB SSD', 'System operacyjny': 'bez systemu'}"
"Laptop Acer Aspire 16 AI A16-52M OLED 16"" Ultra 9 288V 32GB RAM 1TB Dysk SSD Win11 Szary Funkcje AI",5 219.99 zł,"https://f00.esfr.pl/foto/6/189715924081/bc1b366453b02659eac10d3b528906db/acer-laptop-acer-a16-cu9-32gb-1tb-w11,189715924081_7.webp","{'Ekran': '16 "",  1920 x 1200 pikseli 60 Hz', 'Procesor': 'Intel® Core™ Ultra 9 15gen 288V', 'Pamięć': '32 GB  LPDDR5X RAM', 'Grafika': 'Intel®  Arc™ Graphics 140V', 'Dysk': '1 TB SSD', 'System operacyjny': 'Windows 11 Home Edition'}"
"Laptop ASUS Vivobook 16 X1607AA-MB017W 16"" Ultra 5 325 32GB RAM 1TB Dysk SSD Win11 Niebieski Funkcje AI",5 499.00 zł,"https://f00.esfr.pl/foto/6/185048963265/b75067b8d1f8ec6a760e421f389d10ed/asus-laptop-as-vb-16-u5-32-1tb-w11,185048963265_7.webp","{'Ekran': '16 "",  1920 x 1200 pikseli 60 Hz', 'Procesor': 'Intel® Core™ Ultra 5 Series 3 325', 'Pamięć': '32 GB  DDR5 RAM', 'Grafika': 'Intel®  Graphics', 'Dysk': '1 TB SSD', 'System operacyjny': 'Windows 11 Home Edition'}"
"Laptop 2w1 HP OmniBook X Flip AI 16-ar0016nw OLED 16"" Ryzen AI 5 340 16GB RAM 1TB Dysk SSD Win11 Srebrny Funkcje AI",4 799.00 zł,"https://f00.esfr.pl/foto/5/184149098057/aa1efebbe132d0572443876cd9033395/hp-laptop-hp-ob-x-flip-r5ai-16-16-1tb-w11,184149098057_7.webp","{'Ekran': '16 "", ekran dotykowy 1920 x 1200 pikseli', 'Procesor': 'AMD Ryzen™ AI 5 340', 'Pamięć': '16 GB  LPDDR5x 7500 Mhz RAM', 'Grafika': 'AMD  Radeon™ 840M', 'Dysk': '1 TB SSD', 'System operacyjny': 'Windows 11 Home Edition'}"
"Laptop gamingowy Acer Nitro 16 AI AN16-61 16"" 180Hz Ryzen AI 7 350 16GB RAM 1TB Dysk SSD RTX5070Ti DLSS4 Czarny Funkcje AI",7 299.00 zł,"https://f00.esfr.pl/foto/6/176109542049/cc292b4a03dee3680a12e42f5446688d/acer-laptop-nitro-16-r7ai-16gb-1tb-5070ti-nos,176109542049_7.webp","{'Ekran': '16 "",  2560 x 1600 pikseli 180 Hz', 'Procesor': 'AMD Ryzen™ AI 7 350', 'Pamięć': '16 GB  DDR5 5600 Mhz RAM', 'Grafika': 'NVIDIA® GeForce RTX™ 5070 Ti + AMD Radeon™ 860M', 'Dysk': '1 TB SSD', 'System operacyjny': 'bez systemu'}"
"Laptop gamingowy Gigabyte AORUS MASTER 16 BYH OLED 16"" 240Hz Ultra 9 275HX 32GB RAM 1TB Dysk SSD RTX5080 DLSS4 Win11 Pro Czarny AI",13 999.00 zł,"https://f00.esfr.pl/foto/1/160771648601/136722fce0e1c37f1e9a5abc0e63e1cb/gigabyte-laptop-aorus-m-u9-16-32gb-1tb-5080-w11,160771648601_7.webp","{'Ekran': '16 "",  2560 x 1600 pikseli 240 Hz', 'Procesor': 'Intel® Core™ Ultra 9 15gen 275HX', 'Pamięć': '32 GB  DDR5 5600 Mhz RAM', 'Grafika': 'NVIDIA® GeForce RTX 5080 + Intel Graphics', 'Dysk': '1 TB SSD', 'System operacyjny': 'Windows 11 Professional'}"
"Laptop 2w1 HP OmniBook 5 Flip 14-fp0004nw 14"" Core 5 120U 16GB RAM 512GB Dysk SSD Win11 Niebieski",3 649.00 zł,"https://f00.esfr.pl/foto/2/193704552417/cd1e5aa10ef0a81860f3eb976471e497/hp-laptop-hp-ob-5-f-14-c5-16-512-w11,193704552417_7.webp","{'Ekran': '14 "", ekran dotykowy 1920 x 1200 pikseli', 'Procesor': 'Intel® Core™ 5 14gen 120U', 'Pamięć': '16 GB  LPDDR5 5200 Mhz RAM', 'Grafika': 'Intel®  Graphics', 'Dysk': '512 GB SSD', 'System operacyjny': 'Windows 11 Home Edition'}"
"Laptop gamingowy MSI Crosshair 17 HX AI D2XWFKG-008XPL 17"" 240Hz Ultra 7 255HX 16GB RAM 1TB Dysk SSD RTX5060 DLSS4 Szary Funkcje AI",5 999.00 zł,"https://f00.esfr.pl/foto/6/168751993633/d36b31970c6ecf45b56f19a0f1ba0b0f/msi-lap-msi-crosshair-17-u7-16-1tb-5060-nos,168751993633_7.webp","{'Ekran': '17 "",  2560 x 1600 pikseli 240 Hz', 'Procesor': 'Intel® Core™ Ultra 7 15gen 255HX', 'Pamięć': '16 GB  DDR5 5600 Mhz RAM', 'Grafika': 'NVIDIA® GeForce RTX™ 5060 + Intel Graphics', 'Dysk': '1 TB SSD', 'System operacyjny': 'bez systemu'}"
"Laptop gamingowy ASUS ROG Strix G18 G815LW-SA303W 18"" 240Hz Ultra 9 290HX Plus 32GB RAM 2TB Dysk SSD RTX5080 DLSS4 Win11 Szary Funkcje AI",16 999.00 zł,"https://f00.esfr.pl/foto/7/191218270809/8956d88f2623b10c76639eae665761f4/asus-laptop-asus-r-s-g18-u9-32-2-5080-w11,191218270809_7.webp","{'Ekran': '18 "",  2560 x 1600 pikseli 240 Hz', 'Procesor': 'Intel® Core™ Ultra 9 15gen 290HX Plus', 'Pamięć': '32 GB  DDR5 5600 Mhz RAM', 'Grafika': 'NVIDIA® Geforce RTX™ 5080 + Intel Graphics', 'Dysk': '2 TB SSD', 'System operacyjny': 'Windows 11 Home Edition'}"
"Laptop ASUS Vivobook 16 X1607AA-MB009W 16"" Ultra 5 325 16GB RAM 512GB Dysk SSD Win11 Niebieski Funkcje AI",3 499.00 zł,"https://f00.esfr.pl/foto/7/191218309545/b75067b8d1f8ec6a760e421f389d10ed/asus-laptop-asus-vb-16-u5-16-512-w11_1,191218309545_7.webp","{'Ekran': '16 "",  1920 x 1200 pikseli 60 Hz', 'Procesor': 'Intel® Core™ Ultra 5 Series 3 325', 'Pamięć': '16 GB  DDR5 RAM', 'Grafika': 'Intel®  Graphics', 'Dysk': '512 GB SSD', 'System operacyjny': 'Windows 11 Home Edition'}"
"Laptop gamingowy HP Victus 15-fa2036nw 15,6"" 144Hz i7-13620H 16GB RAM 1TB Dysk SSD RTX5060 DLSS4 Win11 Czarno-srebrny",4 699.00 zł,"https://f00.esfr.pl/foto/5/186932885953/1751c2da2af67165d3fe6e1957b94f11/hp-laptop-hp-vic-16-i7-16-1tb-5060-w11,186932885953_7.webp","{'Ekran': '15,6 "",  1920 x 1080 pikseli 144 Hz', 'Procesor': 'Intel® Core™ i7 13gen 13620H', 'Pamięć': '16 GB  DDR5 5200 Mhz RAM', 'Grafika': 'NVIDIA® GeForce RTX™ 5060 + Intel UHD Graphics', 'Dysk': '1 TB SSD', 'System operacyjny': 'Windows 11 Home Edition'}"
"Laptop gamingowy MSI Cyborg 17 B2RWFKG-066XPL 17,3"" 144Hz Core 7 240H 16GB RAM 512GB Dysk SSD RTX5060 DLSS4 Czarny Funkcje AI",4 549.00 zł,"https://f00.esfr.pl/foto/6/174092023593/ea37fad306a9542796fcb8bc96b6bdb8/msi-laptop-msi-cyb-17-i7-16-512gb-5060-nos,174092023593_7.webp","{'Ekran': '17,3 "",  1920 x 1080 pikseli 144 Hz', 'Procesor': 'Intel® Core™ 7 15gen 240H', 'Pamięć': '16 GB  DDR5 RAM', 'Grafika': 'NVIDIA® GeForce RTX™ 5060 + Intel Graphics', 'Dysk': '512 GB SSD', 'System operacyjny': 'bez systemu'}"
"Apple MacBook Air 2026 15,3"" M5 10/10 16GB RAM 512GB Dysk macOS Księzycowa Poświata Funkcje AI",6 999.00 zł,"https://f00.esfr.pl/foto/3/187426736233/c39191a63b8a673edd66e0e1be820f68/apple-macbook-air-2026-15-3-m5-10-10-16gb-ram-512gb-dysk-macos-ksiezycowa-poswiata-funkcje-ai,187426736233_7.webp","{'Ekran': '15,3"",  2880 x 1864 pikseli', 'Procesor': 'Apple M5', 'Pamięć': '16 GB  zunifikowana RAM', 'Grafika': 'Apple  M5 (10-rdzeni)', 'Dysk': '512 GB SSD', 'System operacyjny': 'macOS'}"
"Laptop ASUS Vivobook 15 M1502NAQ-BQ037W 15,6"" Ryzen 7 170 16GB RAM 512GB Dysk SSD Win11 Srebrny Funkcje AI",2 599.00 zł,"https://f00.esfr.pl/foto/5/185049240249/cec1479046914635583270985abe349f/asus-laptop-asus-vb-15-r7-16-512-w11,185049240249_7.webp","{'Ekran': '15,6 "",  1920 x 1080 pikseli 60 Hz', 'Procesor': 'AMD Ryzen™ 7 170', 'Pamięć': '16 GB  DDR5 RAM', 'Grafika': 'AMD  Radeon™ 680M', 'Dysk': '512 GB SSD', 'System operacyjny': 'Windows 11 Home Edition'}"
"Apple MacBook Pro 2026 14,2"" M5 Pro 18/20 24GB RAM 2TB Dysk macOS Gwiezdna Czerń Funkcje AI",13 999.00 zł,"https://f00.esfr.pl/foto/1/187428135401/b3ad39e784948f3d41471d6369ba59ab/apple-macbook-pro-2026-14-2-m5-pro-18-20-24gb-ram-2tb-dysk-macos-gwiezdna-czern-funkcje-ai,187428135401_7.webp","{'Ekran': '14,2 "",  3024 x 1964 pikseli 120 Hz', 'Procesor': 'Apple M5 Pro', 'Pamięć': '24 GB  zunifikowana RAM', 'Grafika': 'Apple  M5 Pro (20-rdzeni)', 'Dysk': '2 TB SSD', 'System operacyjny': 'macOS'}"
"Laptop biznesowy Lenovo V15 G4 AMN 15,6"" R5 7520U 16GB RAM 512GB Dysk SSD Win11 Pro Czarny",2 699.00 zł,"https://f00.esfr.pl/foto/5/174092071065/15d60ae51cd08b1170de144f9efd9112/lenovo-laptop-yoga-6-14-i5-16gb-512gb-w11_1,174092071065_7.webp","{'Ekran': '15,6 "",  1920 x 1080 pikseli 60 Hz', 'Procesor': 'AMD Ryzen™ 5 7520U', 'Pamięć': '16 GB  LPDDR5 5500 Mhz RAM', 'Grafika': 'AMD  Radeon™ 610M Graphics', 'Dysk': '512 GB SSD', 'System operacyjny': 'Windows 11 Professional'}"
"Laptop ASUS Vivobook S16 S3607VA-RP097W 16"" 144Hz Core 5 210H 16GB RAM 512GB Dysk SSD Win11 Srebrny Funkcje AI",2 749.00 zł,"https://f00.esfr.pl/foto/8/185049140409/9d0fde2353210aff7155c534439006a9/asus-laptop-asus-vb-s16-c5-16-512gb-w11_1,185049140409_7.webp","{'Ekran': '16 "",  1920 x 1200 pikseli 144 Hz', 'Procesor': 'Intel® Core™ 5 15gen 210H', 'Pamięć': '16 GB  DDR5 RAM', 'Grafika': 'Intel®  Graphics', 'Dysk': '512 GB SSD', 'System operacyjny': 'Windows 11 Home Edition'}"
"Laptop Acer Aspire Go 16 AG16-71P 16"" Core 5 120U 16GB RAM 1TB Dysk SSD Win11 Srebrny Funkcje AI",2 899.00 zł,"https://f00.esfr.pl/foto/3/185282894881/64af4a05a1288209fbece98f77015725/acer-laptop-acer-ag16-c5-16gb-1tb-w11,185282894881_7.webp","{'Ekran': '16 "",  1920 x 1200 pikseli 60 Hz', 'Procesor': 'Intel® Core™ 5 14gen 120U', 'Pamięć': '16 GB  DDR5 RAM', 'Grafika': 'Intel®  Graphics', 'Dysk': '1 TB SSD', 'System operacyjny': 'Windows 11 Home Edition'}"
"Laptop biznesowy ASUS ExpertBook PM3 PM3406CKA-LY0285X 14"" Ryzen AI 5 330 16GB RAM 512GB Dysk SSD Win11 Pro Szary Funkcje AI",3 649.00 zł,"https://f00.esfr.pl/foto/2/188482137009/50417d299ac1c7cbbc437e94d33a90c8/asus-laptop-asus-eb-14-ai-r5-16-512-w11p,188482137009_7.webp","{'Ekran': '14 "",  1920 x 1200 pikseli 60 Hz', 'Procesor': 'AMD Ryzen™ AI 5 330', 'Pamięć': '16 GB  DDR5 RAM', 'Grafika': 'AMD  Radeon™ 820M', 'Dysk': '512 GB SSD', 'System operacyjny': 'Windows 11 Professional'}"
"Laptop ASUS Vivobook 14 Flip TP3407SA-SG146W OLED 14"" Ultra 5 226V 16GB RAM 512GB Dysk SSD Win11 Szary Funkcje AI",4 149.00 zł,"https://f00.esfr.pl/foto/1/185048492249/2f4d151b94923805305ffded8029b039/asus-laptop-as-vb-f14-u5-16-512gb-w11,185048492249_7.webp","{'Ekran': '14 "", ekran dotykowy 1920 x 1200 pikseli 60 Hz', 'Procesor': 'Intel® Core™ Ultra 5 15gen 226V', 'Pamięć': '16 GB  LPDDR5X RAM', 'Grafika': 'Intel®  Arc Graphics 130V', 'Dysk': '512 GB SSD', 'System operacyjny': 'Windows 11 Home Edition'}"
"Laptop gamingowy MSI Katana 15 HX B14WGK-821XPL 15,6"" 144Hz i7-14650HX 16GB RAM 1TB Dysk SSD RTX5070 DLSS4 Czarny",5 549.00 zł,"https://f00.esfr.pl/foto/1/190295123913/43674c9d523679cf7655be1bdbb265b3/msi-laptop-msi-katana-15-i7-16-1-5070,190295123913_7.webp","{'Ekran': '15,6 "",  1920 x 1080 pikseli 144 Hz', 'Procesor': 'Intel® Core™ i7 14gen 14650HX', 'Pamięć': '16 GB  DDR5 5600 Mhz RAM', 'Grafika': 'NVIDIA® GeForce RTX™ 5070 + Intel UHD Graphics', 'Dysk': '1 TB SSD', 'System operacyjny': 'bez systemu'}"
"Laptop ASUS Zenbook Duo UX8407AA-SN129X OLED 14"" 144Hz Ultra 7 355 32GB RAM 1TB Dysk SSD Win11 Pro Szary Funkcje AI",12 999.00 zł,"https://f00.esfr.pl/foto/4/184149420817/610d03628a70de00ac85aea580b411ee/asus-laptop-asus-zb-duo-14-u7-32-1tb-w11p,184149420817_7.webp","{'Ekran': '14 "", ekran dotykowy 2880 x 1800 pikseli 144 Hz', 'Procesor': 'Intel® Core™ Ultra 7 Series 3 355', 'Pamięć': '32 GB  LPDDR5X RAM', 'Grafika': 'Intel®  Graphics', 'Dysk': '1 TB SSD', 'System operacyjny': 'Windows 11 Professional'}"
"Laptop ASUS Vivobook S16 S3607NA-PL013W 16"" 144Hz Snapdragon X2 Elite X2E88100 16GB RAM 512GB Dysk SSD Win11 Niebieski AI",4 499.00 zł,"https://f00.esfr.pl/foto/2/187305395777/b2056a1f68553830059a8c3fde24029c/asus-laptop-asus-vb-s16-x2-16-512-w11,187305395777_7.webp","{'Ekran': '16 "",  2560 x 1600 pikseli 144 Hz', 'Procesor': 'Qualcomm® Snapdragon® X2 Elite X2E88100', 'Pamięć': '16 GB  LPDDR5X RAM', 'Grafika': 'Qualcomm®  Adreno™ Graphics', 'Dysk': '512 GB SSD', 'System operacyjny': 'Windows 11 Home Edition'}"
"Laptop Acer Swift Go 16 AI SFG16-61-R16U OLED 16"" Ryzen AI 7 350 32GB RAM 1TB Dysk SSD Win11 Szary Funkcje AI",5 449.00 zł,"https://f00.esfr.pl/foto/9/164736415249/a25a809978946a916c47a408307f9395/acer-laptop-swift-r7ai-16-oled-32gb-1tb-w11,164736415249_7.webp","{'Ekran': '16 "",  2048 x 1280 pikseli 120 Hz', 'Procesor': 'AMD Ryzen™ AI 7 350', 'Pamięć': '32 GB  LPDDR5x 8000 Mhz RAM', 'Grafika': 'AMD  Radeon™ 860M', 'Dysk': '1 TB SSD', 'System operacyjny': 'Windows 11 Home Edition'}"
"Laptop Dell 14 DC14255 14"" R7 250 16GB RAM 512GB Dysk SSD Win11 Czarny Funkcje AI",3 999.00 zł,"https://f00.esfr.pl/foto/9/185209899489/6365902a78f782b3d3056bd8d36ad0fb/dell-laptop-dell-d14-r7-16gb-512gb-w11,185209899489_7.webp","{'Ekran': '14 "",  1920 x 1200 pikseli 60 Hz', 'Procesor': 'AMD Ryzen™ 7 250', 'Pamięć': '16 GB  DDR5 5600 Mhz RAM', 'Grafika': 'AMD  Radeon™ 780M', 'Dysk': '512 GB SSD', 'System operacyjny': 'Windows 11 Home Edition'}"
"Laptop 2w1 Dell 14 Plus 0425-2792 14"" Ultra 5 226V 16GB RAM 512GB Dysk SSD Win11 Niebieski Funkcje AI",4 199.00 zł,"https://f00.esfr.pl/foto/3/160009532449/edd663be4111eaf359c049ea11ed5888/dell-laptop-d14-2w1-u5-16-512gb-w11-touch,160009532449_7.webp","{'Ekran': '14 "", ekran dotykowy 1920 x 1200 pikseli 60 Hz', 'Procesor': 'Intel® Core™ Ultra 5 15gen 226V', 'Pamięć': '16 GB  LPDDR5x 8533 Mhz RAM', 'Grafika': 'Intel®  Arc Graphics', 'Dysk': '512 GB SSD', 'System operacyjny': 'Windows 11 Home Edition'}"
"Laptop gamingowy HP OMEN 17-db1216nw 17,3"" 240Hz Ryzen AI 9 365 32GB RAM 1TB Dysk SSD RTX5070 Win11 Czarny Funkcje AI",9 999.00 zł,"https://f00.esfr.pl/foto/2/172741801145/c60005c914271f90ab2716c295b2331f/hp-laptop-hp-om-17-rai9-32-1tb-5070-w11,172741801145_7.webp","{'Ekran': '17,3 "",  2560 x 1440 pikseli 240 Hz', 'Procesor': 'AMD Ryzen™ AI 9 365', 'Pamięć': '32 GB  DDR5 5600 Mhz RAM', 'Grafika': 'NVIDIA® GeForce RTX 5070 + AMD Radeon™ 880M', 'Dysk': '1 TB SSD', 'System operacyjny': 'Windows 11 Home Edition'}"
"Laptop gamingowy Gigabyte Gaming A18 3VHK3EEC93SH 18"" 165Hz R7 260 16GB RAM 512GB Dysk SSD RTX5060 DLSS4 Win11 Czarny Funkcje AI",5 694.99 zł,"https://f00.esfr.pl/foto/4/173811763049/58f79d8e7c81a10dd5e8fb61e5e9bd76/gigabyte-laptop-giga-a18-r7-16gb-512gb-5060-w11,173811763049_7.webp","{'Ekran': '18 "",  2560 x 1600 pikseli 165 Hz', 'Procesor': 'AMD Ryzen™ 7 260', 'Pamięć': '16 GB  DDR5 5600 Mhz RAM', 'Grafika': 'NVIDIA® GeForce RTX 5060 + AMD Radeon™ 780M', 'Dysk': '512 GB SSD', 'System operacyjny': 'Windows 11 Home Edition'}"
"Laptop HP OmniBook 7 16-ay0011nw OLED 16"" 120Hz Ultra 7 255H 32GB RAM 1TB Dysk SSD RTX4050 DLSS3 Win11 Srebrny Funkcje AI",6 999.00 zł,"https://f00.esfr.pl/foto/3/186932942657/a02dbaba0a6e5778980e91df30f579d5/hp-laptop-hp-ob7-16-ai-u7-32-1tb-4050-w11,186932942657_7.webp","{'Ekran': '16 "", ekran dotykowy 2048 x 1280 pikseli 120 Hz', 'Procesor': 'Intel® Core™ Ultra 7 15gen 255H', 'Pamięć': '32 GB  DDR5 5600 Mhz RAM', 'Grafika': 'NVIDIA® GeForce RTX 4050 + Intel  Arc 140T', 'Dysk': '1 TB SSD', 'System operacyjny': 'Windows 11 Home Edition'}"
"Laptop ASUS Zenbook Duo UX8407AA-SN515X OLED 14"" 144Hz Ultra X9 378H 32GB RAM 1TB Dysk SSD Win11 Pro Szary Funkcje AI",13 999.00 zł,"https://f00.esfr.pl/foto/7/193799650313/610d03628a70de00ac85aea580b411ee/asus-laptop-asus-zd-14-32-1-w11p-touch,193799650313_7.webp","{'Ekran': '14 "", ekran dotykowy 2880 x 1800 pikseli 144 Hz', 'Procesor': 'Intel® Core™ Ultra X9 Series 3 378H', 'Pamięć': '32 GB  LPDDR5X RAM', 'Grafika': 'Intel®  Arc™ B390', 'Dysk': '1 TB SSD', 'System operacyjny': 'Windows 11 Professional'}"
"Laptop Acer Aspire Go 14 AG14-72P 14"" Core 5 120U 16GB RAM 512GB Dysk SSD Win11 Srebrny Funkcje AI",2 499.00 zł,"https://f00.esfr.pl/foto/5/189715891569/ad8301f29dd0255932da51f2c80da587/acer-laptop-acer-ag14-c5-16gb-512gb-w11,189715891569_7.webp","{'Ekran': '14 "",  1920 x 1200 pikseli 60 Hz', 'Procesor': 'Intel® Core™ 5 14gen 120U', 'Pamięć': '16 GB  DDR4 RAM', 'Grafika': 'Intel®  Graphics', 'Dysk': '512 GB SSD', 'System operacyjny': 'Windows 11 Home Edition'}"
"Laptop biznesowy Dell Pro 15 Essential PV15250 15,6"" i5-1334U 16GB RAM 512GB Dysk SSD Win11 Pro Czarny",3 605.56 zł,"https://f00.esfr.pl/foto/9/184605804049/63b516f4f76a238a3b7637229a310825/dell-laptop-dell-i5-1334u-16-512gb-15-w11p,184605804049_7.webp","{'Ekran': '15,6 "",  1920 x 1080 pikseli 120 Hz', 'Procesor': 'Intel® Core™ i5 13gen 1334U', 'Pamięć': '16 GB  DDR5 4400 Mhz RAM', 'Grafika': 'Intel®  Iris Xe Graphics (działający jako Intel® UHD Graphics)', 'Dysk': '512 GB SSD', 'System operacyjny': 'Windows 11 Professional'}"
"Laptop gamingowy ASUS ROG Strix G16 G615LW-U9322W 16"" 240Hz Ultra 9 275HX 32GB RAM 2TB Dysk SSD RTX5080 DLSS4 Win11 Szary Funkcje AI",14 999.00 zł,"https://f00.esfr.pl/foto/7/158146779121/3d6eff57aca1057dab3af7478ba98a1b/asus-laptop-rog-g16-u9-32gb-2tb-5080-w11,158146779121_7.webp","{'Ekran': '16 "",  2560 x 1600 pikseli 240 Hz', 'Procesor': 'Intel® Core™ Ultra 9 15gen 275HX', 'Pamięć': '32 GB  DDR5 5600 Mhz RAM', 'Grafika': 'NVIDIA® GeForce RTX™ 5080 + Intel Graphics', 'Dysk': '2 TB SSD', 'System operacyjny': 'Windows 11 Home Edition'}"
"Laptop biznesowy Lenovo ThinkPad X1 Carbon Gen 13 Aura Edition OLED 14"" Ultra 7 258V 32GB RAM 1TB Dysk SSD Win11 Pro Czarny Funkcje AI",15 499.00 zł,"https://f00.esfr.pl/foto/7/174092200161/35bb63445404e1543c90c5c272466a57/lenovo-laptop-lenovo-tp-14-u7-32gb-1tb-w11p_2,174092200161_7.webp","{'Ekran': '14 "",  2880 x 1800 pikseli 120 Hz', 'Procesor': 'Intel® Core™ Ultra 7 15gen 258V', 'Pamięć': '32 GB  LPDDR5x 8533 Mhz RAM', 'Grafika': 'Intel®  Arc Graphics 140V', 'Dysk': '1 TB SSD', 'System operacyjny': 'Windows 11 Professional'}"
"Laptop gamingowy Acer Nitro 16S AI AN16S-61 16"" 180Hz Ryzen AI 7 350 16GB RAM 1TB Dysk SSD RTX5070Ti DLSS4 Win11 Czarny Funkcje AI",7 999.00 zł,"https://f00.esfr.pl/foto/5/176109445945/a6651892344d48d6cb398683183aa448/acer-laptop-nitro-16-r7ai-16gb-1tb-5070ti-w11,176109445945_7.webp","{'Ekran': '16 "",  2560 x 1600 pikseli 180 Hz', 'Procesor': 'AMD Ryzen™ AI 7 350', 'Pamięć': '16 GB  DDR5 5600 Mhz RAM', 'Grafika': 'NVIDIA® GeForce RTX™ 5070 Ti + AMD Radeon™ 860M', 'Dysk': '1 TB SSD', 'System operacyjny': 'Windows 11 Home Edition'}"
"Laptop biznesowy Lenovo ThinkPad T14 Gen 6 14"" Ultra 7 255U 16GB RAM 1TB Dysk SSD Win11 Pro Czarny Funkcje AI",8 699.00 zł,"https://f00.esfr.pl/foto/3/172660455721/a438c031e07ba9fab5d6c9271ac53725/lenovo-laptop-lenovo-ultra7-255u-16-1tb-14-w11p,172660455721_7.webp","{'Ekran': '14 "",  1920 x 1200 pikseli 60 Hz', 'Procesor': 'Intel® Core™ Ultra 7 15gen 255U', 'Pamięć': '16 GB  DDR5 5600 Mhz RAM', 'Grafika': 'Intel®  Graphics', 'Dysk': '1 TB SSD', 'System operacyjny': 'Windows 11 Professional'}"
"Laptop gamingowy MSI Titan 18 HX AI A2XWIG-220PL 18"" 120Hz Ultra 9 285HX 64GB RAM 6TB Dysk SSD RTX5080 DLSS4 Win11 Pro Czarny+Zestaw AKC AI",21 999.00 zł,"https://f00.esfr.pl/foto/1/159341303945/7dc71ea174b8f5ef3867a53519cdffd1/msi-laptop-titan-hx-18-u9-64-6tb-5080-w11-z,159341303945_7.webp","{'Ekran': '18 "",  3840 x 2400 pikseli 120 Hz', 'Procesor': 'Intel® Core™ Ultra 9 15gen 285HX', 'Pamięć': '64 GB  DDR5 6400 Mhz RAM', 'Grafika': 'NVIDIA® GeForce RTX™ 5080 + Intel Graphics', 'Dysk': '6 TB SSD', 'System operacyjny': 'Windows 11 Professional'}"
"Laptop Acer Swift Go 14 AI SFG14-64-R16M OLED 14"" Ryzen AI 5 340 32GB RAM 512GB Dysk SSD Win11 Srebrny Funkcje AI",3 929.99 zł,"https://f00.esfr.pl/foto/2/164736597513/7dbbdad3220f474bca490322b96b9425/acer-laptop-swift-r5ai-14-oled-32gb-512gb-w11,164736597513_7.webp","{'Ekran': '14 "",  1920 x 1200 pikseli 60 Hz', 'Procesor': 'AMD Ryzen™ AI 5 340', 'Pamięć': '32 GB  LPDDR5x 8000 Mhz RAM', 'Grafika': 'AMD  Radeon™ 840M', 'Dysk': '512 GB SSD', 'System operacyjny': 'Windows 11 Home Edition'}"
"Laptop Dell 14 Plus 1425-2860 14"" Ultra 9 288V 32GB RAM 1TB Dysk SSD Win11 Niebieski Funkcje AI",6 099.00 zł,"https://f00.esfr.pl/foto/1/160009639489/1ramen18tjemm/dell-laptop-d14-u9-32gb-1tb-w11-touch,160009639489_7.webp","{'Ekran': '14 "", ekran dotykowy 1920 x 1200 pikseli 60 Hz', 'Procesor': 'Intel® Core™ Ultra 9 15gen 288V', 'Pamięć': '32 GB  LPDDR5x 8533 Mhz RAM', 'Grafika': 'Intel®  Arc Graphics', 'Dysk': '1 TB SSD', 'System operacyjny': 'Windows 11 Home Edition'}"
"Laptop biznesowy Lenovo ThinkPad T16 Gen 4 16"" Ryzen AI 5 Pro 340 32GB RAM 512GB Dysk SSD Win11 Pro Czarny Funkcje AI",7 699.00 zł,"https://f00.esfr.pl/foto/4/183279214625/dec084746fde95b9b2f37738c88a105a/lenovo-laptop-leno-t16-u5225u-16-512gb-14-w11p,183279214625_7.webp","{'Ekran': '16 "",  1920 x 1200 pikseli 60 Hz', 'Procesor': 'AMD Ryzen™ AI 5 Pro 340', 'Pamięć': '32 GB  DDR5 5600 Mhz RAM', 'Grafika': 'AMD  Radeon™ 840M Graphics', 'Dysk': '512 GB SSD', 'System operacyjny': 'Windows 11 Professional'}"
"Laptop ASUS Vivobook 16 M1607KA-MB150W 16"" Ryzen AI 5 330 16GB RAM 512GB Dysk SSD Win11 Srebrny Funkcje AI",3 999.00 zł,"https://f00.esfr.pl/foto/5/191218287633/f04eaf711252c055cff614b668518fa6/asus-laptop-asus-vb-16-r5ai-16-512-w11,191218287633_7.webp","{'Ekran': '16 "",  1920 x 1200 pikseli 60 Hz', 'Procesor': 'AMD Ryzen™ AI 5 330', 'Pamięć': '16 GB  DDR5 RAM', 'Grafika': 'AMD  Radeon™ 820M', 'Dysk': '512 GB SSD', 'System operacyjny': 'Windows 11 Home Edition'}"
"Laptop biznesowy Lenovo ThinkPad E16 Gen 3 16"" Ultra 7 255H 16GB RAM 512GB Dysk SSD Win11 Pro Czarny Funkcje AI",5 799.00 zł,"https://f00.esfr.pl/foto/6/174092161817/38b090a56ad3686de38bfccc5d58c36a/lenovo-laptop-lenovo-tp-16-u7-16gb-512gb-w11p_1,174092161817_7.webp","{'Ekran': '16 "",  1920 x 1200 pikseli 60 Hz', 'Procesor': 'Intel® Core™ Ultra 7 15gen 255H', 'Pamięć': '16 GB  DDR5 5600 Mhz RAM', 'Grafika': 'Intel®  Arc™ Graphics (działający jako Intel® Graphics)', 'Dysk': '512 GB SSD', 'System operacyjny': 'Windows 11 Professional'}"
"Apple MacBook Air 2025 15,3"" M4 24GB RAM 512GB Dysk macOS Księżycowa poświata Funkcje AI",6 999.00 zł,"https://f00.esfr.pl/foto/7/159937845569/1541z3dotrxth/apple-laptop-mba-15-m4-10-10-24gb-512gb-sl,159937845569_7.webp","{'Ekran': '15,3"",  2880 x 1864 pikseli', 'Procesor': 'Apple M4', 'Pamięć': '24 GB  zunifikowana RAM', 'Grafika': 'Apple  M4 (10-rdzeni)', 'Dysk': '512 GB SSD', 'System operacyjny': 'macOS Sequoia lub nowszy'}"
"Laptop gamingowy Acer Nitro 16 AI AN16-61 16"" 180Hz Ryzen AI 9 365 32GB RAM 1TB Dysk SSD RTX5060 DLSS4 Czarny Funkcje AI",7 899.00 zł,"https://f00.esfr.pl/foto/3/176109539321/cc292b4a03dee3680a12e42f5446688d/acer-laptop-nitro-16-r9ai-32gb-1tb-5060-nos_1,176109539321_7.webp","{'Ekran': '16 "",  2560 x 1600 pikseli 180 Hz', 'Procesor': 'AMD Ryzen™ AI 9 365', 'Pamięć': '32 GB  DDR5 5600 Mhz RAM', 'Grafika': 'NVIDIA® GeForce RTX™ 5060 + AMD Radeon™ 880M', 'Dysk': '1 TB SSD', 'System operacyjny': 'bez systemu'}"
"Laptop gamingowy MSI Raider 16 HX B2WH-211PL 16"" 240Hz Ultra 7 251HX 16GB RAM 1TB Dysk SSD RTX5070Ti DLSS4 Win11 Czarny Funkcje AI",9 999.00 zł,"https://f00.esfr.pl/foto/5/192277930233/97ed1046774bd1aa6148f760ba2f133/msi-laptop-msi-rai-16-u7-16-1-5070ti-w11,192277930233_7.webp","{'Ekran': '16 "",  2560 x 1600 pikseli 240 Hz', 'Procesor': 'Intel® Core™ Ultra 7 Series 2 251HX', 'Pamięć': '16 GB  DDR5 6400 Mhz RAM', 'Grafika': 'NVIDIA® GeForce RTX™ 5070 Ti + Intel Graphics', 'Dysk': '1 TB SSD', 'System operacyjny': 'Windows 11 Home Edition'}"
"Laptop MSI Prestige 16 AI+ Evo B2VMG-220PL OLED 16"" Ultra 5 226V 16GB RAM 1TB Dysk SSD Win11 Szary Funkcje AI",4 209.99 zł,"https://f00.esfr.pl/foto/1/184827922097/df3130428c887cca112d5701bfbf9f8f/msi-laptop-msi-pres-16-u5-16-1tb-w11,184827922097_7.webp","{'Ekran': '16 "",  3840 x 2400 pikseli 60 Hz', 'Procesor': 'Intel® Core™ Ultra 5 15gen 226V', 'Pamięć': '16 GB  LPDDR5x 8533 Mhz RAM', 'Grafika': 'Intel®  Arc Graphics 130V', 'Dysk': '1 TB SSD', 'System operacyjny': 'Windows 11 Home Edition'}"
"Laptop ASUS Vivobook 16 X1607AA-MB010W 16"" Ultra 5 325 16GB RAM 512GB Dysk SSD Win11 Srebrny Funkcje AI",3 499.00 zł,"https://f00.esfr.pl/foto/9/191218291681/37a415be89d2b887854ae0de11d687b1/asus-laptop-asus-vb-16-u5-16-512-w11,191218291681_7.webp","{'Ekran': '16 "",  1920 x 1200 pikseli 60 Hz', 'Procesor': 'Intel® Core™ Ultra 5 Series 3 325', 'Pamięć': '16 GB  DDR5 RAM', 'Grafika': 'Intel®  Graphics', 'Dysk': '512 GB SSD', 'System operacyjny': 'Windows 11 Home Edition'}"
"Laptop gamingowy Acer Nitro V 16 AI ANV16-42 16"" 180Hz R7 260 32GB RAM 1TB Dysk SSD RTX5060 DLSS4 Czarny Funkcje AI",7 299.00 zł,"https://f00.esfr.pl/foto/7/176109290825/5a9f9dc9e8ec222c0a9ffce2694bb7d/acer-laptop-nitro-v-16-r7-32gb-1tb-5060-nos,176109290825_7.webp","{'Ekran': '16 "",  2560 x 1600 pikseli 180 Hz', 'Procesor': 'AMD Ryzen™ 7 260', 'Pamięć': '32 GB  DDR5 5600 Mhz RAM', 'Grafika': 'NVIDIA® GeForce RTX™ 5060 + AMD Radeon™ 780M', 'Dysk': '1 TB SSD', 'System operacyjny': 'bez systemu'}"
"Apple MacBook Air 2026 13,6"" M5 10/10 24GB RAM 1TB Dysk macOS Błękitny Funkcje A",8 399.00 zł,"https://f00.esfr.pl/foto/4/187427420281/aba59f8233cb40d1c4594221c7cfbba4/apple-macbook-air-2026-13-6-m5-10-10-24gb-ram-1tb-dysk-macos-blekitny-funkcje-a,187427420281_7.webp","{'Ekran': '13,6 "",  2560 x 1664 pikseli', 'Procesor': 'Apple M5', 'Pamięć': '24 GB  zunifikowana RAM', 'Grafika': 'Apple  M5 (10-rdzeni)', 'Dysk': '1 TB SSD', 'System operacyjny': 'macOS'}"
"Laptop Acer Aspire 16 AI A16-61M OLED 16"" Ryzen AI 7 350 16GB RAM 1TB Dysk SSD Win11 Szary Funkcje AI",4 159.99 zł,"https://f00.esfr.pl/foto/6/189715888729/c20e630a2149ef233b35db8450df222f/acer-laptop-acer-a16-r7ai-16gb-1tb-w11,189715888729_7.webp","{'Ekran': '16 "",  1920 x 1200 pikseli 60 Hz', 'Procesor': 'AMD Ryzen™ AI 7 350', 'Pamięć': '16 GB  LPDDR5X RAM', 'Grafika': 'AMD  Radeon™ 860M', 'Dysk': '1 TB SSD', 'System operacyjny': 'Windows 11 Home Edition'}"
"Laptop gamingowy HyperX OMEN 15-gb0074nwx 15,3"" 180Hz R7 8745HX 16GB RAM 512GB Dysk SSD RTX5060 DLSS4 Win11 Czarny",5 999.00 zł,"https://f00.esfr.pl/foto/9/192315596049/2024427b7f85e98fe22af27c007d8ee7/hyperx-laptop-hp-hx-om-15-r7-16-512-5060-w11,192315596049_7.webp","{'Ekran': '15,3"",  2560 x 1600 pikseli 180 Hz', 'Procesor': 'AMD Ryzen™ 7 8745HX', 'Pamięć': '16 GB  DDR5 5200 Mhz RAM', 'Grafika': 'NVIDIA® GeForce RTX™ 5060 + AMD Radeon™ 610M', 'Dysk': '512 GB SSD', 'System operacyjny': 'Windows 11 Home Edition'}"
"Laptop ASUS Vivobook 16 M1607GA-MB019W 16"" Ryzen AI 7 445 32GB RAM 1TB Dysk SSD Win11 Niebieski Funkcje AI",4 279.00 zł,"https://f00.esfr.pl/foto/6/185049127401/ecf3fa8c334d035ecaa042559f188247/asus-laptop-as-19w-vb-16-r7ai-32-1tb-w11,185049127401_7.webp","{'Ekran': '16 "",  1920 x 1200 pikseli 60 Hz', 'Procesor': 'AMD Ryzen™ AI 7 445', 'Pamięć': '32 GB  DDR5 RAM', 'Grafika': 'AMD  Radeon™ 840M', 'Dysk': '1 TB SSD', 'System operacyjny': 'Windows 11 Home Edition'}"
"Laptop gamingowy Dell Alienware 16X Aurora AC16251 16"" 240Hz Ultra 9 275HX 32GB RAM 1TB Dysk SSD RTX5070 DLSS4 Win11 Granatowy Funkcje AI",9 699.00 zł,"https://f00.esfr.pl/foto/8/172392679489/1c8482edd47bf5bcd48906c5c51bb557/dell-laptop-aw-16xaurora-u9-32gb-1tb-5070-w11,172392679489_7.webp","{'Ekran': '16 "",  2560 x 1600 pikseli 240 Hz', 'Procesor': 'Intel® Core™ Ultra 9 15gen 275HX', 'Pamięć': '32 GB  DDR5 5600 Mhz RAM', 'Grafika': 'NVIDIA® GeForce RTX™ 5070 + Intel Graphics', 'Dysk': '1 TB SSD', 'System operacyjny': 'Windows 11 Home Edition'}"
"Laptop HP OmniBook 3 16-bv0003nwx 16"" Ryzen AI 5 430 16GB RAM 512GB Dysk SSD Win11 Srebrny Funkcje AI",2 899.00 zł,"https://f00.esfr.pl/foto/2/192315583529/4827025c501036adde23a1469556b8ee/hp-laptop-hp-ob-3-16-rai5-16-512-w11-9ea,192315583529_7.webp","{'Ekran': '16 "",  1920 x 1200 pikseli', 'Procesor': 'AMD Ryzen™ AI 5 430', 'Pamięć': '16 GB  DDR5 5600 Mhz RAM', 'Grafika': 'AMD  Radeon™ 840M Graphics', 'Dysk': '512 GB SSD', 'System operacyjny': 'Windows 11 Home Edition'}"
"Apple MacBook Air 2026 13,6"" M5 10/10 16GB RAM 1TB Dysk macOS Północ Funkcje AI",7 499.00 zł,"https://f00.esfr.pl/foto/1/187426985993/1979b73bd56fec95f1989c3fc8c12bb4/apple-macbook-air-2026-13-6-m5-10-10-16gb-ram-1tb-dysk-macos-polnoc-funkcje-ai,187426985993_7.webp","{'Ekran': '13,6 "",  2560 x 1664 pikseli', 'Procesor': 'Apple M5', 'Pamięć': '16 GB  zunifikowana RAM', 'Grafika': 'Apple  M5 (10-rdzeni)', 'Dysk': '1 TB SSD', 'System operacyjny': 'macOS'}"
"Laptop ASUS Vivobook 15 X1504VA-BQ4285W 15,6"" Core 5 120U 24GB RAM 512GB Dysk SSD Win11 Niebieski",2 699.00 zł,"https://f00.esfr.pl/foto/1/185049225993/5d4c8c46ff1ad5ec0a2b6f90a7479106/asus-laptop-as-vb-15-c5-24-512-w11-285w,185049225993_7.webp","{'Ekran': '15,6 "",  1920 x 1080 pikseli 60 Hz', 'Procesor': 'Intel® Core™ 5 14gen 120U', 'Pamięć': '24 GB  DDR5 RAM', 'Grafika': 'Intel®  Graphics', 'Dysk': '512 GB SSD', 'System operacyjny': 'Windows 11 Home Edition'}"
"Apple MacBook Air 2026 15,3"" M5 10/10 16GB RAM 512GB Dysk macOS Srebrny Funkcje AI",6 999.00 zł,"https://f00.esfr.pl/foto/8/187426399937/e128f996692f75d20b181bc8da3a1129/apple-macbook-air-2026-15-3-m5-16gb-ram-512gb-dysk-macos-srebrny-funkcje-ai,187426399937_7.webp","{'Ekran': '15,3"",  2880 x 1864 pikseli', 'Procesor': 'Apple M5', 'Pamięć': '16 GB  zunifikowana RAM', 'Grafika': 'Apple  M5 (10-rdzeni)', 'Dysk': '512 GB SSD', 'System operacyjny': 'macOS'}"
"Laptop gamingowy MSI Raider 18 HX A2WH-1241PL 18"" 240Hz Ultra 9 275HX 32GB RAM 1TB Dysk SSD RTX5070Ti DLSS4 Win11 Szary Funkcje AI",13 599.00 zł,"https://f00.esfr.pl/foto/3/192277984217/3c34e475259ff85d944150ace6d2f470/msi-laptop-msi-rai-18-u9-32-1-5070ti-w11,192277984217_7.webp","{'Ekran': '18 "",  2560 x 1600 pikseli 240 Hz', 'Procesor': 'Intel® Core™ Ultra 9 14gen 275HX', 'Pamięć': '32 GB  DDR5 6400 Mhz RAM', 'Grafika': 'NVIDIA® GeForce RTX™ 5070 Ti + Intel Graphics', 'Dysk': '1 TB SSD', 'System operacyjny': 'Windows 11 Home Edition'}"
"Laptop ASUS Vivobook 16 M1607GA-MB015W 16"" Ryzen AI 7 445 32GB RAM 1TB Dysk SSD Win11 Srebrny Funkcje AI",4 279.00 zł,"https://f00.esfr.pl/foto/2/185048694945/f04eaf711252c055cff614b668518fa6/asus-laptop-as-15w-vb-16-r7ai-32-1tb-w11,185048694945_7.webp","{'Ekran': '16 "",  1920 x 1200 pikseli 60 Hz', 'Procesor': 'AMD Ryzen™ AI 7 445', 'Pamięć': '32 GB  DDR5 RAM', 'Grafika': 'AMD  Radeon™ 840M', 'Dysk': '1 TB SSD', 'System operacyjny': 'Windows 11 Home Edition'}"
"Laptop gamingowy MSI Cyborg 15 B2RWEKG-044XPL 15,6"" 144Hz Core 5 210H 16GB RAM 512GB Dysk SSD RTX5050 DLSS4 Czarny Funkcje AI",4 299.00 zł,"https://f00.esfr.pl/foto/6/168751825601/4157fdb502498dda6b1fd1f96554259a/msi-lap-msi-cyborg-15-i5-16-512gb-5050-nos,168751825601_7.webp","{'Ekran': '15,6 "",  1920 x 1080 pikseli 144 Hz', 'Procesor': 'Intel® Core™ 5 15gen 210H', 'Pamięć': '16 GB  DDR5 RAM', 'Grafika': 'NVIDIA® GeForce RTX™ 5050 + Intel Graphics', 'Dysk': '512 GB SSD', 'System operacyjny': 'bez systemu'}"
"Laptop gamingowy MSI Stealth A16 AI+ A3XWHG-042PL OLED 16"" 240Hz Ryzen AI 9 HX370 32GB RAM 2TB Dysk SSD RTX5070Ti DLSS4 Win11 Pro Czarny AI",11 999.00 zł,"https://f00.esfr.pl/foto/3/162043349401/ec9d3ed0f4e0910f7805dee1bc3ddd2f/msi-laptop-stealthai-16-r9-32-2tb-5070ti-w11,162043349401_7.webp","{'Ekran': '16 "",  2560 x 1600 pikseli 240 Hz', 'Procesor': 'AMD Ryzen™ AI 9 HX 370', 'Pamięć': '32 GB  LPDDR5x 7500 Mhz RAM', 'Grafika': 'NVIDIA® GeForce RTX™ 5070 Ti + AMD Radeon™ 890M', 'Dysk': '2 TB SSD', 'System operacyjny': 'Windows 11 Professional'}"
Laptop HP OmniBook Ultra 14-kd0003nwx OLED 14'' 120Hz Ultra 7 356H 32GB RAM 1TB Dysk SSD Win11 Szary Funkcje AI,7 888.00 zł,"https://f00.esfr.pl/foto/6/192315632793/a942455de15bb0193cc2adfee10d973b/hp-laptop-hp-ob-u-14-u7-32-1-w11,192315632793_7.webp","{'Ekran': '14 "", ekran dotykowy 2880 x 1800 pikseli 120 Hz', 'Procesor': 'Intel® Core™ Ultra 7 Series 3 356H', 'Pamięć': '32 GB  LPDDR5x 8533 Mhz RAM', 'Grafika': 'Intel®  Graphics', 'Dysk': '1 TB SSD', 'System operacyjny': 'Windows 11 Home Edition'}"
"Apple MacBook Air 2026 15,3"" M5 10/10 16GB RAM 1TB Dysk macOS Księzycowa Poświata Funkcje AI",8 399.00 zł,"https://f00.esfr.pl/foto/6/187426840409/c39191a63b8a673edd66e0e1be820f68/apple-macbook-air-2026-15-3-m5-10-10-16gb-ram-1tb-dysk-macos-ksiezycowa-poswiata-funkcje-ai,187426840409_7.webp","{'Ekran': '15,3"",  2880 x 1864 pikseli', 'Procesor': 'Apple M5', 'Pamięć': '16 GB  zunifikowana RAM', 'Grafika': 'Apple  M5 (10-rdzeni)', 'Dysk': '1 TB SSD', 'System operacyjny': 'macOS'}"
"Laptop ASUS Vivobook 15 X1504VA-BQ4297W 15,6"" Core 7 150U 24GB RAM 512GB Dysk SSD Win11 Niebieski",2 999.00 zł,"https://f00.esfr.pl/foto/4/185048895617/5d4c8c46ff1ad5ec0a2b6f90a7479106/asus-laptop-as-vb-15-c7-24-512-w11-297w,185048895617_7.webp","{'Ekran': '15,6 "",  1920 x 1080 pikseli 60 Hz', 'Procesor': 'Intel® Core™ 7 14gen 150U', 'Pamięć': '24 GB  DDR5 RAM', 'Grafika': 'Intel®  Graphics', 'Dysk': '512 GB SSD', 'System operacyjny': 'Windows 11 Home Edition'}"
"Laptop Acer Aspire 16 AI A16-52M OLED 16"" Ultra 7 258V 32GB RAM 1TB Dysk SSD Win11 Szary Funkcje AI",4 499.00 zł,"https://f00.esfr.pl/foto/8/189715918425/bc1b366453b02659eac10d3b528906db/acer-laptop-acer-a16-cu7-32gb-1tb-w11_1,189715918425_7.webp","{'Ekran': '16 "",  1920 x 1200 pikseli 60 Hz', 'Procesor': 'Intel® Core™ Ultra 7 15gen 258V', 'Pamięć': '32 GB  LPDDR5X RAM', 'Grafika': 'Intel®  Arc™ Graphics 140V', 'Dysk': '1 TB SSD', 'System operacyjny': 'Windows 11 Home Edition'}"
"Laptop biznesowy ASUS ExpertBook B5 B5404CMA-Q50339X 14"" Ultra 5 125H 16GB RAM 512GB Dysk SSD Win11 Pro Czarny Funkcje AI",4 799.00 zł,"https://f00.esfr.pl/foto/7/152465763025/51764c3bd03f9e0eccbc9d0e13eafd1b/asus-laptop-asus-14-u5-16gb-512gb-w11p_2,152465763025_7.webp","{'Ekran': '14 "",  1920 x 1200 pikseli', 'Procesor': 'Intel® Core™ Ultra 5 14gen 125H', 'Pamięć': '16 GB  DDR5 RAM', 'Grafika': 'Intel®  Graphics', 'Dysk': '512 GB SSD', 'System operacyjny': 'Windows 11 Professional'}"
"Laptop gamingowy Acer Nitro V 16 AI ANV16-42 16"" 165Hz R7 260 16GB RAM 512GB Dysk SSD RTX4050 DLSS3 Win11 Czarny Funkcje AI",5 499.00 zł,"https://f00.esfr.pl/foto/3/176110117385/c40d42241ce2fe5b7584f30f86c9700c/acer-laptop-nitro-v-16-r7-16gb-512gb-4050-w11,176110117385_7.webp","{'Ekran': '16 "",  1920 x 1200 pikseli 165 Hz', 'Procesor': 'AMD Ryzen™ 7 260', 'Pamięć': '16 GB  DDR5 5600 Mhz RAM', 'Grafika': 'NVIDIA® GeForce RTX™ 4050 + AMD Radeon™ 780M', 'Dysk': '512 GB SSD', 'System operacyjny': 'Windows 11 Home Edition'}"
"Apple MacBook Pro 2026 16,2"" M5 Pro 18/20 24GB RAM 1TB Dysk macOS Gwiezdna Czerń Funkcje AI",14 499.00 zł,"https://f00.esfr.pl/foto/5/187428148265/228348ad781c2b654ec3ee7037e67572/apple-macbook-pro-2026-16-2-m5-pro-16gb-ram-512gb-dysk-macos-gwiezdna-czern_2,187428148265_7.webp","{'Ekran': '16,2 "",  3456 x 2234 pikseli 120 Hz', 'Procesor': 'Apple M5 Pro', 'Pamięć': '24 GB  zunifikowana RAM', 'Grafika': 'Apple  M5 Pro (20-rdzeni)', 'Dysk': '1 TB SSD', 'System operacyjny': 'macOS'}"
"Laptop ASUS Vivobook 15 X1504VA-BQ4286W 15,6"" Core 5 120U 24GB RAM 512GB Dysk SSD Win11 Srebrny",2 699.00 zł,"https://f00.esfr.pl/foto/8/185048604673/7c809c21a25e412bcbd0d1d8ea7c37b5/asus-laptop-as-vb-15-c5-24-512-w11-286w,185048604673_7.webp","{'Ekran': '15,6 "",  1920 x 1080 pikseli 60 Hz', 'Procesor': 'Intel® Core™ 5 14gen 120U', 'Pamięć': '24 GB  DDR5 RAM', 'Grafika': 'Intel®  Graphics', 'Dysk': '512 GB SSD', 'System operacyjny': 'Windows 11 Home Edition'}"
"Laptop biznesowy Lenovo V15 G5 IRL 15,6"" i5-13420H 8GB RAM 512GB Dysk SSD Win11 Pro Czarny",3 453.50 zł,"https://f00.esfr.pl/foto/1/183279081737/34c4f64fa612718219165a8082e07fdb/lenovo-laptop-leno-v15-i513420h-8-512-16-w11p,183279081737_7.webp","{'Ekran': '15,6 "",  1920 x 1080 pikseli 60 Hz', 'Procesor': 'Intel® Core™ i5 13gen 13420H', 'Pamięć': '8 GB  DDR5 5200 Mhz RAM', 'Grafika': 'Intel®  UHD Graphics', 'Dysk': '512 GB SSD', 'System operacyjny': 'Windows 11 Professional'}"
"Laptop 2w1 Lenovo ThinkPad X1 Carbon Gen 13 Aura Edition OLED 14"" Ultra 7 265U 64GB RAM 1TB Dysk SSD Win11 Pro Czarny Funkcje AI",17 899.00 zł,"https://f00.esfr.pl/foto/6/174091919521/35bb63445404e1543c90c5c272466a57/lenovo-laptop-lenovo-tp-14-u7-64gb-1tb-w11p,174091919521_7.webp","{'Ekran': '14 "", ekran dotykowy 2880 x 1800 pikseli 120 Hz', 'Procesor': 'Intel® Core™ Ultra 7 15gen 265U', 'Pamięć': '64 GB  LPDDR5x 8400 Mhz RAM', 'Grafika': 'Intel®  Graphics', 'Dysk': '1 TB SSD', 'System operacyjny': 'Windows 11 Professional'}"
"Laptop biznesowy Lenovo ThinkBook 16 G8 IAL 16"" Ultra 7 255H 16GB RAM 1TB Dysk SSD Win11 Pro Szary Funkcje AI",5 377.56 zł,"https://f00.esfr.pl/foto/1/164170207865/a1606400a4174d5979c0dbe67619ae75/lenovo-laptop-lenovo-ultra-7-255h-16gb-1tb-w11p,164170207865_7.webp","{'Ekran': '16 "",  1920 x 1200 pikseli 60 Hz', 'Procesor': 'Intel® Core™ Ultra 7 15gen 255H', 'Pamięć': '16 GB  DDR5 5600 Mhz RAM', 'Grafika': 'Intel®  Arc Graphics (działający jako Intel® Graphics)', 'Dysk': '1 TB SSD', 'System operacyjny': 'Windows 11 Professional'}"
"Apple MacBook Pro 2026 14,2"" M5 Pro 15/16 24GB RAM 2TB Dysk macOS Gwiezdna Czerń Funkcje AI",14 499.00 zł,"https://f00.esfr.pl/foto/2/187428509817/b3ad39e784948f3d41471d6369ba59ab/apple-macbook-pro-2026-14-2-m5-pro-15-16-24gb-ram-2tb-dysk-macos-gwiezdna-czern-funkcje-ai,187428509817_7.webp","{'Ekran': '14,2 "",  3024 x 1964 pikseli 120 Hz', 'Procesor': 'Apple M5 Pro', 'Pamięć': '24 GB  zunifikowana RAM', 'Grafika': 'Apple  M5 Pro (16-rdzeni)', 'Dysk': '2 TB SSD', 'System operacyjny': 'macOS'}"
"Laptop gamingowy MSI Raider A18 HX A9WIG-072PL 18"" 120Hz R9 9955HX3D 64GB RAM 2TB Dysk SSD RTX5080 DLSS4 Win11 Czarny Funkcje AI",21 999.00 zł,"https://f00.esfr.pl/foto/6/159341219425/623736207c6c3bb151f47ea13a7281e7/msi-laptop-raider-hx-18-r9-64-2tb-5080-w11,159341219425_7.webp","{'Ekran': '18 "",  3840 x 2400 pikseli 120 Hz', 'Procesor': 'AMD Ryzen™ 9 9955HX3D', 'Pamięć': '64 GB  DDR5 5600 Mhz RAM', 'Grafika': 'NVIDIA® GeForce RTX™ 5080 + AMD Radeon™ 610M', 'Dysk': '2 TB SSD', 'System operacyjny': 'Windows 11 Home Edition'}"
"Laptop ASUS Vivobook 18 M1807GA-S8003W 18"" 144Hz Ryzen AI 7 445 16GB RAM 1TB Dysk SSD Win11 Niebieski Funkcje AI",4 599.00 zł,"https://f00.esfr.pl/foto/6/185048708265/9356af0fef86b58d4220aedd7e1a0d6e/asus-laptop-asus-vb-18-r7ai-16-1tb-w11,185048708265_7.webp","{'Ekran': '18 "",  1920 x 1200 pikseli 144 Hz', 'Procesor': 'AMD Ryzen™ AI 7 445', 'Pamięć': '16 GB  DDR5 RAM', 'Grafika': 'AMD  Radeon™ 840M', 'Dysk': '1 TB SSD', 'System operacyjny': 'Windows 11 Home Edition'}"
"Laptop HP OmniBook 7 17-dc0001nwx 17,3"" Ultra 7 258V 32GB RAM 1TB Dysk SSD Win11 Srebrny Funkcje AI",5 333.00 zł,"https://f00.esfr.pl/foto/5/192315618577/13b2dc7b7ef60440c48999cfde4c7441/hp-laptop-hp-ob-7-17-u7-32-1-w11,192315618577_7.webp","{'Ekran': '17,3 "", ekran dotykowy 1920 x 1080 pikseli', 'Procesor': 'Intel® Core™ Ultra 7 15gen 258V', 'Pamięć': '32 GB  LPDDR5x 8533 Mhz RAM', 'Grafika': 'Intel®  Arc 140V', 'Dysk': '1 TB SSD', 'System operacyjny': 'Windows 11 Home Edition'}"
"Laptop biznesowy Lenovo ThinkPad L14 Gen 6 14"" Ryzen 5 Pro 215 16GB RAM 512GB Dysk SSD Win11 Pro Czarny Funkcje AI",5 999.00 zł,"https://f00.esfr.pl/foto/5/174091952649/53a007a5fda5088e1cbcc81fbcc3722b/lenovo-laptop-lenovo-tp-14-r5-16gb-512gb-w11p,174091952649_7.webp","{'Ekran': '14 "",  1920 x 1200 pikseli 60 Hz', 'Procesor': 'AMD Ryzen™ 5 Pro 215', 'Pamięć': '16 GB  DDR5 5600 Mhz RAM', 'Grafika': 'AMD  Radeon™ 740M Graphics', 'Dysk': '512 GB SSD', 'System operacyjny': 'Windows 11 Professional'}"
"Laptop gamingowy HP Victus 15-fa2027nwx 15,6"" 144Hz i7-13620H 16GB RAM 512GB Dysk SSD RTX5050 DLSS4 Win11 Różowy",6 299.00 zł,"https://f00.esfr.pl/foto/2/193704543609/daaf2fcef463fc31c2bb6130ddce25b2/hp-laptop-hp-vic-15-6-c7-16-512-5050-w11,193704543609_7.webp","{'Ekran': '15,6 "",  1920 x 1080 pikseli 144 Hz', 'Procesor': 'Intel® Core™ i7 13gen 13620H', 'Pamięć': '16 GB  DDR5 5200 Mhz RAM', 'Grafika': 'NVIDIA® GeForce RTX™ 5050 + Intel UHD Graphics', 'Dysk': '512 GB SSD', 'System operacyjny': 'Windows 11 Home Edition'}"
"Laptop gamingowy HyperX OMEN 16-ap1008nwx OLED 16"" 165Hz R9 8940HX 24GB RAM 1TB Dysk SSD RTX5070 DLSS4 Win11 Czarny",8 999.00 zł,"https://f00.esfr.pl/foto/9/192315605753/1oerkj0f94dip/hyperx-laptop-hp-hx-om-16-r9-24-1-5070-w11,192315605753_7.webp","{'Ekran': '16 "",  2560 x 1600 pikseli 165 Hz', 'Procesor': 'AMD Ryzen™ 9 8940HX', 'Pamięć': '24 GB  DDR5 5200 Mhz RAM', 'Grafika': 'NVIDIA® GeForce RTX™ 5070 + AMD Radeon™ 610M', 'Dysk': '1 TB SSD', 'System operacyjny': 'Windows 11 Home Edition'}"
"Laptop gamingowy MSI Raider 18 HX AI A2XWIG-222PL 18"" 120Hz Ultra 9 285HX 64GB RAM 4TB Dysk SSD RTX5080 DLSS4 Win11 Czarny Funkcje AI",21 299.00 zł,"https://f00.esfr.pl/foto/3/159341386313/80a044d3dbc9344f50ba163e8a017371/msi-laptop-raider-hx-18-u9-64-4tb-5080-w11,159341386313_7.webp","{'Ekran': '18 "",  3840 x 2400 pikseli 120 Hz', 'Procesor': 'Intel® Core™ Ultra 9 15gen 285HX', 'Pamięć': '64 GB  DDR5 6400 Mhz RAM', 'Grafika': 'NVIDIA® GeForce RTX™ 5080 + Intel Graphics', 'Dysk': '4 TB SSD', 'System operacyjny': 'Windows 11 Home Edition'}"
"Laptop ASUS Vivobook 15 X1504VA-BQ4298W 15,6"" Core 7 150U 24GB RAM 512GB Dysk SSD Win11 Srebrny",3 199.00 zł,"https://f00.esfr.pl/foto/4/185048748425/d0defa65535ae6df26cc8d74f3a32fa0/asus-laptop-as-vb-15-c7-24-512-w11-298w,185048748425_7.webp","{'Ekran': '15,6 "",  1920 x 1080 pikseli 60 Hz', 'Procesor': 'Intel® Core™ 7 14gen 150U', 'Pamięć': '24 GB  DDR5 RAM', 'Grafika': 'Intel®  Graphics', 'Dysk': '512 GB SSD', 'System operacyjny': 'Windows 11 Home Edition'}"
Laptop gamingowy ASUS V16 V3607VM-RP015 16'' 144Hz Core 5 210H 16GB RAM 512G Dysk SSD RTX5060 DLSS4 Czarny Funkcje AI,4 599.00 zł,"https://f00.esfr.pl/foto/2/172164007233/c47745d95467ea216dc4f4ca8ca8841e/asus-laptop-asus-v16-i5-16-512gb-5060,172164007233_7.webp","{'Ekran': '16 "",  1920 x 1200 pikseli 144 Hz', 'Procesor': 'Intel® Core™ 5 210H', 'Pamięć': '16 GB  DDR5 RAM', 'Grafika': 'NVIDIA® GeForce RTX 5060 + Intel Graphics', 'Dysk': '512 GB SSD', 'System operacyjny': 'bez systemu'}"
"Apple MacBook Air 2026 15,3"" M5 10/10 16GB RAM 512GB Dysk macOS Błękitny Funkcje AI",6 999.00 zł,"https://f00.esfr.pl/foto/6/187427125737/fef283a68d3bae799e0c90eeb7c41d58/apple-macbook-air-2026-15-3-m5-10-10-16gb-ram-512gb-dysk-macos-blekitny-funkcje-ai,187427125737_7.webp","{'Ekran': '15,3"",  2880 x 1864 pikseli', 'Procesor': 'Apple M5', 'Pamięć': '16 GB  zunifikowana RAM', 'Grafika': 'Apple  M5 (10-rdzeni)', 'Dysk': '512 GB SSD', 'System operacyjny': 'macOS'}"
"Apple MacBook Pro 2025 14,2"" M5 16GB RAM 1TB Dysk macOS Srebrny Funkcje AI",9 499.00 zł,"https://f00.esfr.pl/foto/4/176011133033/9288b3a59d927499f1a893ad98208073/apple-macbook-pro-2025-14-2-m5-16gb-ram-512gb-dysk-macos-srebrny,176011133033_7.webp","{'Ekran': '14,2 "",  3024 x 1964 pikseli 120 Hz', 'Procesor': 'Apple M5', 'Pamięć': '16 GB  zunifikowana RAM', 'Grafika': 'Apple  M5 (10-rdzeni)', 'Dysk': '1 TB SSD', 'System operacyjny': 'macOS Spotlight lub nowszy'}"
"Laptop HP OmniBook 3 16-bv0002nwx 16"" Ryzen AI 5 430 16GB RAM 512GB Dysk SSD Win11 Srebrny Funkcje AI",3 444.00 zł,"https://f00.esfr.pl/foto/3/192315641489/4827025c501036adde23a1469556b8ee/hp-laptop-hp-ob-3-16-rai5-16-512-w11-8ea,192315641489_7.webp","{'Ekran': '16 "",  1920 x 1200 pikseli', 'Procesor': 'AMD Ryzen™ AI 5 430', 'Pamięć': '16 GB  DDR5 5600 Mhz RAM', 'Grafika': 'AMD  Radeon™ 840M Graphics', 'Dysk': '512 GB SSD', 'System operacyjny': 'Windows 11 Home Edition'}"
"Laptop ASUS Vivobook S14 S3407AA-SF048W OLED 14"" Ultra 5 325 16GB RAM 512GB Dysk SSD Win11 Srebrny Funkcje AI",3 899.00 zł,"https://f00.esfr.pl/foto/2/191218221129/fd50819976ddbe5964b882a81e100f9b/asus-laptop-asus-vb-s14-u5-16-512-w11,191218221129_7.webp","{'Ekran': '14 "",  1920 x 1200 pikseli 60 Hz', 'Procesor': 'Intel® Core™ Ultra 5 Series 3 325', 'Pamięć': '16 GB  DDR5 RAM', 'Grafika': 'Intel®  Graphics', 'Dysk': '512 GB SSD', 'System operacyjny': 'Windows 11 Home Edition'}"
"Laptop 2w1 HP OmniBook X Flip 14-fk0019nw OLED 14"" Ryzen AI 5 340 16GB RAM 1TB Dysk SSD Win11 Srebrny Funkcje AI",4 499.00 zł,"https://f00.esfr.pl/foto/7/184149342193/655bab7b8d6a95b4991e00e61d8dba98/hp-laptop-hp-ob-x-flip-14-r5ai-16-1tb-w11,184149342193_7.webp","{'Ekran': '14 "", ekran dotykowy 1920 x 1200 pikseli', 'Procesor': 'AMD Ryzen™ AI 5 340', 'Pamięć': '16 GB  LPDDR5x 7500 Mhz RAM', 'Grafika': 'AMD  Radeon™ 840M', 'Dysk': '1 TB SSD', 'System operacyjny': 'Windows 11 Home Edition'}"
"Laptop MSI Modern 16S AI+ G3MG-010PL 16"" 120Hz Ultra 7 355H 16GB RAM 512GB Dysk SSD Win11 Szary Funkcje AI",4 799.00 zł,"https://f00.esfr.pl/foto/1/192277942785/a7f9d729dbf030c342bc385c93e23545/msi-laptop-msi-modern-16-u7-16-512-w11,192277942785_7.webp","{'Ekran': '16 "",  1920 x 1200 pikseli 120 Hz', 'Procesor': 'Intel® Core™ Ultra 7 Series 3 355H', 'Pamięć': '16 GB  DDR5 5600 Mhz RAM', 'Grafika': 'Intel®  Graphics', 'Dysk': '512 GB SSD', 'System operacyjny': 'Windows 11 Home Edition'}"
"Laptop HP OmniBook 3 16-by0030nwx 16"" R5 40 16GB RAM 256GB Dysk SSD Win11 Czarny",2 888.00 zł,"https://f00.esfr.pl/foto/1/192315592921/e8ea62a98903f1f989ccaeb45c2c1582/hp-laptop-hp-ob-3-16-r5-16-256-w11,192315592921_7.webp","{'Ekran': '16 "",  1920 x 1200 pikseli', 'Procesor': 'AMD Ryzen™ 5 40', 'Pamięć': '16 GB  LPDDR5 5500 Mhz RAM', 'Grafika': 'AMD  Radeon™ 610M Graphics', 'Dysk': '256 GB SSD', 'System operacyjny': 'Windows 11 Home Edition'}"
"Laptop gamingowy Acer Nitro V 16 AI ANV16-42 16"" 180Hz R7 260 16GB RAM 1TB Dysk SSD RTX5070 DLSS4 Win11 Czarny Funkcje AI",6 499.00 zł,"https://f00.esfr.pl/foto/1/176110164217/c40d42241ce2fe5b7584f30f86c9700c/acer-laptop-nitro-v-16-r7-16gb-1tb-5070-w11,176110164217_7.webp","{'Ekran': '16 "",  2560 x 1600 pikseli 180 Hz', 'Procesor': 'AMD Ryzen™ 7 260', 'Pamięć': '16 GB  DDR5 5600 Mhz RAM', 'Grafika': 'NVIDIA® GeForce RTX™ 5070 + AMD Radeon™ 780M', 'Dysk': '1 TB SSD', 'System operacyjny': 'Windows 11 Home Edition'}"
"Laptop ASUS Vivobook S14 M3407GA-SF012W OLED 14"" Ryzen AI 7 445 16GB RAM 512GB Dysk SSD Win11 Szary Funkcje AI",3 799.00 zł,"https://f00.esfr.pl/foto/2/191218218297/d2667becd79df80b64a6f6b1667854cd/asus-laptop-asus-vb-s14-r7ai-16-512-w11,191218218297_7.webp","{'Ekran': '14 "",  1920 x 1200 pikseli 60 Hz', 'Procesor': 'AMD Ryzen™ AI 7 445', 'Pamięć': '16 GB  DDR5 RAM', 'Grafika': 'AMD  Radeon™ 840M', 'Dysk': '512 GB SSD', 'System operacyjny': 'Windows 11 Home Edition'}"
"Laptop 2w1 Dell 14 Plus 0425-2785 14"" Ultra 9 288V 32GB RAM 1TB Dysk SSD Win11 Niebieski Funkcje AI",6 799.00 zł,"https://f00.esfr.pl/foto/1/160009145521/edd663be4111eaf359c049ea11ed5888/dell-laptop-d14-2w1-u9-32gb-1tb-w11-touch,160009145521_7.webp","{'Ekran': '14 "", ekran dotykowy 1920 x 1200 pikseli 60 Hz', 'Procesor': 'Intel® Core™ Ultra 9 15gen 288V', 'Pamięć': '32 GB  LPDDR5x 8533 Mhz RAM', 'Grafika': 'Intel®  Arc Graphics', 'Dysk': '1 TB SSD', 'System operacyjny': 'Windows 11 Home Edition'}"
"Laptop gamingowy HP OMEN 17-db1004nw 17,3"" 144Hz Ryzen AI 7 350 16GB RAM 1TB Dysk SSD RTX5060 Win11 Czarny Funkcje AI",7 199.00 zł,"https://f00.esfr.pl/foto/3/172741830945/c60005c914271f90ab2716c295b2331f/hp-laptop-hp-om-17-r7-ai-16-1-5060-w11,172741830945_7.webp","{'Ekran': '17,3 "",  1920 x 1080 pikseli 144 Hz', 'Procesor': 'AMD Ryzen™ AI 7 350', 'Pamięć': '16 GB  DDR5 5600 Mhz RAM', 'Grafika': 'NVIDIA® GeForce RTX 5060 + AMD Radeon™ 860M', 'Dysk': '1 TB SSD', 'System operacyjny': 'Windows 11 Home Edition'}"
"Apple MacBook Pro 2024 16,2"" M4 Max 36GB RAM 1TB Dysk macOS Gwiezdna Czerń Funkcje AI",16 499.00 zł,"https://f00.esfr.pl/foto/5/152647160169/c8014465ef93d83ecb2d7a51a70b2b99/apple-laptop-mbp-16-m4m-14-32-36gb-1tb-sb,152647160169_7.webp","{'Ekran': '16,2 "",  3456 x 2234 pikseli 120 Hz', 'Procesor': 'Apple M4 Max', 'Pamięć': '36 GB  zunifikowana RAM', 'Grafika': 'Apple  M4 Max (32-rdzenie)', 'Dysk': '1 TB SSD', 'System operacyjny': 'macOS Sequoia lub nowszy'}"
"Laptop ASUS Vivobook 18 M1807GA-S8013W 18"" 144Hz Ryzen AI 7 445 16GB RAM 512GB Dysk SSD Win11 Niebieski Funkcje AI",3 889.00 zł,"https://f00.esfr.pl/foto/8/185048814601/9356af0fef86b58d4220aedd7e1a0d6e/asus-laptop-asus-vb-18-r7ai-16-512gb-w11,185048814601_7.webp","{'Ekran': '18 "",  1920 x 1200 pikseli 144 Hz', 'Procesor': 'AMD Ryzen™ AI 7 445', 'Pamięć': '16 GB  DDR5 RAM', 'Grafika': 'AMD  Radeon™ 840M', 'Dysk': '512 GB SSD', 'System operacyjny': 'Windows 11 Home Edition'}"
"Laptop gamingowy Dell Alienware 16 Aurora AC16250 16"" 120Hz Core 5 210H 16GB RAM 512GB Dysk SSD RTX4050 DLSS3 Win11 Granatowy Funkcje AI",4 999.00 zł,"https://f00.esfr.pl/foto/1/175915119385/f7bd6dea40ca0c7853551e51a35eeca4/dell-laptop-aw-16-aurora-c5-16-512gb-4050-w11,175915119385_7.webp","{'Ekran': '16 "",  2560 x 1600 pikseli 120 Hz', 'Procesor': 'Intel® Core™ 5 15gen 210H', 'Pamięć': '16 GB  DDR5 5600 Mhz RAM', 'Grafika': 'NVIDIA® GeForce RTX™ 4050 + Intel Graphics', 'Dysk': '512 GB SSD', 'System operacyjny': 'Windows 11 Home Edition'}"
"Laptop biznesowy Lenovo ThinkPad L16 Gen 2 16"" Ultra 7 255U 16GB RAM 512GB Dysk SSD Win11 Pro Czarny Funkcje AI",5 799.00 zł,"https://f00.esfr.pl/foto/7/174091990001/b831b4f5bcb31a17e54057b8bf22908c/lenovo-laptop-lenovo-tp-16-u7-16gb-512gb-w11p,174091990001_7.webp","{'Ekran': '16 "",  1920 x 1200 pikseli 60 Hz', 'Procesor': 'Intel® Core™ Ultra 7 15gen 255U', 'Pamięć': '16 GB  DDR5 5600 Mhz RAM', 'Grafika': 'Intel®  Graphics', 'Dysk': '512 GB SSD', 'System operacyjny': 'Windows 11 Professional'}"
"Laptop Lenovo V17 G4 IRU 17,3"" i5-13420H 16GB RAM 512GB Dysk SSD Win11 Pro Szary",3 957.71 zł,"https://f00.esfr.pl/foto/4/149828041241/7fb3f4a5cba0ff19ac4508323fbe8cda/lenovo-laptop-lenovo-v17-g4-i5-6gb-512gb-w11p,149828041241_7.webp","{'Ekran': '17,3 "",  1920 x 1080 pikseli 60 Hz', 'Procesor': 'Intel® Core™ i5 13gen 13420H', 'Pamięć': '16 GB  DDR4 3200 MHz RAM', 'Grafika': 'Intel®  UHD Graphics', 'Dysk': '512 GB SSD', 'System operacyjny': 'Windows 11 Professional'}"
"Laptop Dell 14 DC14250 14"" Core 7 150U 16GB RAM 1TB Dysk SSD Win11 Srebrny Funkcje AI",3 999.00 zł,"https://f00.esfr.pl/foto/1/185209929993/f5ba37f8e5ee01449570c2cbfbf21513/dell-laptop-dell-d14-c7-16gb-1tb-w11,185209929993_7.webp","{'Ekran': '14 "",  1920 x 1200 pikseli 60 Hz', 'Procesor': 'Intel® Core™ 7 150U', 'Pamięć': '16 GB  DDR5 5200 Mhz RAM', 'Grafika': 'Intel®  Graphics', 'Dysk': '1 TB SSD', 'System operacyjny': 'Windows 11 Home Edition'}"
"Laptop gamingowy MSI Cyborg 15 C2WEO-451PL 15,6"" 144Hz Core 7 240H 16GB RAM 512GB Dysk SSD RTX5050 DLSS4 Win11 Szary Funkcje AI",6 399.00 zł,"https://f00.esfr.pl/foto/9/193799660401/d653a924a430a4eef0cd7d433fe64ae2/msi-laptop-msi-cyb-15-6-c7-5050-16-512-w11,193799660401_7.webp","{'Ekran': '15,6 "",  1920 x 1080 pikseli 144 Hz', 'Procesor': 'Intel® Core™ 7 Series 2 240H', 'Pamięć': '16 GB  DDR4 3200 MHz RAM', 'Grafika': 'NVIDIA® GeForce RTX™ 5050 + Intel Graphics', 'Dysk': '512 GB SSD', 'System operacyjny': 'Windows 11 Home Edition'}"
"Apple MacBook Air 2026 15,3"" M5 10/10 16GB RAM 1TB Dysk macOS Północ Funkcje AI",8 399.00 zł,"https://f00.esfr.pl/foto/7/187427032145/47caa8a72ab06eeb39d1253e9c476b56/apple-macbook-air-2026-15-3-m5-10-10-16gb-ram-1tb-dysk-macos-polnoc-funkcje-ai,187427032145_7.webp","{'Ekran': '15,3"",  2880 x 1864 pikseli', 'Procesor': 'Apple M5', 'Pamięć': '16 GB  zunifikowana RAM', 'Grafika': 'Apple  M5 (10-rdzeni)', 'Dysk': '1 TB SSD', 'System operacyjny': 'macOS'}"
"Laptop biznesowy MSI Prestige 16 AI+ Evo B2VMG-012PL OLED 16"" Ultra 9 288V 32GB RAM 1TB Dysk SSD Win11 Pro Szary Funkcje AI",8 399.00 zł,"https://f00.esfr.pl/foto/8/155757021745/df3130428c887cca112d5701bfbf9f8f/msi-laptop-prestige-ai-16-u9-32gb-1tb-w11,155757021745_7.webp","{'Ekran': '16 "",  3840 x 2400 pikseli 60 Hz', 'Procesor': 'Intel® Core™ Ultra 9 15gen 288V', 'Pamięć': '32 GB  LPDDR5x 8533 Mhz RAM', 'Grafika': 'Intel®  Arc Graphics 140V', 'Dysk': '1 TB SSD', 'System operacyjny': 'Windows 11 Professional'}"
"Apple MacBook Air 2026 15,3"" M5 10/10 24GB RAM 1TB Dysk macOS Srebrny Funkcje AI",9 399.00 zł,"https://f00.esfr.pl/foto/4/187426678657/e128f996692f75d20b181bc8da3a1129/apple-macbook-air-2026-15-3-m5-10-10-24gb-ram-1tb-dysk-macos-srebrny-funkcje-ai,187426678657_7.webp","{'Ekran': '15,3"",  2880 x 1864 pikseli', 'Procesor': 'Apple M5', 'Pamięć': '24 GB  zunifikowana RAM', 'Grafika': 'Apple  M5 (10-rdzeni)', 'Dysk': '1 TB SSD', 'System operacyjny': 'macOS'}"
"Laptop gamingowy MSI Stealth 18 HX AI A2XWHG-038PL 18"" 240Hz Ultra 9 275HX 32GB RAM 2TB Dysk SSD RTX5070Ti DLSS4 Win11 Pro Czarny Funkcje",14 599.00 zł,"https://f00.esfr.pl/foto/6/162043310753/ca966b81f5c180a19177882667f94fed/msi-laptop-stealthai-18-u9-32-2tb-5070ti-w11,162043310753_7.webp","{'Ekran': '18 "",  2560 x 1600 pikseli 240 Hz', 'Procesor': 'Intel® Core™ Ultra 9 15gen 275HX', 'Pamięć': '32 GB  DDR5 6400 Mhz RAM', 'Grafika': 'NVIDIA® GeForce RTX™ 5070 Ti + Intel Graphics', 'Dysk': '2 TB SSD', 'System operacyjny': 'Windows 11 Professional'}"
"Laptop 2w1 Lenovo ThinkPad X1 Carbon Gen 13 Aura Edition OLED 14"" Ultra 7 255U 32GB RAM 1TB Dysk SSD Win11 Pro Czarny Funkcje AI",16 399.00 zł,"https://f00.esfr.pl/foto/7/172660865217/35bb63445404e1543c90c5c272466a57/lenovo-laptop-lenovo-x1-7-255u-32gb-1tb-14-w11p_2,172660865217_7.webp","{'Ekran': '14 "", ekran dotykowy 2880 x 1800 pikseli 120 Hz', 'Procesor': 'Intel® Core™ Ultra 7 15gen 255U', 'Pamięć': '32 GB  LPDDR5x 8400 Mhz RAM', 'Grafika': 'Intel®  Graphics', 'Dysk': '1 TB SSD', 'System operacyjny': 'Windows 11 Professional'}"
"Laptop Acer Swift Go 16 AI SFG16-74 OLED 16"" Core Ultra 7 256V 16GB RAM 1TB Dysk SSD Win11 Czarny Funkcje AI",4 889.99 zł,"https://f00.esfr.pl/foto/3/186932800689/1d740efd3fbdd2d0746b379e36bbf236/acer-laptop-acer-sfg16-oled-cu7-16gb-1tb-w11,186932800689_7.webp","{'Ekran': '16 "",  2048 x 1280 pikseli 60 Hz', 'Procesor': 'Intel® Core™ Ultra 7 15gen 256V', 'Pamięć': '16 GB  LPDDR5X RAM', 'Grafika': 'Intel®  Arc™ 140V Graphics', 'Dysk': '1 TB SSD', 'System operacyjny': 'Windows 11 Home Edition'}"
"Laptop gamingowy Acer Nitro V 16S AI ANV16S-41 16"" 180Hz R7 260 32GB RAM 1TB Dysk SSD RTX5050 DLSS4 Czarny Funkcje AI",6 454.99 zł,"https://f00.esfr.pl/foto/4/180303457201/c1a26a5d0f52482a00bd82ddde64135b/acer-laptop-nitro-v-16s-r7-32gb-1tb-5050-nos,180303457201_7.webp","{'Ekran': '16 "",  1920 x 1200 pikseli 180 Hz', 'Procesor': 'AMD Ryzen™ 7 260', 'Pamięć': '32 GB  DDR5 5600 Mhz RAM', 'Grafika': 'NVIDIA® GeForce RTX™ 5050 + AMD Radeon™ 780M', 'Dysk': '1 TB SSD', 'System operacyjny': 'bez systemu'}"
"Laptop gamingowy MSI Cyborg 15 B13WGKG-630XPL 15,6""144Hz i7-13620H 16GB RAM 1TB Dysk SSD RTX5070 DLSS4 Czarny Funkcje AI",4 999.00 zł,"https://f00.esfr.pl/foto/6/190295129417/5ed0324a99f7e1e2c500df13b4105864/msi-laptop-msi-cyborg-15-i7-16-1tb-5070-nos,190295129417_7.webp","{'Ekran': '15,6 "",  1920 x 1080 pikseli 144 Hz', 'Procesor': 'Intel® Core™ i7 13gen 13620H', 'Pamięć': '16 GB  DDR5 5200 Mhz RAM', 'Grafika': 'NVIDIA® GeForce RTX™ 5070 + Intel UHD Graphics', 'Dysk': '1 TB SSD', 'System operacyjny': 'bez systemu'}"
"Laptop Acer Swift Go 14 AI SFG14-75 OLED 14"" Core Ultra 9 288V 32GB RAM 1TB Dysk SSD Win11 Niebieski Funkcje AI",5 599.99 zł,"https://f00.esfr.pl/foto/3/186932928537/453602f4f4d047d066d09ce561a5e135/acer-laptop-acer-sfg14-oled-cu9-32gb-1tb-w11,186932928537_7.webp","{'Ekran': '14 "",  1920 x 1200 pikseli 60 Hz', 'Procesor': 'Intel® Core™ Ultra 9 15gen 288V', 'Pamięć': '32 GB  LPDDR5X RAM', 'Grafika': 'Intel®  Arc™ 140V Graphics', 'Dysk': '1 TB SSD', 'System operacyjny': 'Windows 11 Home Edition'}"
"Laptop HP OmniBook 7 16-bh0004nwx OLED 16"" Ultra 7 356H 24GB RAM 512GB Dysk SSD Win11 Srebrny Funkcje AI",6 333.00 zł,"https://f00.esfr.pl/foto/1/192315589921/13760738fe2c5f222d6a85c471880b7b/hp-laptop-hp-ob-7-16-u7-24-512-w11,192315589921_7.webp","{'Ekran': '16 "", ekran dotykowy 2048 x 1280 pikseli 120 Hz', 'Procesor': 'Intel® Core™ Ultra 7 Series 3 356H', 'Pamięć': '24 GB  LPDDR5x 7467 Mhz RAM', 'Grafika': 'Intel®  Graphics', 'Dysk': '512 GB SSD', 'System operacyjny': 'Windows 11 Home Edition'}"
"Laptop gamingowy Acer Nitro V 16S AI ANV16S-41 16"" 180Hz R7 260 32GB RAM 1TB Dysk SSD RTX5050 DLSS4 Win11 Pro Czarny Funkcje AI",7 399.00 zł,"https://f00.esfr.pl/foto/1/180303342585/c1a26a5d0f52482a00bd82ddde64135b/acer-laptop-nitro-v-16s-r7-32gb-1tb-5050-w11p,180303342585_7.webp","{'Ekran': '16 "",  1920 x 1200 pikseli 180 Hz', 'Procesor': 'AMD Ryzen™ 7 260', 'Pamięć': '32 GB  DDR5 5600 Mhz RAM', 'Grafika': 'NVIDIA® GeForce RTX™ 5050 + AMD Radeon™ 780M', 'Dysk': '1 TB SSD', 'System operacyjny': 'Windows 11 Professional'}"
"Laptop 2w1 HP OmniBook X Flip AI 16-cc0000nwx OLED 16"" Ryzen AI 9 465 32GB RAM 1TB Dysk SSD Win11 Srebrny Funkcje AI",8 699.00 zł,"https://f00.esfr.pl/foto/7/192315661233/605b4367bc10c5e53940d1cb33a0f4c8/hp-laptop-hp-ob-x-f-rai9-16-32-1-w11,192315661233_7.webp","{'Ekran': '16 "", ekran dotykowy 2880 x 1800 pikseli 120 Hz', 'Procesor': 'AMD Ryzen™ AI 9 465', 'Pamięć': '32 GB  LPDDR5x 8533 Mhz RAM', 'Grafika': 'AMD  Radeon™ 880M', 'Dysk': '1 TB SSD', 'System operacyjny': 'Windows 11 Home Edition'}"
"Laptop ASUS Vivobook S14 S3407AA-SF055W OLED 14"" Ultra 5 325 16GB RAM 512GB Dysk SSD Win11 Szary Funkcje AI",3 899.00 zł,"https://f00.esfr.pl/foto/5/185048539953/3a375791630c41f4488c988e7d806b9b/asus-laptop-asus-vb-s14-u5-16-512gb-w11,185048539953_7.webp","{'Ekran': '14 "",  1920 x 1200 pikseli 60 Hz', 'Procesor': 'Intel® Core™ Ultra 5 Series 3 325', 'Pamięć': '16 GB  DDR5 RAM', 'Grafika': 'Intel®  Graphics', 'Dysk': '512 GB SSD', 'System operacyjny': 'Windows 11 Home Edition'}"
"Laptop 2w1 HP OmniBook X Flip AI 16-cc0002nwx OLED 16"" Ryzen AI 7 445 32GB RAM 512GB Dysk SSD Win11 Srebrny Funkcje AI",6 666.00 zł,"https://f00.esfr.pl/foto/1/192315658449/605b4367bc10c5e53940d1cb33a0f4c8/hp-laptop-hp-ob-x-f-16-rai7-32-512-w11,192315658449_7.webp","{'Ekran': '16 "", ekran dotykowy 2880 x 1800 pikseli 120 Hz', 'Procesor': 'AMD Ryzen™ AI 7 445', 'Pamięć': '32 GB  LPDDR5x 8533 Mhz RAM', 'Grafika': 'AMD  Radeon™ 840M', 'Dysk': '512 GB SSD', 'System operacyjny': 'Windows 11 Home Edition'}"
"Laptop gamingowy Acer Nitro 18 AI AN18-61 18"" 165Hz Ryzen AI 9 365 32GB RAM 1TB Dysk SSD RTX5060 DLSS4 Czarny Funkcje AI",7 999.00 zł,"https://f00.esfr.pl/foto/4/176109572673/2585ab2231bdb847a928d1c055491e12/acer-laptop-nitro-18-r9ai-32gb-1tb-5060-nos,176109572673_7.webp","{'Ekran': '18 "",  2560 x 1600 pikseli 165 Hz', 'Procesor': 'AMD Ryzen™ AI 9 365', 'Pamięć': '32 GB  DDR5 5600 Mhz RAM', 'Grafika': 'NVIDIA® GeForce RTX™ 5060 + AMD Radeon™ 880M', 'Dysk': '1 TB SSD', 'System operacyjny': 'bez systemu'}"
"Laptop gamingowy Acer Nitro 18 AI AN18-61 18"" 165Hz Ryzen AI 9 365 32GB RAM 1TB Dysk SSD RTX5060 DLSS4 Win11 Czarny Funkcje AI",9 999.00 zł,"https://f00.esfr.pl/foto/7/176110128345/baa173bf28303f4ae82ce0a35d39b1e2/acer-laptop-nitro-18-r9ai-32gb-1tb-5060-w11,176110128345_7.webp","{'Ekran': '18 "",  2560 x 1600 pikseli 165 Hz', 'Procesor': 'AMD Ryzen™ AI 9 365', 'Pamięć': '32 GB  DDR5 5600 Mhz RAM', 'Grafika': 'NVIDIA® GeForce RTX™ 5060 + AMD Radeon™ 880M', 'Dysk': '1 TB SSD', 'System operacyjny': 'Windows 11 Home Edition'}"
"Laptop gamingowy ASUS ROG Strix G18 G815LR-U9R321W 18"" 300Hz Ultra 9 290HX Plus 32GB RAM 1TB Dysk SSD RTX5070Ti DLSS4 Win11 Szary AI",16 199.00 zł,"https://f00.esfr.pl/foto/7/191218284825/1a36943acad99b63cbdae5c8505eaba1/asus-laptop-asus-r-s-g18-u9-32-1-5070ti-w11,191218284825_7.webp","{'Ekran': '18 "",  2560 x 1600 pikseli 300 Hz', 'Procesor': 'Intel® Core™ Ultra 9 15gen 290HX Plus', 'Pamięć': '32 GB  DDR5 5600 Mhz RAM', 'Grafika': 'NVIDIA® Geforce RTX™ 5070 Ti + Intel Graphics', 'Dysk': '1 TB SSD', 'System operacyjny': 'Windows 11 Home Edition'}"
"Laptop biznesowy Lenovo ThinkBook 16 G7 ARP 16"" R5 7535HS 16GB RAM 512GB Dysk SSD Win11 Pro Szary",4 799.00 zł,"https://f00.esfr.pl/foto/9/153673087073/4d27150d99ac8836f916d701ab3a29e2/lenovo-laptop-lenovo-r57535hs-16gb-512-16-w11p,153673087073_7.webp","{'Ekran': '16 "",  1920 x 1200 pikseli 60 Hz', 'Procesor': 'AMD Ryzen™ 5 7535HS', 'Pamięć': '16 GB  DDR5 5600 Mhz RAM', 'Grafika': 'AMD  Radeon™ 660M', 'Dysk': '512 GB SSD', 'System operacyjny': 'Windows 11 Professional'}"
"Laptop Acer Swift Go 14 AI SFG14-75 OLED 14"" Core Ultra 7 258V 32GB RAM 1TB Dysk SSD Win11 Niebieski Funkcje AI",5 199.00 zł,"https://f00.esfr.pl/foto/6/186933047969/453602f4f4d047d066d09ce561a5e135/acer-laptop-acer-sfg14-oled-cu7-32gb-1tb-w11,186933047969_7.webp","{'Ekran': '14 "",  1920 x 1200 pikseli 60 Hz', 'Procesor': 'Intel® Core™ Ultra 7 15gen 258V', 'Pamięć': '32 GB  LPDDR5X RAM', 'Grafika': 'Intel®  Arc™ 140V Graphics', 'Dysk': '1 TB SSD', 'System operacyjny': 'Windows 11 Home Edition'}"
"Laptop biznesowy ASUS ExpertBook Ultra B9406CAA-TH0744X OLED 14"" 120Hz Ultra X7 358H 64GB RAM 2TB Dysk SSD Win11 Pro Szary Funkcje AI",18 599.00 zł,"https://f00.esfr.pl/foto/9/188482194785/330287289cdcfbf2f9026a5aaecca248/asus-laptop-asus-eb-p-14-ux7-64-2-w11p,188482194785_7.webp","{'Ekran': '14 "", ekran dotykowy 2880 x 1800 pikseli 120 Hz', 'Procesor': 'Intel® Core™ Ultra X7 Series 3 358H', 'Pamięć': '64 GB  LPDDR5X RAM', 'Grafika': 'Intel®  Arc™ B390 Graphics', 'Dysk': '2 TB SSD', 'System operacyjny': 'Windows 11 Professional'}"
"Apple MacBook Pro 2026 16,2"" M5 Max 18/40 48GB RAM 2TB Dysk macOS Srebrny",23 999.00 zł,"https://f00.esfr.pl/foto/9/187428081705/786ce15983dbaf6018302d17eb57d9c6/apple-macbook-pro-2026-16-2-m5-max-18-40-48gb-ram-2tb-dysk-macos-srebrny,187428081705_7.webp","{'Ekran': '16,2 "",  3456 x 2234 pikseli 120 Hz', 'Procesor': 'Apple M5 Max', 'Pamięć': '48 GB  zunifikowana RAM', 'Grafika': 'Apple  M5 Max (40-rdzeni)', 'Dysk': '2 TB SSD', 'System operacyjny': 'macOS'}"
"Laptop Dell 16 DC16250 16"" Core 5 120U 16GB RAM 512GB Dysk SSD Win11 Czarny Funkcje AI",3 499.00 zł,"https://f00.esfr.pl/foto/9/175915208121/7711f812975cef7e0152dbd45e196d2c/dell-laptop-d16-c5-16gb-512gb-w11_1,175915208121_7.webp","{'Ekran': '16 "",  1920 x 1200 pikseli 60 Hz', 'Procesor': 'Intel® Core™ 5 14gen 120U', 'Pamięć': '16 GB  DDR5 5200 Mhz RAM', 'Grafika': 'Intel®  Graphics', 'Dysk': '512 GB SSD', 'System operacyjny': 'Windows 11 Home Edition'}"
"Laptop Acer Swift Go 14 AI SFG14-64-R1FH OLED 14"" Ryzen AI 7 350 32GB RAM 1TB Dysk SSD Win11 Srebrny Funkcje AI",4 999.00 zł,"https://f00.esfr.pl/foto/8/164736449361/7dbbdad3220f474bca490322b96b9425/acer-laptop-swift-r7ai-14-oled-32gb-1tb-w11,164736449361_7.webp","{'Ekran': '14 "",  1920 x 1200 pikseli 60 Hz', 'Procesor': 'AMD Ryzen™ AI 7 350', 'Pamięć': '32 GB  LPDDR5x 8000 Mhz RAM', 'Grafika': 'AMD  Radeon™ 860M', 'Dysk': '1 TB SSD', 'System operacyjny': 'Windows 11 Home Edition'}"
"Laptop ASUS Vivobook 14 M1407GA-LY010W 14"" Ryzen AI 7 445 16GB RAM 512GB Dysk SSD Win11 Niebieski Funkcje AI",3 799.00 zł,"https://f00.esfr.pl/foto/3/185048977481/aefaa23a42bc6c73a365cf09544940a8/asus-laptop-as-ly010w-vb-14-r7ai-16-512-w11,185048977481_7.webp","{'Ekran': '14 "",  1920 x 1200 pikseli 60 Hz', 'Procesor': 'AMD Ryzen™ AI 7 445', 'Pamięć': '16 GB  DDR5 RAM', 'Grafika': 'AMD  Radeon™ 840M', 'Dysk': '512 GB SSD', 'System operacyjny': 'Windows 11 Home Edition'}"
"Laptop Lenovo IdeaPad Flex 5 14ABR8 14"" R5 7430U 16GB RAM 512GB Dysk SSD Win11 Szary Funkcje AI",2 971.58 zł,"https://f00.esfr.pl/foto/5/183197128737/ff4a74acad3e66627859951cf209ff76/lenovo-laptop-ipf5-r5-14-16gb-512gb-w11,183197128737_7.webp","{'Ekran': '14 "", ekran dotykowy 1920 x 1200 pikseli 60 Hz', 'Procesor': 'AMD Ryzen™ 5 7430U', 'Pamięć': '16 GB  LPDDR4x 4266 MHz RAM', 'Grafika': 'AMD  Radeon™ Graphics', 'Dysk': '512 GB SSD', 'System operacyjny': 'Windows 11 Home Edition'}"
"Laptop ASUS Vivobook 15 X1504MA-BQ048W 15,6"" Core 5 320 16GB RAM 512GB Dysk SSD Win11 Niebieski Funkcje AI",3 799.00 zł,"https://f00.esfr.pl/foto/7/191218268001/f5a01d18fee657b1b2ead7bc556fa193/asus-laptop-asus-vb-15-6-c5-16-512-w11,191218268001_7.webp","{'Ekran': '15,6 "",  1920 x 1080 pikseli 60 Hz', 'Procesor': 'Intel® Core™ 5 Series 3 320', 'Pamięć': '16 GB  DDR5 RAM', 'Grafika': 'Intel®  Graphics', 'Dysk': '512 GB SSD', 'System operacyjny': 'Windows 11 Home Edition'}"
"Laptop gamingowy Acer Nitro 16S AI AN16S-61 16"" 180Hz Ryzen AI 9 365 32GB RAM 1TB Dysk SSD RTX5070Ti DLSS4 Win11 Pro Czarny Funkcje AI",11 499.00 zł,"https://f00.esfr.pl/foto/9/176109331705/c973ac7f62507130208ffdca5bb01550/acer-nitro-16s-ai-an16s-61-16-180hz-ryzen-ai-9-365-32gb-ram-1tb-dysk-ssd-rtx5070ti-dlss4-win11-pro-czarny,176109331705_7.webp","{'Ekran': '16 "",  2560 x 1600 pikseli 180 Hz', 'Procesor': 'AMD Ryzen™ AI 9 365', 'Pamięć': '32 GB  DDR5 5600 Mhz RAM', 'Grafika': 'NVIDIA® GeForce RTX™ 5070 Ti + AMD Radeon™ 880M', 'Dysk': '1 TB SSD', 'System operacyjny': 'Windows 11 Professional'}"
"Laptop biznesowy Acer TravelMate P2 15 TMP215-75-G2-TCO 15,6"" Ultra 5 125H 16GB RAM 512GB Dysk SSD Win11 Pro Srebrny",3 199.00 zł,"https://f00.esfr.pl/foto/2/181421960289/88cd060f1279ae9ea505d6602f37ada2/acer-laptop-acer-tm-p2-u5-16gb-512gb-w11p,181421960289_7.webp","{'Ekran': '15,6 "",  1920 x 1080 pikseli 60 Hz', 'Procesor': 'Intel® Core™ Ultra 5 14gen 125H', 'Pamięć': '16 GB  DDR5 5600 Mhz RAM', 'Grafika': 'Intel®  Arc™ Graphics (działający jako Intel® Graphics)', 'Dysk': '512 GB SSD', 'System operacyjny': 'Windows 11 Professional'}"
"Laptop HP OmniBook 5 16-bp0002nwx OLED 16"" Ryzen AI 5 430 16GB RAM 512GB Dysk SSD Win11 Srebrny Funkcje AI",3 888.00 zł,"https://f00.esfr.pl/foto/4/192315652841/8616f1ee6e81d59cbdfb7021a66ed199/hp-laptop-hp-ob-5-16-rai5-16-512-w11,192315652841_7.webp","{'Ekran': '16 "",  1920 x 1200 pikseli', 'Procesor': 'AMD Ryzen™ AI 5 430', 'Pamięć': '16 GB  LPDDR5x 7500 Mhz RAM', 'Grafika': 'AMD  Radeon™ 840M', 'Dysk': '512 GB SSD', 'System operacyjny': 'Windows 11 Home Edition'}"
"Laptop HP OmniBook 7 16-ay0217nw OLED 16"" 120Hz Ultra 7 255H 32GB RAM 1TB Dysk SSD Win11 Srebrny Funkcje AI",6 499.00 zł,"https://f00.esfr.pl/foto/6/181421617745/a02dbaba0a6e5778980e91df30f579d5/hp-laptop-hp-ob7-ai-16-u7-32-1-w11,181421617745_7.webp","{'Ekran': '16 "", ekran dotykowy 2048 x 1280 pikseli 120 Hz', 'Procesor': 'Intel® Core™ Ultra 7 15gen 255H', 'Pamięć': '32 GB  DDR5 5600 Mhz RAM', 'Grafika': 'Intel®  Arc 140T', 'Dysk': '1 TB SSD', 'System operacyjny': 'Windows 11 Home Edition'}"
"Apple MacBook Air 2026 13,6"" M5 10/10 16GB RAM 1TB Dysk macOS Srebrny Funkcje AI",7 499.00 zł,"https://f00.esfr.pl/foto/3/187426668793/c1beeffdc9aeb2be573cfbeece50d15f/apple-macbook-air-2026-13-6-m5-10-10-16gb-ram-1tb-dysk-macos-srebrny-funkcje-ai,187426668793_7.webp","{'Ekran': '13,6 "",  2560 x 1664 pikseli', 'Procesor': 'Apple M5', 'Pamięć': '16 GB  zunifikowana RAM', 'Grafika': 'Apple  M5 (10-rdzeni)', 'Dysk': '1 TB SSD', 'System operacyjny': 'macOS'}"
"Laptop 2w1 HP OmniBook X Flip 14-kc0000nw OLED 14"" Ryzen AI 9 465 32GB RAM 1TB Dysk SSD Win11 Brązowy Funkcje AI",8 499.00 zł,"https://f00.esfr.pl/foto/9/192315665185/fcf2939431db6885127699fa7e1c242d/hp-laptop-hp-ob-x-f-14-rai9-32-1-w11,192315665185_7.webp","{'Ekran': '14 "", ekran dotykowy 2880 x 1800 pikseli 120 Hz', 'Procesor': 'AMD Ryzen™ AI 9 465', 'Pamięć': '32 GB  LPDDR5x 8533 Mhz RAM', 'Grafika': 'AMD  Radeon™ 880M', 'Dysk': '1 TB SSD', 'System operacyjny': 'Windows 11 Home Edition'}"
"Laptop MSI Modern 15 H C13M-201PL 15,6"" i7-13620H 16GB RAM 512GB Dysk SSD Win11 Czarny",3 599.00 zł,"https://f00.esfr.pl/foto/3/143132318017/84885ca895b356185f54bedee3eb8ef9/msi-laptop-modern-15-h-c13m-i7-16-512gb-w11,143132318017_7.webp","{'Ekran': '15,6 "",  1920 x 1080 pikseli 60 Hz', 'Procesor': 'Intel® Core™ i7 13gen 13620H', 'Pamięć': '16 GB  DDR4 3200 MHz RAM', 'Grafika': 'Intel®  UHD Graphics', 'Dysk': '512 GB SSD', 'System operacyjny': 'Windows 11 Home Edition'}"
"Laptop gamingowy MSI Katana 15 HX B14WEK-060XPL 15,6"" 165Hz i7-14650HX 16GB RAM 512GB Dysk SSD RTX5050 DLSS4 Czarny",4 449.00 zł,"https://f00.esfr.pl/foto/5/172392856313/43674c9d523679cf7655be1bdbb265b3/msi-laptop-katana-15-i7-16-512gb-5050-nos,172392856313_7.webp","{'Ekran': '15,6 "",  2560 x 1440 pikseli 165 Hz', 'Procesor': 'Intel® Core™ i7 14gen 14650HX', 'Pamięć': '16 GB  DDR5 5600 Mhz RAM', 'Grafika': 'NVIDIA® GeForce RTX™ 5050 + Intel UHD Graphics', 'Dysk': '512 GB SSD', 'System operacyjny': 'bez systemu'}"
"Laptop biznesowy Lenovo ThinkPad L16 Gen 2 16"" Ultra 5 225U 16GB RAM 512GB Dysk SSD Win11 Pro Czarny Funkcje AI",6 199.00 zł,"https://f00.esfr.pl/foto/2/174092026105/b831b4f5bcb31a17e54057b8bf22908c/lenovo-laptop-lenovo-tp-16-u5-16gb-512gb-w11p_1,174092026105_7.webp","{'Ekran': '16 "",  1920 x 1200 pikseli 60 Hz', 'Procesor': 'Intel® Core™ Ultra 5 15gen 225U', 'Pamięć': '16 GB  DDR5 5600 Mhz RAM', 'Grafika': 'Intel®  Graphics', 'Dysk': '512 GB SSD', 'System operacyjny': 'Windows 11 Professional'}"
"Laptop biznesowy ASUS ExpertBook PM3 PM3406CKA-NZ0142X 14"" 144Hz Ryzen AI 7 350 16GB RAM 512GB Dysk SSD Win11 Pro Szary Funkcje AI",6 299.00 zł,"https://f00.esfr.pl/foto/8/188482056153/50417d299ac1c7cbbc437e94d33a90c8/asus-laptop-asus-eb-14-ai-r7-16-512-w11p,188482056153_7.webp","{'Ekran': '14 "",  2560 x 1600 pikseli 144 Hz', 'Procesor': 'AMD Ryzen™ AI 7 350', 'Pamięć': '16 GB  DDR5 RAM', 'Grafika': 'AMD  Radeon™ 860M', 'Dysk': '512 GB SSD', 'System operacyjny': 'Windows 11 Professional'}"
"Laptop gamingowy MSI Crosshair 16 HX E14WFK-072PL 16"" 240Hz i7-14650HX 16GB RAM 1TB Dysk SSD RTX5060 DLSS4 Win11 Czarny",8 599.00 zł,"https://f00.esfr.pl/foto/5/193799656897/b18946c03bc424729a6df505946ed4ff/msi-laptop-msi-ch-16-i7-16-1-5060-w11,193799656897_7.webp","{'Ekran': '16 "",  2560 x 1600 pikseli 240 Hz', 'Procesor': 'Intel® Core™ i7 14gen 14650HX', 'Pamięć': '16 GB  DDR5 5600 Mhz RAM', 'Grafika': 'NVIDIA® GeForce RTX™ 5060 + Intel UHD Graphics', 'Dysk': '1 TB SSD', 'System operacyjny': 'Windows 11 Home Edition'}"
"Laptop biznesowy ASUS ExpertBook Ultra B9406CAA-TH0747X OLED 14"" 120Hz Ultra 7 356H 32GB RAM 1TB Dysk SSD Win11 Pro Szary Funkcje AI",12 599.00 zł,"https://f00.esfr.pl/foto/1/188482174297/50cdc65000f33b6238caa673de61e041/asus-laptop-asus-eb-p-14-u7-32-1-w11p_2,188482174297_7.webp","{'Ekran': '14 "", ekran dotykowy 2880 x 1800 pikseli 60 Hz', 'Procesor': 'Intel® Core™ Ultra 7 Series 3 356H', 'Pamięć': '32 GB  LPDDR5X RAM', 'Grafika': 'Intel®  Graphics', 'Dysk': '1 TB SSD', 'System operacyjny': 'Windows 11 Professional'}"
"Laptop biznesowy Lenovo ThinkPad X1 Carbon Gen 13 Aura Edition 14"" Ultra 7 255U 32GB RAM 1TB Dysk SSD Win11 Pro Czarny Funkcje AI",15 149.00 zł,"https://f00.esfr.pl/foto/2/172660427153/42868cdab23885ce101462912b0eb983/lenovo-laptop-lenovo-x1-7-255u-32gb-1tb-14-w11p,172660427153_7.webp","{'Ekran': '14 "",  1920 x 1200 pikseli 60 Hz', 'Procesor': 'Intel® Core™ Ultra 7 15gen 255U', 'Pamięć': '32 GB  LPDDR5x 8400 Mhz RAM', 'Grafika': 'Intel®  Graphics', 'Dysk': '1 TB SSD', 'System operacyjny': 'Windows 11 Professional'}"
"Laptop biznesowy Lenovo ThinkBook 16 G8 IAL 16"" Ultra 5 225U 16GB RAM 512GB Dysk SSD Win11 Pro Szary Funkcje AI",4 836.43 zł,"https://f00.esfr.pl/foto/2/172660867905/a1606400a4174d5979c0dbe67619ae75/lenovo-laptop-lenovo-ultra5225u-16gb-512gb-w11p,172660867905_7.webp","{'Ekran': '16 "",  1920 x 1200 pikseli 60 Hz', 'Procesor': 'Intel® Core™ Ultra 5 15gen 225U', 'Pamięć': '16 GB  DDR5 5600 Mhz RAM', 'Grafika': 'Intel®  Graphics', 'Dysk': '512 GB SSD', 'System operacyjny': 'Windows 11 Professional'}"
"Laptop biznesowy Lenovo ThinkBook 14 G8 IAL 14"" Ultra 7 255H 16GB RAM 512GB Dysk SSD Win11 Pro Szary Funkcje AI",4 849.00 zł,"https://f00.esfr.pl/foto/7/164170195585/9e63c42f02c72e809cff20f13c397a00/lenovo-laptop-lenovo-ul-7-255h-16-512gb-14-w11p,164170195585_7.webp","{'Ekran': '14 "",  1920 x 1200 pikseli 60 Hz', 'Procesor': 'Intel® Core™ Ultra 7 15gen 255H', 'Pamięć': '16 GB  DDR5 5600 Mhz RAM', 'Grafika': 'Intel®  Arc Graphics (działający jako Intel® Graphics)', 'Dysk': '512 GB SSD', 'System operacyjny': 'Windows 11 Professional'}"
"Laptop biznesowy Lenovo ThinkBook 16 G7 ARP 16"" R7 7735HS 16GB RAM 1TB Dysk SSD Win11 Pro Szary",5 243.26 zł,"https://f00.esfr.pl/foto/4/184605356625/4d27150d99ac8836f916d701ab3a29e2/lenovo-laptop-lenovo-r7-7735hs-16-1tb-16-w11p,184605356625_7.webp","{'Ekran': '16 "",  1920 x 1200 pikseli 60 Hz', 'Procesor': 'AMD Ryzen™ 7 7735HS', 'Pamięć': '16 GB  DDR5 4800 Mhz RAM', 'Grafika': 'AMD  Radeon™ 680M', 'Dysk': '1 TB SSD', 'System operacyjny': 'Windows 11 Professional'}"
"Laptop gamingowy MSI Stealth A16 MercedesAMG AI+A3XWGG OLED 16"" 240Hz Ryzen AI 9 HX370 32GB RAM 2TB Dysk SSD RTX5070 DLSS4 Win11 Szary",9 999.00 zł,"https://f00.esfr.pl/foto/8/184827881833/3f5e50baef5df8cba01ac516e6f3955e/msi-laptop-msi-st-16-r9ai-32-2t-5070-w11,184827881833_7.webp","{'Ekran': '16 "",  2560 x 1600 pikseli 240 Hz', 'Procesor': 'AMD Ryzen™ AI 9 HX 370', 'Pamięć': '32 GB  DDR5 RAM', 'Grafika': 'NVIDIA® GeForce RTX™ 5070 + AMD Radeon™ 890M', 'Dysk': '2 TB SSD', 'System operacyjny': 'Windows 11 Home Edition'}"
Laptop gamingowy HP OMEN 14-fb1008nw OLED 14'' 120Hz Ultra 9 285H 64GB RAM 1TB Dysk SSD RTX5070 DLSS4 Win11 Czarny Funkcje AI,11 599.00 zł,"https://f00.esfr.pl/foto/6/193704558577/8f99e7e3fa7ee776b7b24961dcf75957/hp-laptop-hp-om-14-u9-64-1-5070-w11,193704558577_7.webp","{'Ekran': '14 "",  2880 x 1800 pikseli 120 Hz', 'Procesor': 'Intel® Core™ Ultra 9 15gen 285H', 'Pamięć': '64 GB  LPDDR5x 8533 Mhz RAM', 'Grafika': 'NVIDIA® GeForce RTX™ 5070 + Intel Arc 140T Graphics', 'Dysk': '1 TB SSD', 'System operacyjny': 'Windows 11 Home Edition'}"
"Laptop 2w1 HP OmniBook 5 Flip 14-fp0216nw OLED 14"" Core 7 150U 16GB RAM 512GB Dysk SSD Win11 Srebrny Funkcje AI",4 499.00 zł,"https://f00.esfr.pl/foto/4/184149182065/d9fa07ab7fd129cc598e9866b79a6f89/hp-laptop-hp-ob-5-f-14-c7-16-512-gb-w11,184149182065_7.webp","{'Ekran': '14 "", ekran dotykowy 1920 x 1200 pikseli', 'Procesor': 'Intel® Core™ 7 14gen 150U', 'Pamięć': '16 GB  LPDDR5 5200 Mhz RAM', 'Grafika': 'Intel®  Graphics', 'Dysk': '512 GB SSD', 'System operacyjny': 'Windows 11 Home Edition'}"
"Laptop gamingowy ASUS ROG Zephyrus G16 GU606AW-U9321W OLED 16"" 240Hz Ultra 9 386H 32GB RAM 1TB Dysk SSD RTX5080 Win11 Szary Funkcje AI",19 799.00 zł,"https://f00.esfr.pl/foto/3/191218256521/b14bd7755e4834f02a341a36aba14cc5/asus-laptop-asus-r-z-g16-u9-32-1-5080-w11,191218256521_7.webp","{'Ekran': '16 "",  2560 x 1600 pikseli 240 Hz', 'Procesor': 'Intel® Core™ Ultra 9 Series 3 386H', 'Pamięć': '32 GB  LPDDR5x 8533 Mhz RAM', 'Grafika': 'NVIDIA® GeForce RTX™ 5080 + Intel Graphics', 'Dysk': '1 TB SSD', 'System operacyjny': 'Windows 11 Home Edition'}"
"Laptop gamingowy MSI Titan 18 HX AI A2WJ-1234PL 18"" 240Hz Ultra 9 290HX Plus 64GB RAM 2TB Dysk SSD RTX5090 DLSS4 Win11 Pro Czarny AI",25 999.00 zł,"https://f00.esfr.pl/foto/7/192277934177/dc4ee7e7506654a66e411a0e38a8519e/msi-laptop-msi-titan-18-u9-64-2-5090-w11p,192277934177_7.webp","{'Ekran': '18 "",  3840 x 2400 pikseli 240 Hz', 'Procesor': 'Intel® Core™ Ultra 9 Series 2 290HX Plus', 'Pamięć': '64 GB  DDR5 6400 Mhz RAM', 'Grafika': 'NVIDIA® GeForce RTX™ 5090 + Intel Graphics', 'Dysk': '2 TB SSD', 'System operacyjny': 'Windows 11 Professional'}"
"Laptop ASUS ROG Zephyrus Duo 16 GX651AR-U9642X 16""120Hz Ultra 9 386H 64GB RAM 2TB Dysk SSD RTX5070Ti DLSS4 Win11Pro Czarny AI",27 999.00 zł,"https://f00.esfr.pl/foto/8/191218297497/6aa53fdd6d52fda33f554af46fb0e803/asus-laptop-asus-r-z16-u9-64-2-5070ti-w11p,191218297497_7.webp","{'Ekran': '16 "", ekran dotykowy 2880 x 1800 pikseli 120 Hz', 'Procesor': 'Intel® Core™ Ultra 9 Series 3 386H', 'Pamięć': '64 GB  LPDDR5x 8533 Mhz RAM', 'Grafika': 'NVIDIA® GeForce RTX™ 5070 Ti + Intel Graphics', 'Dysk': '2 TB SSD', 'System operacyjny': 'Windows 11 Professional'}"
"Laptop ASUS Vivobook S14 S3407AA-SF013W OLED 14"" Ultra 7 355 16GB RAM 512GB Dysk SSD Win11 Srebrny Funkcje AI",4 399.00 zł,"https://f00.esfr.pl/foto/7/191218294673/fd50819976ddbe5964b882a81e100f9b/asus-laptop-asus-vb-s14-u7-16-512-w11,191218294673_7.webp","{'Ekran': '14 "",  1920 x 1200 pikseli 60 Hz', 'Procesor': 'Intel® Core™ Ultra 7 Series 3 355', 'Pamięć': '16 GB  DDR5 RAM', 'Grafika': 'Intel®  Graphics', 'Dysk': '512 GB SSD', 'System operacyjny': 'Windows 11 Home Edition'}"
"Laptop Acer Swift Go 14 AI SFG14-64-R46P OLED 14"" Ryzen AI 5 340 32GB RAM 1TB Dysk SSD Win11 Srebrny Funkcje AI",4 499.00 zł,"https://f00.esfr.pl/foto/5/164736479625/7dbbdad3220f474bca490322b96b9425/acer-laptop-swift-r5ai-14-oled-32gb-1tb-w11,164736479625_7.webp","{'Ekran': '14 "",  1920 x 1200 pikseli 60 Hz', 'Procesor': 'AMD Ryzen™ AI 5 340', 'Pamięć': '32 GB  LPDDR5x 8000 Mhz RAM', 'Grafika': 'AMD  Radeon™ 840M', 'Dysk': '1 TB SSD', 'System operacyjny': 'Windows 11 Home Edition'}"
"Laptop Dell 14 Plus 1425-2839 14"" Ultra 7 256V 16GB RAM 1TB Dysk SSD Win11 Niebieski Funkcje AI",5 299.00 zł,"https://f00.esfr.pl/foto/1/160009427065/1ramen18tjemm/dell-laptop-d14-u7-16gb-1tb-w11,160009427065_7.webp","{'Ekran': '14 "",  2560 x 1600 pikseli 90 Hz', 'Procesor': 'Intel® Core™ Ultra 7 15gen 256V', 'Pamięć': '16 GB  LPDDR5x 8533 Mhz RAM', 'Grafika': 'Intel®  Arc Graphics', 'Dysk': '1 TB SSD', 'System operacyjny': 'Windows 11 Home Edition'}"
"Laptop 2w1 Dell 16 Plus 1625-2884 16"" Ultra 7 256V 16GB RAM 512GB Dysk SSD Win11 Niebieski Funkcje AI",5 799.00 zł,"https://f00.esfr.pl/foto/5/160009400969/aa206b8fee6b9dba5d6089a0e13b15c5/dell-laptop-d16-u7-16gb-512gb-w11-touch,160009400969_7.webp","{'Ekran': '16 "", ekran dotykowy 2560 x 1600 pikseli 90 Hz', 'Procesor': 'Intel® Core™ Ultra 7 15gen 256V', 'Pamięć': '16 GB  LPDDR5x 8533 Mhz RAM', 'Grafika': 'Intel®  Arc Graphics', 'Dysk': '512 GB SSD', 'System operacyjny': 'Windows 11 Home Edition'}"
"Laptop gamingowy HP Victus 15-fa2118nw 15,6"" 144Hz Core 7 240H 24GB RAM 1TB Dysk SSD RTX5060 DLSS4 Win11 Czarno-srebrny Funkcje AI",6 899.00 zł,"https://f00.esfr.pl/foto/7/193704561409/27e4f63ecdbfaababbb2453870a37bfc/hp-laptop-hp-vic-15-6-c7-24-1-5060-w11,193704561409_7.webp","{'Ekran': '15,6 "",  1920 x 1080 pikseli 144 Hz', 'Procesor': 'Intel® Core™ 7 15gen 240H', 'Pamięć': '24 GB  DDR5 5600 Mhz RAM', 'Grafika': 'NVIDIA® GeForce RTX™ 5060 + Intel Graphics', 'Dysk': '1 TB SSD', 'System operacyjny': 'Windows 11 Home Edition'}"
"Laptop gamingowy MSI Vector 18 HX AI A2XWJG-690PL 18"" 240Hz Ultra 9 275HX 32GB RAM 2TB Dysk SSD RTX5090 DLSS4 Win11 Szary Funkcje AI",17 299.00 zł,"https://f00.esfr.pl/foto/9/168751937137/49ebd253f7e930679bde2d80084726eb/msi-laptop-msi-vector-18-u9-32-2tb-5090-w11,168751937137_7.webp","{'Ekran': '18 "",  2560 x 1600 pikseli 240 Hz', 'Procesor': 'Intel® Core™ Ultra 9 15gen 275HX', 'Pamięć': '32 GB  DDR5 5600 Mhz RAM', 'Grafika': 'NVIDIA® GeForce RTX™ 5090 + Intel Graphics', 'Dysk': '2 TB SSD', 'System operacyjny': 'Windows 11 Home Edition'}"
"Laptop biznesowy Acer TravelMate P4 Spin 14 TMP414RN-55-TCO 14"" Ultra 5 225U 16GB RAM 512GB Dysk SSD Win11Pro Niebieski Funkcje AI",4 099.00 zł,"https://f00.esfr.pl/foto/6/180723189305/ef9b531d836647bb6783de11cf9a1d9a/acer-laptop-acer-tm-p4-14-u5-16gb-512gb-w11p,180723189305_7.webp","{'Ekran': '14 "", ekran dotykowy 1920 x 1200 pikseli', 'Procesor': 'Intel® Core™ Ultra 5 14gen 225U', 'Pamięć': '16 GB  DDR5 RAM', 'Grafika': 'Intel®  Graphics', 'Dysk': '512 GB SSD', 'System operacyjny': 'Windows 11 Professional'}"
"Laptop gamingowy Acer Nitro V 15 ANV15-52 15,6"" 165Hz i5-13420H 16GB RAM 512GB Dysk SSD RTX5060 Czarny",5 199.00 zł,"https://f00.esfr.pl/foto/7/176109624761/125ljhich8lbc/acer-laptop-nitro-v-15-i5-16gb-512gb-5060-nos,176109624761_7.webp","{'Ekran': '15,6 "",  1920 x 1080 pikseli 165 Hz', 'Procesor': 'Intel® Core™ i5 13gen 13420H', 'Pamięć': '16 GB  DDR4 RAM', 'Grafika': 'NVIDIA® GeForce RTX™ 5060 + Intel UHD Graphics', 'Dysk': '512 GB SSD', 'System operacyjny': 'bez systemu'}"
"Laptop HP OmniBook X 14-ka0013nwx OLED 14""  Ultra 7 356H 24GB RAM 1TB Dysk SSD Win11 Niebieski Funkcje AI",6 333.00 zł,"https://f00.esfr.pl/foto/4/192315655625/431bd082c9c9e38518aefcda608be3cf/hp-laptop-hp-ob-x-14-u7-24-1-w11,192315655625_7.webp","{'Ekran': '14 "",  2880 x 1800 pikseli 120 Hz', 'Procesor': 'Intel® Core™ Ultra 7 Series 3 365H', 'Pamięć': '24 GB  LPDDR5x 8533 Mhz RAM', 'Grafika': 'Intel®  Graphics', 'Dysk': '1 TB SSD', 'System operacyjny': 'Windows 11 Home Edition'}"
"Apple MacBook Air 2026 13,6"" M5 10/10 16GB RAM 1TB Dysk macOS Błękitny Funkcje AI",7 499.00 zł,"https://f00.esfr.pl/foto/4/187427377409/aba59f8233cb40d1c4594221c7cfbba4/apple-macbook-air-2026-13-6-m5-10-10-16gb-ram-1tb-dysk-macos-blekitny-funkcje-ai,187427377409_7.webp","{'Ekran': '13,6 "",  2560 x 1664 pikseli', 'Procesor': 'Apple M5', 'Pamięć': '16 GB  zunifikowana RAM', 'Grafika': 'Apple  M5 (10-rdzeni)', 'Dysk': '1 TB SSD', 'System operacyjny': 'macOS'}"
"Apple MacBook Pro 2026 16,2"" M5 Pro 18/20 24GB RAM 1TB Dysk macOS Srebrny",14 499.00 zł,"https://f00.esfr.pl/foto/5/187428031921/786ce15983dbaf6018302d17eb57d9c6/apple-macbook-pro-2026-16-2-m5-pro-18-20-24gb-ram-1tb-dysk-macos-srebrny,187428031921_7.webp","{'Ekran': '16,2 "",  3456 x 2234 pikseli 120 Hz', 'Procesor': 'Apple M5 Pro', 'Pamięć': '24 GB  zunifikowana RAM', 'Grafika': 'Apple  M5 Pro (20-rdzeni)', 'Dysk': '1 TB SSD', 'System operacyjny': 'macOS'}"
"Laptop HP OmniBook 3 17-dm0000nwx 17,3"" Ryzen AI 7 445 16GB RAM 512GB Dysk SSD Win11 Srebrny Funkcje AI",3 999.00 zł,"https://f00.esfr.pl/foto/5/192315602681/e76cd8b45a724f10e8c73c8d1ca8f455/hp-laptop-hp-ob-3-17-rai7-16-512-w11,192315602681_7.webp","{'Ekran': '17,3 "",  1920 x 1080 pikseli', 'Procesor': 'AMD Ryzen™ AI 7 445', 'Pamięć': '16 GB  LPDDR5 5600 Mhz RAM', 'Grafika': 'AMD  Radeon™ 840M Graphics', 'Dysk': '512 GB SSD', 'System operacyjny': 'Windows 11 Home Edition'}"
"Laptop gamingowy MSI Cyborg 17 B2RWEKG-030XPL 17,3"" 144Hz Core 5 210H 16GB RAM 512GB Dysk SSD RTX5050 DLSS4 Czarny Funkcje AI",4 299.00 zł,"https://f00.esfr.pl/foto/4/168751972297/ea37fad306a9542796fcb8bc96b6bdb8/msi-lap-msi-cyborg-17-i5-16-512gb-5050-nos,168751972297_7.webp","{'Ekran': '17,3 "",  1920 x 1080 pikseli 144 Hz', 'Procesor': 'Intel® Core™ 5 15gen 210H', 'Pamięć': '16 GB  DDR5 RAM', 'Grafika': 'NVIDIA® GeForce RTX™ 5050 + Intel Graphics', 'Dysk': '512 GB SSD', 'System operacyjny': 'bez systemu'}"
"Laptop gamingowy Acer Nitro V 14 AI ANV14-62 14,5"" 165Hz Ryzen AI 7 350 16GB RAM 1TB Dysk SSD RTX5050 DLSS4 Biały Funkcje AI",6 799.00 zł,"https://f00.esfr.pl/foto/5/176109217785/bbba9f6d4d68862c46c6342d84371c5e/acer-laptop-nitro-v-14-r7ai-16gb-1tb-5050-nos,176109217785_7.webp","{'Ekran': '14,5 "",  2560 x 1600 pikseli 165 Hz', 'Procesor': 'AMD Ryzen™ AI 7 350', 'Pamięć': '16 GB  DDR5 5600 Mhz RAM', 'Grafika': 'NVIDIA® GeForce RTX™ 5050 + AMD Radeon™ 860M', 'Dysk': '1 TB SSD', 'System operacyjny': 'bez systemu'}"
"Laptop gamingowy Acer Nitro V 16 AI ANV16-42 16"" 180Hz R7 260 16GB RAM 1TB Dysk SSD RTX5060 DLSS4 Win11 Czarny Funkcje AI",7 099.00 zł,"https://f00.esfr.pl/foto/7/176109259409/c40d42241ce2fe5b7584f30f86c9700c/acer-laptop-nitro-v-16-r7-16gb-1tb-5060-w11,176109259409_7.webp","{'Ekran': '16 "",  2560 x 1600 pikseli 180 Hz', 'Procesor': 'AMD Ryzen™ 7 260', 'Pamięć': '16 GB  DDR5 5600 Mhz RAM', 'Grafika': 'NVIDIA® GeForce RTX™ 5060 + AMD Radeon™ 780M', 'Dysk': '1 TB SSD', 'System operacyjny': 'Windows 11 Home Edition'}"
"Laptop biznesowy Acer TravelMate P4 14 TMP414-55-TCO 14"" Ultra 5 225U 16GB RAM 512GB Dysk SSD Win11 Pro Niebieski Funkcje AI",3 799.00 zł,"https://f00.esfr.pl/foto/3/180723216761/d17227035cf8ce146f54e0a2e93397e9/acer-laptop-acer-tm-p4-14-u5-16gb-512gb-w11p_1,180723216761_7.webp","{'Ekran': '14 "",  2880 x 1800 pikseli', 'Procesor': 'Intel® Core™ Ultra 5 15gen 225U', 'Pamięć': '16 GB  DDR5 RAM', 'Grafika': 'Intel®  Graphics', 'Dysk': '512 GB SSD', 'System operacyjny': 'Windows 11 Professional'}"
"Laptop Acer Swift Go 14 AI SFG14-64-R7UM OLED 14"" Ryzen AI 7 350 32GB RAM 512GB Dysk SSD Win11 Srebrny Funkcje AI",4 799.00 zł,"https://f00.esfr.pl/foto/2/164736567401/7dbbdad3220f474bca490322b96b9425/acer-laptop-swift-r7ai-14-oled-32gb-512gb-w11,164736567401_7.webp","{'Ekran': '14 "",  1920 x 1200 pikseli 60 Hz', 'Procesor': 'AMD Ryzen™ AI 7 350', 'Pamięć': '32 GB  LPDDR5x 8000 Mhz RAM', 'Grafika': 'AMD  Radeon™ 860M', 'Dysk': '512 GB SSD', 'System operacyjny': 'Windows 11 Home Edition'}"
"Laptop Dell 15 DC15255 15,6"" R7 7730U 16GB RAM 1TB Dysk SSD Win11 Srebrny",3 799.00 zł,"https://f00.esfr.pl/foto/4/185209886241/8f8f76385a3079e852c54260bb7f97d/dell-laptop-dell-d15-r7-16gb-1tb-w11,185209886241_7.webp","{'Ekran': '15,6 "",  1920 x 1080 pikseli 120 Hz', 'Procesor': 'AMD Ryzen™ 7 7730U', 'Pamięć': '16 GB  DDR4 3200 MHz RAM', 'Grafika': 'AMD  Radeon™ Graphics', 'Dysk': '1 TB SSD', 'System operacyjny': 'Windows 11 Home Edition'}"
"Laptop Dell 14 DC14255 14"" Ryzen AI 7 350 16GB RAM 1TB Dysk SSD Win11 Srebrny Funkcje AI",4 399.00 zł,"https://f00.esfr.pl/foto/4/185209913313/456bd8ebc7f96053717950ade3681950/dell-laptop-dell-d14-r7ai-16gb-1tb-w11,185209913313_7.webp","{'Ekran': '14 "",  1920 x 1200 pikseli 60 Hz', 'Procesor': 'AMD Ryzen™ AI 7 350', 'Pamięć': '16 GB  DDR5 5600 Mhz RAM', 'Grafika': 'AMD  Radeon™ 860M', 'Dysk': '1 TB SSD', 'System operacyjny': 'Windows 11 Home Edition'}"
"Laptop ASUS Vivobook 17 X1704MA-AU008W 17,3"" Core 7 350 16GB RAM 512GB Dysk SSD Win11 Srebrny Funkcje AI",4 699.00 zł,"https://f00.esfr.pl/foto/8/191218282057/2f9afc186914b054f1cf0acbde689c8/asus-laptop-asus-vb-17-c7-16-512-w11,191218282057_7.webp","{'Ekran': '17,3 "",  1920 x 1080 pikseli 60 Hz', 'Procesor': 'Intel® Core™ 7 Series 3 350', 'Pamięć': '16 GB  DDR5 RAM', 'Grafika': 'Intel®  Graphics', 'Dysk': '512 GB SSD', 'System operacyjny': 'Windows 11 Home Edition'}"
"Laptop HP OmniBook X 14-ka0003nwx OLED 14"" Ultra 9 386H 32GB RAM 1TB Dysk SSD Win11 Srebrny Funkcje AI",7 999.00 zł,"https://f00.esfr.pl/foto/1/192315638545/8d4a2e4c798850869a5a399986af2cda/hp-laptop-hp-ob-x-14-u9-32-1-w11,192315638545_7.webp","{'Ekran': '14 "", ekran dotykowy 2880 x 1800 pikseli 120 Hz', 'Procesor': 'Intel® Core™ Ultra 9 Series 3 386H', 'Pamięć': '32 GB  LPDDR5x 8533 Mhz RAM', 'Grafika': 'Intel®  Graphics', 'Dysk': '1 TB SSD', 'System operacyjny': 'Windows 11 Home Edition'}"
"Laptop gamingowy Acer Nitro 16 AI AN16-61 16"" 180Hz Ryzen AI 9 365 32GB RAM 1TB Dysk SSD RTX5070Ti DLSS4 Win11 Pro Czarny Funkcje AI",10 999.00 zł,"https://f00.esfr.pl/foto/7/176109507593/f267af5ebb30920d91522d2bd45a74de/acer-laptop-nitro-16-r9ai-32gb-1tb-5070tiw11p,176109507593_7.webp","{'Ekran': '16 "",  2560 x 1600 pikseli 180 Hz', 'Procesor': 'AMD Ryzen™ AI 9 365', 'Pamięć': '32 GB  DDR5 5600 Mhz RAM', 'Grafika': 'NVIDIA® GeForce RTX™ 5070 Ti + AMD Radeon™ 880M', 'Dysk': '1 TB SSD', 'System operacyjny': 'Windows 11 Professional'}"
"Apple MacBook Pro 2026 14,2"" M5 Max 18/32 36GB RAM 2TB Dysk macOS Srebrny Funkcje AI",19 999.00 zł,"https://f00.esfr.pl/foto/2/187427928065/53ef1c6b3c27080a0f71353cabea28c8/apple-macbook-pro-2026-14-2-m5-max-18-32-36gb-ram-2tb-dysk-macos-srebrny-funkcje-ai,187427928065_7.webp","{'Ekran': '14,2 "",  3024 x 1964 pikseli 120 Hz', 'Procesor': 'Apple M5 Max', 'Pamięć': '36 GB  zunifikowana RAM', 'Grafika': 'Apple  M5 Max (32-rdzenie)', 'Dysk': '2 TB SSD', 'System operacyjny': 'macOS'}"
"Laptop HP OmniBook 3 17-dk0000nwx 17,3"" Core 5 120U 16GB RAM 512GB Dysk SSD Win11 Czarny",3 499.00 zł,"https://f00.esfr.pl/foto/1/192315644281/3a14d8dda13ff2558958cd00ccdf742a/hp-laptop-hp-ob-3-17-c5-16-512-w11,192315644281_7.webp","{'Ekran': '17,3 "",  1920 x 1200 pikseli', 'Procesor': 'Intel® Core™ 5 14gen 120U', 'Pamięć': '16 GB  DDR5 5200 Mhz RAM', 'Grafika': 'Intel®  Graphics', 'Dysk': '512 GB SSD', 'System operacyjny': 'Windows 11 Home Edition'}"
"Laptop 2w1 HP OmniBook X Flip AI 16-cc0004nwx OLED 16"" Ryzen AI 7 445 24GB RAM 512GB Dysk SSD Win11 Srebrny Funkcje AI",5 999.00 zł,"https://f00.esfr.pl/foto/5/192315586865/605b4367bc10c5e53940d1cb33a0f4c8/hp-laptop-hp-ob-x-f-16-rai7-24-512-w11,192315586865_7.webp","{'Ekran': '16 "", ekran dotykowy 2880 x 1800 pikseli 120 Hz', 'Procesor': 'AMD Ryzen™ AI 7 445', 'Pamięć': '24 GB  LPDDR5x 8000 Mhz RAM', 'Grafika': 'AMD  Radeon™ 840M', 'Dysk': '512 GB SSD', 'System operacyjny': 'Windows 11 Home Edition'}"
Laptop ASUS ExpertBook B9 OLED B9403CVAR-KM1338X 14'' Core 7 150U 16GB RAM 512GB Dysk SSD Win11 Pro Czarny Funkcje AI,6 163.10 zł,"https://f00.esfr.pl/foto/8/159341480273/2dc2787e6bb60614a98c608162ccf4ea/asus-laptop-asus-expert-c7-14-16-512gb-w11p,159341480273_7.webp","{'Ekran': '14 "",  2880 x 1800 pikseli 90 Hz', 'Procesor': 'Intel® Core™ 7 150U', 'Pamięć': '16 GB  LPDDR5X RAM', 'Grafika': 'Intel®  Graphics', 'Dysk': '512 GB SSD', 'System operacyjny': 'Windows 11 Professional'}"
"Laptop HP OmniBook 7 17-dc0005nw 17,3"" Ultra 7 258V 32GB RAM 2TB Dysk SSD RTX4050 Win11 Srebrny Funkcje AI",6 666.00 zł,"https://f00.esfr.pl/foto/9/193704564337/be017bc3351dbcf4bfbe1b39ca0ef04c/hp-laptop-hp-ob-7-17-3-32-2-w11,193704564337_7.webp","{'Ekran': '17,3 "", ekran dotykowy 1920 x 1080 pikseli', 'Procesor': 'Intel® Core™ Ultra 7 15gen 258V', 'Pamięć': '32 GB  LPDDR5x 8533 Mhz RAM', 'Grafika': 'NVIDIA® GeForce RTX 4050 + Intel  Arc 140V', 'Dysk': '2 TB SSD', 'System operacyjny': 'Windows 11 Home Edition'}"
"Laptop gamingowy MSI Stealth 18 HX AI A2XWIG-037PL 18"" 120Hz Ultra 9 275HX 64GB RAM 2TB Dysk SSD RTX5080 DLSS4 Win11 Pro Czarny Funkcje AI",18 999.00 zł,"https://f00.esfr.pl/foto/9/159341228449/ca966b81f5c180a19177882667f94fed/msi-laptop-stealth-hx-18-u9-64-2tb-5080-w11,159341228449_7.webp","{'Ekran': '18 "",  3840 x 2400 pikseli 120 Hz', 'Procesor': 'Intel® Core™ Ultra 9 15gen 275HX', 'Pamięć': '64 GB  DDR5 6400 Mhz RAM', 'Grafika': 'NVIDIA® GeForce RTX™ 5080 + Intel Graphics', 'Dysk': '2 TB SSD', 'System operacyjny': 'Windows 11 Professional'}"
"Apple MacBook Pro 2026 16,2"" M5 Max 18/40 48GB RAM 2TB Dysk macOS Gwiezdna Czerń Funkcje AI",21 999.00 zł,"https://f00.esfr.pl/foto/2/187428632001/228348ad781c2b654ec3ee7037e67572/apple-macbook-pro-2026-16-2-m5-max-18-40-48gb-ram-2tb-dysk-macos-gwiezdna-czern,187428632001_7.webp","{'Ekran': '16,2 "",  3456 x 2234 pikseli 120 Hz', 'Procesor': 'Apple M5 Max', 'Pamięć': '48 GB  zunifikowana RAM', 'Grafika': 'Apple  M5 Max (40-rdzeni)', 'Dysk': '2 TB SSD', 'System operacyjny': 'macOS'}"
"Laptop MSI Prestige 16 AI Evo B1MG-227PL 16"" Ultra 7 165H 16GB RAM 512GB Dysk SSD Win11 Szary Funkcje AI",5 699.00 zł,"https://f00.esfr.pl/foto/7/192277971857/28dab02dc9c087a113a6a4f30cfcb71/msi-laptop-msi-pres-16-u7-16-512-w11,192277971857_7.webp","{'Ekran': '16 "",  1920 x 1200 pikseli 60 Hz', 'Procesor': 'Intel® Core™ Ultra 7 14gen 165H', 'Pamięć': '16 GB  LPDDR5 6400 Mhz RAM', 'Grafika': 'Intel®  Arc Graphics', 'Dysk': '512 GB SSD', 'System operacyjny': 'Windows 11 Home Edition'}"
"Laptop biznesowy Lenovo ThinkPad L16 Gen 2 16"" Ryzen AI 5 Pro 340 32GB RAM 512GB Dysk SSD Win11 Pro Czarny Funkcje AI",7 199.00 zł,"https://f00.esfr.pl/foto/6/183280803393/4a4aec544b8ab69b665c906b654c99f8/lenovo-laptop-lenovo-l16-r5pro340-32-512gb-w11p,183280803393_7.webp","{'Ekran': '16 "",  1920 x 1200 pikseli 60 Hz', 'Procesor': 'AMD Ryzen™ AI 5 Pro 340', 'Pamięć': '32 GB  DDR5 5600 Mhz RAM', 'Grafika': 'AMD  Radeon™ 840M Graphics', 'Dysk': '512 GB SSD', 'System operacyjny': 'Windows 11 Professional'}"
"Laptop gamingowy Acer Nitro V 16 AI ANV16-61 16"" 180Hz Ryzen AI 7 350 32GB RAM 1TB Dysk SSD RTX5070 DLSS4 Czarny Funkcje AI",7 399.00 zł,"https://f00.esfr.pl/foto/4/180303260849/6a5dcb476ccab51346602738f38ffc3a/acer-laptop-nitro-v-16-r7ai-32gb-1tb-5070-nos,180303260849_7.webp","{'Ekran': '16 "",  2560 x 1600 pikseli 180 Hz', 'Procesor': 'AMD Ryzen™ AI 7 350', 'Pamięć': '32 GB  DDR5 5600 Mhz RAM', 'Grafika': 'NVIDIA® GeForce RTX™ 5070 + AMD Radeon™ 860M', 'Dysk': '1 TB SSD', 'System operacyjny': 'bez systemu'}"
"Laptop biznesowy Acer TravelMate P2 16 TMP216-71-G3-TCO 16"" Ultra 5 125H 16GB RAM 512GB Dysk SSD Win11 Pro Szary Funkcje AI",3 499.00 zł,"https://f00.esfr.pl/foto/4/180723163825/d855f8a3734ebff0efb0e458990b26f2/acer-laptop-acer-tm-p2-16-i5-16gb-512gb-w11p,180723163825_7.webp","{'Ekran': '16 "",  1920 x 1200 pikseli 60 Hz', 'Procesor': 'Intel® Core™ Ultra 5 14gen 125H', 'Pamięć': '16 GB  DDR5 RAM', 'Grafika': 'Intel®  Arc™ Graphics (działający jako Intel® Graphics)', 'Dysk': '512 GB SSD', 'System operacyjny': 'Windows 11 Professional'}"
"Laptop ASUS Vivobook 16 X1607AA-MB018W 16"" Ultra 5 325 32GB RAM 1TB Dysk SSD Win11 Srebrny Funkcje AI",5 499.00 zł,"https://f00.esfr.pl/foto/3/185049088185/37a415be89d2b887854ae0de11d687b1/asus-laptop-as-vb-16-u5-32-1tb-w11-18w,185049088185_7.webp","{'Ekran': '16 "",  1920 x 1200 pikseli 60 Hz', 'Procesor': 'Intel® Core™ Ultra 5 Series 3 325', 'Pamięć': '32 GB  DDR5 RAM', 'Grafika': 'Intel®  Graphics', 'Dysk': '1 TB SSD', 'System operacyjny': 'Windows 11 Home Edition'}"
"Apple MacBook Air 2026 13,6"" M5 10/10 24GB RAM 1TB Dysk macOS Księżycowa Poświata Funkcje AI",8 399.00 zł,"https://f00.esfr.pl/foto/2/187426881393/e25606434875cc8901372897d0f714/apple-macbook-air-2026-13-6-m5-10-10-24gb-ram-1tb-dysk-macos-ksiezycowa-poswiata-funkcje-ai,187426881393_7.webp","{'Ekran': '13,6 "",  2560 x 1664 pikseli', 'Procesor': 'Apple M5', 'Pamięć': '24 GB  zunifikowana RAM', 'Grafika': 'Apple  M5 (10-rdzeni)', 'Dysk': '1 TB SSD', 'System operacyjny': 'macOS'}"
"Apple MacBook Pro 2026 16,2"" M5 Max 18/32 36GB RAM 2TB Dysk macOS Srebrny",20 999.00 zł,"https://f00.esfr.pl/foto/9/187427861113/786ce15983dbaf6018302d17eb57d9c6/apple-macbook-pro-2026-16-2-m5-max-18-32-36gb-ram-2tb-dysk-macos-srebrny,187427861113_7.webp","{'Ekran': '16,2 "",  3456 x 2234 pikseli 120 Hz', 'Procesor': 'Apple M5 Max', 'Pamięć': '36 GB  zunifikowana RAM', 'Grafika': 'Apple  M5 Max (32-rdzenie)', 'Dysk': '2 TB SSD', 'System operacyjny': 'macOS'}"
"Laptop Acer Aspire 14 AI A14-61M 14"" Ryzen AI 5 330 32GB RAM 512GB Dysk SSD Win11 Srebrny Funkcje AI",3 698.00 zł,"https://f00.esfr.pl/foto/7/193947248769/e4cee6864447b684c36dc560eacf9522/acer-laptop-acer-a14-r5ai-32gb-512gb-w11,193947248769_7.webp","{'Ekran': '14 "",  1920 x 1200 pikseli 120 Hz', 'Procesor': 'AMD Ryzen™ AI 5 330', 'Pamięć': '32 GB  LPDDR5x 8533 Mhz RAM', 'Grafika': 'AMD  Radeon™ 820M Graphics', 'Dysk': '512 GB SSD', 'System operacyjny': 'Windows 11 Home Edition'}"
"Laptop Acer Aspire 16 AI A16-61M OLED 16"" Ryzen AI 7 350 16GB RAM 512GB Dysk SSD Win11 Szary Funkcje AI",4 019.99 zł,"https://f00.esfr.pl/foto/5/189715897257/c20e630a2149ef233b35db8450df222f/acer-laptop-acer-a16-r7ai-16gb-512gb-w11,189715897257_7.webp","{'Ekran': '16 "",  1920 x 1200 pikseli 60 Hz', 'Procesor': 'AMD Ryzen™ AI 7 350', 'Pamięć': '16 GB  LPDDR5X RAM', 'Grafika': 'AMD  Radeon™ 860M', 'Dysk': '512 GB SSD', 'System operacyjny': 'Windows 11 Home Edition'}"
"Laptop biznesowy Dell Pro 14 Essential PV14255 14"" R7 250 16GB RAM 512GB Dysk SSD Win11 Pro Czarny Funkcje AI",4 336.41 zł,"https://f00.esfr.pl/foto/4/183280122569/9ae9bb05130728295f5b42983c4ea9d1/dell-laptop-dell-p14-r7250-16-512gb-14-w11p,183280122569_7.webp","{'Ekran': '14 "",  1920 x 1200 pikseli 60 Hz', 'Procesor': 'AMD Ryzen™ 7 250', 'Pamięć': '16 GB  DDR5 5600 Mhz RAM', 'Grafika': 'AMD  Radeon™ 780M', 'Dysk': '512 GB SSD', 'System operacyjny': 'Windows 11 Professional'}"
"Laptop 2w1 Dell 14 Plus 0425-2808 14"" Ultra 7 256V 16GB RAM 512GB Dysk SSD Win11 Niebieski Funkcje AI",5 499.00 zł,"https://f00.esfr.pl/foto/6/160009410641/edd663be4111eaf359c049ea11ed5888/dell-laptop-d14-2w1-u7-16-512gb-w11-touch,160009410641_7.webp","{'Ekran': '14 "", ekran dotykowy 1920 x 1200 pikseli 60 Hz', 'Procesor': 'Intel® Core™ Ultra 7 15gen 256V', 'Pamięć': '16 GB  LPDDR5x 8533 Mhz RAM', 'Grafika': 'Intel®  Arc Graphics', 'Dysk': '512 GB SSD', 'System operacyjny': 'Windows 11 Home Edition'}"
"Apple MacBook Air 2026 13,6"" M5 10/10 16GB RAM 1TB Dysk macOS Księżycowa Poświata Funkcje AI",7 499.00 zł,"https://f00.esfr.pl/foto/8/187426847689/e25606434875cc8901372897d0f714/apple-macbook-air-2026-13-6-m5-10-10-16gb-ram-1tb-dysk-macos-ksiezycowa-poswiata-funkcje-ai,187426847689_7.webp","{'Ekran': '13,6 "",  2560 x 1664 pikseli', 'Procesor': 'Apple M5', 'Pamięć': '16 GB  zunifikowana RAM', 'Grafika': 'Apple  M5 (10-rdzeni)', 'Dysk': '1 TB SSD', 'System operacyjny': 'macOS'}"
"Apple MacBook Pro 2026 14,2"" M5 Pro 18/20 24GB RAM 2TB Dysk macOS Srebrny Funkcje AI",13 999.00 zł,"https://f00.esfr.pl/foto/7/187427835841/53ef1c6b3c27080a0f71353cabea28c8/apple-macbook-pro-2026-14-2-m5-pro-18-20-24gb-ram-2tb-dysk-macos-srebrny-funkcje-ai,187427835841_7.webp","{'Ekran': '14,2 "",  3024 x 1964 pikseli 120 Hz', 'Procesor': 'Apple M5 Pro', 'Pamięć': '24 GB  zunifikowana RAM', 'Grafika': 'Apple  M5 Pro (20-rdzeni)', 'Dysk': '2 TB SSD', 'System operacyjny': 'macOS'}"
"Laptop biznesowy Lenovo ThinkPad X1 Carbon Gen 13 Aura Edition 14"" Ultra 7 258V 32GB RAM 1TB Dysk SSD Win11 Pro Czarny Funkcje AI",16 299.00 zł,"https://f00.esfr.pl/foto/3/172660656009/42868cdab23885ce101462912b0eb983/lenovo-laptop-lenovo-x1-7258v-32gb-1tb-14-w11p,172660656009_7.webp","{'Ekran': '14 "", ekran dotykowy 1920 x 1200 pikseli 60 Hz', 'Procesor': 'Intel® Core™ Ultra 7 15gen 258V', 'Pamięć': '32 GB  LPDDR5x 8533 Mhz RAM', 'Grafika': 'Intel®  Arc Graphics 140V', 'Dysk': '1 TB SSD', 'System operacyjny': 'Windows 11 Professional'}"
"Laptop Dell 14 DC14255 14"" R5 220 16GB RAM 512GB Dysk SSD Win11 Czarny Funkcje AI",3 599.00 zł,"https://f00.esfr.pl/foto/3/185209916065/6365902a78f782b3d3056bd8d36ad0fb/dell-laptop-dell-d14-r5-16gb-512gb-w11,185209916065_7.webp","{'Ekran': '14 "",  1920 x 1200 pikseli 60 Hz', 'Procesor': 'AMD Ryzen™ 5 220', 'Pamięć': '16 GB  DDR5 5600 Mhz RAM', 'Grafika': 'AMD  Radeon™ 740M', 'Dysk': '512 GB SSD', 'System operacyjny': 'Windows 11 Home Edition'}"
"Laptop Acer Swift Go 14 AI SFG14-64-R5UJ OLED 14"" Ryzen AI 5 340 16GB RAM 512GB Dysk SSD Win11 Srebrny Funkcje AI",4 199.00 zł,"https://f00.esfr.pl/foto/5/164736594697/7dbbdad3220f474bca490322b96b9425/acer-laptop-swift-r5ai-14-oled-16gb-512gb-w11,164736594697_7.webp","{'Ekran': '14 "",  1920 x 1200 pikseli 60 Hz', 'Procesor': 'AMD Ryzen™ AI 5 340', 'Pamięć': '16 GB  LPDDR5x 8000 Mhz RAM', 'Grafika': 'AMD  Radeon™ 840M', 'Dysk': '512 GB SSD', 'System operacyjny': 'Windows 11 Home Edition'}"
"Laptop gamingowy Acer Nitro V 14 AI ANV14-62 14,5"" 165Hz Ryzen AI 7 350 32GB RAM 1TB Dysk SSD RTX5050 DLSS4 Biały Funkcje AI",7 299.00 zł,"https://f00.esfr.pl/foto/1/176109980569/bbba9f6d4d68862c46c6342d84371c5e/acer-laptop-nitro-v-14-r7ai-32gb-1tb-5050-nos,176109980569_7.webp","{'Ekran': '14,5 "",  2560 x 1600 pikseli 165 Hz', 'Procesor': 'AMD Ryzen™ AI 7 350', 'Pamięć': '32 GB  DDR5 5600 Mhz RAM', 'Grafika': 'NVIDIA® GeForce RTX™ 5050 + AMD Radeon™ 860M', 'Dysk': '1 TB SSD', 'System operacyjny': 'bez systemu'}"
"Laptop gamingowy Dell Alienware 16 Aurora AC16250 16"" 120Hz Core 9 270H 32GB RAM 1TB Dysk SSD RTX5070 DLSS4 Win11 Granatowy Funkcje AI",9 999.00 zł,"https://f00.esfr.pl/foto/5/172392663577/91e1f580bf6266f2aa8d718382c8e4f2/dell-laptop-aw-16-aurora-i9-32gb-1tb-5070-w11,172392663577_7.webp","{'Ekran': '16 "",  2560 x 1600 pikseli 120 Hz', 'Procesor': 'Intel® Core™ 9 15gen 270H', 'Pamięć': '32 GB  DDR5 5600 Mhz RAM', 'Grafika': 'NVIDIA® GeForce RTX™ 5070 + Intel Graphics', 'Dysk': '1 TB SSD', 'System operacyjny': 'Windows 11 Home Edition'}"
"Laptop ASUS ExpertBook B5 B5404CMA-Q51095X 14"" Ultra 5 125H 16GB RAM 512GB Dysk SSD Win11 Pro Czarny Funkcje AI",5 299.00 zł,"https://f00.esfr.pl/foto/7/159341426409/51764c3bd03f9e0eccbc9d0e13eafd1b/asus-laptop-asus-expert-u5-14-16gb-512gb-w11p,159341426409_7.webp","{'Ekran': '14 "",  1920 x 1200 pikseli', 'Procesor': 'Intel® Core™ Ultra 5 14gen 125H', 'Pamięć': '16 GB  DDR5 RAM', 'Grafika': 'Intel®  Graphics', 'Dysk': '512 GB SSD', 'System operacyjny': 'Windows 11 Professional'}"
"Apple MacBook Air 2026 15,3"" M5 10/10 24GB RAM 1TB Dysk macOS Księzycowa Poświata Funkcje AI",9 399.00 zł,"https://f00.esfr.pl/foto/2/187426884817/c39191a63b8a673edd66e0e1be820f68/apple-macbook-air-2026-15-3-m5-10-10-24gb-ram-1tb-dysk-macos-ksiezycowa-poswiata-funkcje-ai,187426884817_7.webp","{'Ekran': '15,3"",  2880 x 1864 pikseli', 'Procesor': 'Apple M5', 'Pamięć': '24 GB  zunifikowana RAM', 'Grafika': 'Apple  M5 (10-rdzeni)', 'Dysk': '1 TB SSD', 'System operacyjny': 'macOS'}"
"Laptop biznesowy Acer Extensa 14 EXO14-71-EP 14"" Ultra 5 125H 16GB RAM 512GB Dysk SSD Win11 Pro Czarny",3 249.00 zł,"https://f00.esfr.pl/foto/7/180723175353/344b25ff74d79dc167ce1ffc9846fb65/acer-laptop-acer-extensa-14-u5-16-512gb-w11p,180723175353_7.webp","{'Ekran': '14 "",  1920 x 1200 pikseli 60 Hz', 'Procesor': 'Intel® Core™ Ultra 5 14gen 125H', 'Pamięć': '16 GB  DDR5 4800 Mhz RAM', 'Grafika': 'Intel®  Arc™ Graphics (działający jako Intel® Graphics)', 'Dysk': '512 GB SSD', 'System operacyjny': 'Windows 11 Professional'}"
"Laptop Dell 14 DC14250 14"" Core 5 120U 16GB RAM 512GB Dysk SSD Win11 Srebrny Funkcje AI",3 599.00 zł,"https://f00.esfr.pl/foto/9/185209868449/f5ba37f8e5ee01449570c2cbfbf21513/dell-laptop-dell-d14-c5-16gb-512gb-w11,185209868449_7.webp","{'Ekran': '14 "",  1920 x 1200 pikseli 60 Hz', 'Procesor': 'Intel® Core™ 5 14gen 120U', 'Pamięć': '16 GB  DDR5 5200 Mhz RAM', 'Grafika': 'Intel®  Graphics', 'Dysk': '512 GB SSD', 'System operacyjny': 'Windows 11 Home Edition'}"
"Laptop gamingowy MSI Cyborg A17 AI B2HWEKG-011XPL 17,3""144Hz R7 260 16GB RAM 512GB Dysk SSD RTX5050 DLSS4 Czarny Funkcje AI",4 099.00 zł,"https://f00.esfr.pl/foto/5/174092077081/7333817fe63b3bbaf1097ef9a47757bb/msi-laptop-msi-cyb-17-r7-16-512gb-5050-nos,174092077081_7.webp","{'Ekran': '17,3 "",  1920 x 1080 pikseli 144 Hz', 'Procesor': 'AMD Ryzen™ 7 260', 'Pamięć': '16 GB  DDR5 5600 Mhz RAM', 'Grafika': 'NVIDIA® GeForce RTX™ 5050 + AMD Radeon™ 780M', 'Dysk': '512 GB SSD', 'System operacyjny': 'bez systemu'}"
"Laptop gamingowy HP OMEN 17-db1037nw 17,3"" 240Hz Ryzen AI 9 365 32GB RAM 1TB Dysk SSD RTX5060 Win11 Czarny Funkcje AI",8 499.00 zł,"https://f00.esfr.pl/foto/6/186932984873/34ccfd76ae2328a3eee8536f5079544e/hp-laptop-hp-om-17-rai-9-32-1tb-5060-w11,186932984873_7.webp","{'Ekran': '17,3 "",  2560 x 1440 pikseli 240 Hz', 'Procesor': 'AMD Ryzen™ AI 9 365', 'Pamięć': '32 GB  DDR5 5600 Mhz RAM', 'Grafika': 'NVIDIA® GeForce RTX 5060 + AMD Radeon™ 880M', 'Dysk': '1 TB SSD', 'System operacyjny': 'Windows 11 Home Edition'}"
"Laptop gamingowy Dell Alienware 16 Aurora AC16250 16"" 120Hz Core 9 270H 16GB RAM 1TB Dysk SSD RTX5060 DLSS4 Win11 Granatowy Funkcje AI",8 999.00 zł,"https://f00.esfr.pl/foto/6/172392726705/91e1f580bf6266f2aa8d718382c8e4f2/dell-laptop-aw-16-aurora-i9-16gb-1tb-5060-w11,172392726705_7.webp","{'Ekran': '16 "",  2560 x 1600 pikseli 120 Hz', 'Procesor': 'Intel® Core™ 9 15gen 270H', 'Pamięć': '16 GB  DDR5 5600 Mhz RAM', 'Grafika': 'NVIDIA® GeForce RTX™ 5060 + Intel Graphics', 'Dysk': '1 TB SSD', 'System operacyjny': 'Windows 11 Home Edition'}"
"Laptop Acer Aspire 16 AI A16-52M OLED 16"" Ultra 7 256V 16GB RAM 1TB Dysk SSD Win11 Szary Funkcje AI",4 159.99 zł,"https://f00.esfr.pl/foto/7/189715902865/bc1b366453b02659eac10d3b528906db/acer-laptop-acer-a16-cu7-16gb-1tb-w11,189715902865_7.webp","{'Ekran': '16 "",  1920 x 1200 pikseli 60 Hz', 'Procesor': 'Intel® Core™ Ultra 7 15gen 256V', 'Pamięć': '16 GB  LPDDR5X RAM', 'Grafika': 'Intel®  Arc™ Graphics 140V', 'Dysk': '1 TB SSD', 'System operacyjny': 'Windows 11 Home Edition'}"
"Laptop HP OmniBook 5 16-bp0001nwx OLED 16"" Ryzen AI 7 445 16GB RAM 512GB Dysk SSD Win11 Srebrny Funkcje AI",4 222.00 zł,"https://f00.esfr.pl/foto/2/192315650009/8616f1ee6e81d59cbdfb7021a66ed199/hp-laptop-hp-ob-5-16-rai7-16-512-w11,192315650009_7.webp","{'Ekran': '16 "",  1920 x 1200 pikseli', 'Procesor': 'AMD Ryzen™ AI 7 445', 'Pamięć': '16 GB  LPDDR5x 7500 Mhz RAM', 'Grafika': 'AMD  Radeon™ 840M', 'Dysk': '512 GB SSD', 'System operacyjny': 'Windows 11 Home Edition'}"
"Laptop biznesowy ASUS ExpertBook Ultra B9406CAA-TH0083X OLED 14"" 120Hz Ultra 7 356H 32GB RAM 1TB Dysk SSD Win11 Pro Szary Funkcje AI",12 999.00 zł,"https://f00.esfr.pl/foto/7/188482176985/330287289cdcfbf2f9026a5aaecca248/asus-laptop-asus-eb-p-14-u7-32-1-w11p_3,188482176985_7.webp","{'Ekran': '14 "", ekran dotykowy 2880 x 1800 pikseli 120 Hz', 'Procesor': 'Intel® Core™ Ultra 7 Series 3 356H', 'Pamięć': '32 GB  LPDDR5X RAM', 'Grafika': 'Intel®  Graphics', 'Dysk': '1 TB SSD', 'System operacyjny': 'Windows 11 Professional'}"
"Laptop biznesowy Lenovo ThinkPad L16 Gen 2 16"" Ryzen 5 Pro 215 16GB RAM 512GB Dysk SSD Win11 Pro Czarny Funkcje AI",4 999.00 zł,"https://f00.esfr.pl/foto/8/174091886497/4a4aec544b8ab69b665c906b654c99f8/lenovo-laptop-lenovo-tp-16-r5-16gb-512gb-w11p,174091886497_7.webp","{'Ekran': '16 "",  1920 x 1200 pikseli 60 Hz', 'Procesor': 'AMD Ryzen™ 5 Pro 215', 'Pamięć': '16 GB  DDR5 5600 Mhz RAM', 'Grafika': 'AMD  Radeon™ 740M Graphics', 'Dysk': '512 GB SSD', 'System operacyjny': 'Windows 11 Professional'}"
"Laptop gamingowy Acer Nitro 16 AI AN16-61 16"" 180Hz Ryzen AI 7 350 16GB RAM 1TB Dysk SSD RTX5050 DLSS4 Czarny Funkcje AI",6 499.00 zł,"https://f00.esfr.pl/foto/5/171823120601/cc292b4a03dee3680a12e42f5446688d/acer-laptop-nitro-r7ai-16-16gb-1tb-5050-nos,171823120601_7.webp","{'Ekran': '16 "",  1920 x 1200 pikseli 180 Hz', 'Procesor': 'AMD Ryzen™ AI 7 350', 'Pamięć': '16 GB  DDR5 5600 Mhz RAM', 'Grafika': 'NVIDIA® GeForce RTX™ 5050 + AMD Radeon™ 860M', 'Dysk': '1 TB SSD', 'System operacyjny': 'bez systemu'}"
"Apple MacBook Air 2026 15,3"" M5 10/10 16GB RAM 1TB Dysk macOS Błękitny Funkcje AI",8 399.00 zł,"https://f00.esfr.pl/foto/9/187427171841/fef283a68d3bae799e0c90eeb7c41d58/apple-macbook-air-2026-15-3-m5-10-10-16gb-ram-1tb-dysk-macos-blekitny-funkcje-ai,187427171841_7.webp","{'Ekran': '15,3"",  2880 x 1864 pikseli', 'Procesor': 'Apple M5', 'Pamięć': '16 GB  zunifikowana RAM', 'Grafika': 'Apple  M5 (10-rdzeni)', 'Dysk': '1 TB SSD', 'System operacyjny': 'macOS'}"
"Apple MacBook Air 2026 15,3"" M5 10/10 16GB RAM 1TB Dysk macOS Srebrny Funkcje AI",8 399.00 zł,"https://f00.esfr.pl/foto/7/187426590097/e128f996692f75d20b181bc8da3a1129/apple-macbook-air-2026-15-3-m5-10-10-16gb-ram-1tb-dysk-macos-srebrny-funkcje-ai,187426590097_7.webp","{'Ekran': '15,3"",  2880 x 1864 pikseli', 'Procesor': 'Apple M5', 'Pamięć': '16 GB  zunifikowana RAM', 'Grafika': 'Apple  M5 (10-rdzeni)', 'Dysk': '1 TB SSD', 'System operacyjny': 'macOS'}"
"Laptop biznesowy Lenovo ThinkPad T16 Gen 4 16"" Ultra 7 255U 16GB RAM 512GB Dysk SSD Win11 Pro Czarny Funkcje AI",8 449.00 zł,"https://f00.esfr.pl/foto/4/172660496353/773ee401f07319d0f67b794709da9f2f/lenovo-laptop-lenovo-ultra-7255u-16-512gb-w11p,172660496353_7.webp","{'Ekran': '16 "",  1920 x 1200 pikseli 60 Hz', 'Procesor': 'Intel® Core™ Ultra 7 15gen 255U', 'Pamięć': '16 GB  DDR5 5600 Mhz RAM', 'Grafika': 'Intel®  Graphics', 'Dysk': '512 GB SSD', 'System operacyjny': 'Windows 11 Professional'}"
"Apple MacBook Pro 2026 14,2"" M5 Pro 15/16 24GB RAM 2TB Dysk macOS Srebrny Funkcje AI",14 499.00 zł,"https://f00.esfr.pl/foto/5/187428448993/53ef1c6b3c27080a0f71353cabea28c8/apple-macbook-pro-2026-14-2-m5-pro-15-16-24gb-ram-2tb-dysk-macos-srebrny-funkcje-ai,187428448993_7.webp","{'Ekran': '14,2 "",  3024 x 1964 pikseli 120 Hz', 'Procesor': 'Apple M5 Pro', 'Pamięć': '24 GB  zunifikowana RAM', 'Grafika': 'Apple  M5 Pro (16-rdzeni)', 'Dysk': '2 TB SSD', 'System operacyjny': 'macOS'}"
"Apple MacBook Pro 2026 16,2"" M5 Max 18/32 36GB RAM 2TB Dysk macOS Gwiezdna Czerń Funkcje AI",20 999.00 zł,"https://f00.esfr.pl/foto/1/187428488921/228348ad781c2b654ec3ee7037e67572/apple-macbook-pro-2026-16-2-m5-max-18-32-36gb-ram-2tb-dysk-macos-gwiezdna-czern,187428488921_7.webp","{'Ekran': '16,2 "",  3456 x 2234 pikseli 120 Hz', 'Procesor': 'Apple M5 Max', 'Pamięć': '36 GB  zunifikowana RAM', 'Grafika': 'Apple  M5 Max (32-rdzenie)', 'Dysk': '2 TB SSD', 'System operacyjny': 'macOS'}"
"Laptop Acer Aspire 14 AI A14-61M 14"" Ryzen AI 7 350 16GB RAM 512GB Dysk SSD Win11 Srebrny Funkcje AI",3 949.00 zł,"https://f00.esfr.pl/foto/8/193947241249/e4cee6864447b684c36dc560eacf9522/acer-laptop-acer-a14-r7ai-16gb-512gb-w11,193947241249_7.webp","{'Ekran': '14 "",  1920 x 1200 pikseli 120 Hz', 'Procesor': 'AMD Ryzen™ AI 7 350', 'Pamięć': '16 GB  LPDDR5x 8533 Mhz RAM', 'Grafika': 'AMD  Radeon™ 860M Graphics', 'Dysk': '512 GB SSD', 'System operacyjny': 'Windows 11 Home Edition'}"
"Laptop biznesowy ASUS ExpertBook Ultra B9406CAA-TH0246X OLED 14"" 120Hz Ultra 7 356H 32GB RAM 1TB Dysk SSD Win11 Pro Szary Funkcje AI",12 599.00 zł,"https://f00.esfr.pl/foto/7/188482105281/330287289cdcfbf2f9026a5aaecca248/asus-laptop-asus-eb-p-14-u7-32-1-w11p_1,188482105281_7.webp","{'Ekran': '14 "", ekran dotykowy 2880 x 1800 pikseli 120 Hz', 'Procesor': 'Intel® Core™ Ultra 7 Series 3 356H', 'Pamięć': '32 GB  LPDDR5X RAM', 'Grafika': 'Intel®  Graphics', 'Dysk': '1 TB SSD', 'System operacyjny': 'Windows 11 Professional'}"
"Laptop 2w1 Lenovo ThinkPad X1 2-in-1 Gen 10 Aura Edition OLED 14"" Ultra 7 258V 32GB RAM 1TB Dysk SSD Win11 Pro Szary Funkcje AI",16 999.00 zł,"https://f00.esfr.pl/foto/6/172660977105/dd9326d4bb4c33896c38d2e7196d204c/lenovo-laptop-lenovo-x1-7-258v-32gb-1tb-14-w11p,172660977105_7.webp","{'Ekran': '14 "", ekran dotykowy 2880 x 1800 pikseli 120 Hz', 'Procesor': 'Intel® Core™ Ultra 7 15gen 258V', 'Pamięć': '32 GB  LPDDR5x 8533 Mhz RAM', 'Grafika': 'Intel®  Arc Graphics 140V', 'Dysk': '1 TB SSD', 'System operacyjny': 'Windows 11 Professional'}"
"Laptop Acer Aspire 14 AI A14-61M 14"" Ryzen AI 7 350 16GB RAM 1TB Dysk SSD Win11 Srebrny Funkcje AI",4 099.00 zł,"https://f00.esfr.pl/foto/2/193947230425/e4cee6864447b684c36dc560eacf9522/acer-laptop-acer-a14-r7ai-16gb-1tb-w11,193947230425_7.webp","{'Ekran': '14 "",  1920 x 1200 pikseli 120 Hz', 'Procesor': 'AMD Ryzen™ AI 7 350', 'Pamięć': '16 GB  LPDDR5x 8533 Mhz RAM', 'Grafika': 'AMD  Radeon™ 860M Graphics', 'Dysk': '1 TB SSD', 'System operacyjny': 'Windows 11 Home Edition'}"
"Laptop Acer Aspire 14 AI A14-61M OLED 14"" Ryzen AI 7 350 16GB RAM 1TB Dysk SSD Win11 Srebrny Funkcje AI",4 349.00 zł,"https://f00.esfr.pl/foto/1/193947238345/e4cee6864447b684c36dc560eacf9522/acer-laptop-acer-a14-oled-r7ai-16gb-1tb-w11,193947238345_7.webp","{'Ekran': '14 "",  1920 x 1200 pikseli 60 Hz', 'Procesor': 'AMD Ryzen™ AI 7 350', 'Pamięć': '16 GB  LPDDR5x 8533 Mhz RAM', 'Grafika': 'AMD  Radeon™ 860M Graphics', 'Dysk': '1 TB SSD', 'System operacyjny': 'Windows 11 Home Edition'}"
"Laptop Acer Aspire 16 AI A16-52M OLED 16"" Ultra 7 256V 16GB RAM 512GB Dysk SSD Win11 Szary Funkcje AI",4 399.00 zł,"https://f00.esfr.pl/foto/4/189715894401/bc1b366453b02659eac10d3b528906db/acer-laptop-acer-a16-cu7-16gb-512gb-w11,189715894401_7.webp","{'Ekran': '16 "",  1920 x 1200 pikseli 60 Hz', 'Procesor': 'Intel® Core™ Ultra 7 15gen 256V', 'Pamięć': '16 GB  LPDDR5X RAM', 'Grafika': 'Intel®  Arc™ Graphics 140V', 'Dysk': '512 GB SSD', 'System operacyjny': 'Windows 11 Home Edition'}"
"Laptop ASUS ExpertBook B2 B2402CBA-KI0476X 14"" i5-1240P 16GB RAM 512GB Dysk SSD Win11 Pro Czarny",5 199.00 zł,"https://f00.esfr.pl/foto/1/152465705065/28ffc184d2b86239814450afee75ddb0/asus-laptop-asus-14-i5-16gb-512gb-w11p,152465705065_7.webp","{'Ekran': '14 "",  1920 x 1080 pikseli 60 Hz', 'Procesor': 'Intel® Core™ i5 12gen 1240P', 'Pamięć': '16 GB  DDR4 RAM', 'Grafika': 'Intel®  UHD Graphics', 'Dysk': '512 GB SSD', 'System operacyjny': 'Windows 11 Professional'}"
"Laptop biznesowy Lenovo ThinkBook 16 G7 ARP 16"" R7 7735HS 16GB RAM 1TB Dysk SSD Win11 Pro Szary",5 243.26 zł,"https://f00.esfr.pl/foto/3/153672884505/4d27150d99ac8836f916d701ab3a29e2/lenovo-laptop-lenovo-r77735hs-16gb-1tb-16-w11p,153672884505_7.webp","{'Ekran': '16 "",  1920 x 1200 pikseli 60 Hz', 'Procesor': 'AMD Ryzen™ 7 7735HS', 'Pamięć': '16 GB  DDR5 4800 Mhz RAM', 'Grafika': 'AMD  Radeon™ 680M', 'Dysk': '1 TB SSD', 'System operacyjny': 'Windows 11 Professional'}"
"Laptop ASUS Vivobook 16 X1605VA-MB2798W 16"" Core 9 270H 16GB RAM 512GB Dysk SSD Czarny Funkcje AI",5 399.00 zł,"https://f00.esfr.pl/foto/8/191218259345/93696230d9529353d5b08275a5b97e58/asus-laptop-asus-vb-16-c9-16-512-w11,191218259345_7.webp","{'Ekran': '16 "",  1920 x 1200 pikseli 60 Hz', 'Procesor': 'Intel® Core™ 9 Series 2 270H', 'Pamięć': '16 GB  DDR5 RAM', 'Grafika': 'Intel®  Graphics', 'Dysk': '512 GB SSD', 'System operacyjny': 'Windows 11 Home Edition'}"
"Laptop gamingowy Acer Nitro 16S AI AN16S-61 16"" 180Hz Ryzen AI 7 350 16GB RAM 1TB Dysk SSD RTX5070 DLSS4 Czarny Funkcje AI",6 499.00 zł,"https://f00.esfr.pl/foto/1/176109653705/1cd5e6294e399629454455a777e8b09a/acer-laptop-nitro-16-r7ai-16gb-1tb-5070-nos,176109653705_7.webp","{'Ekran': '16 "",  2560 x 1600 pikseli 180 Hz', 'Procesor': 'AMD Ryzen™ AI 7 350', 'Pamięć': '16 GB  DDR5 5600 Mhz RAM', 'Grafika': 'NVIDIA® GeForce RTX™ 5070 + AMD Radeon™ 860M', 'Dysk': '1 TB SSD', 'System operacyjny': 'bez systemu'}"
"Laptop gamingowy Acer Nitro 16 AI AN16-61 16"" 180Hz Ryzen AI 9 365 16GB RAM 1TB Dysk SSD RTX5070Ti DLSS4 Czarny Funkcje AI",8 999.00 zł,"https://f00.esfr.pl/foto/4/176109401073/cc292b4a03dee3680a12e42f5446688d/acer-laptop-nitro-16-r9ai-16gb-1tb-5070ti-nos,176109401073_7.webp","{'Ekran': '16 "",  2560 x 1600 pikseli 180 Hz', 'Procesor': 'AMD Ryzen™ AI 9 365', 'Pamięć': '16 GB  DDR5 5600 Mhz RAM', 'Grafika': 'NVIDIA® GeForce RTX™ 5070 Ti + AMD Radeon™ 880M', 'Dysk': '1 TB SSD', 'System operacyjny': 'bez systemu'}"
"Laptop biznesowy Lenovo ThinkPad L14 Gen 6 14"" Ryzen 7 Pro 250 16GB RAM 512GB Dysk SSD Win11 Pro Czarny Funkcje AI",5 699.00 zł,"https://f00.esfr.pl/foto/4/174091903865/53a007a5fda5088e1cbcc81fbcc3722b/lenovo-laptop-lenovo-tp-14-r7-16gb-512gb-w11p,174091903865_7.webp","{'Ekran': '14 "",  1920 x 1200 pikseli 60 Hz', 'Procesor': 'AMD Ryzen™ 7 Pro 250', 'Pamięć': '16 GB  DDR5 5600 Mhz RAM', 'Grafika': 'AMD  Radeon™ 780M Graphics', 'Dysk': '512 GB SSD', 'System operacyjny': 'Windows 11 Professional'}"
"Laptop biznesowy Lenovo ThinkPad L14 Gen 6 14"" Ultra 5 225U 16GB RAM 512GB Dysk SSD Win11 Pro Czarny Funkcje AI",5 849.00 zł,"https://f00.esfr.pl/foto/3/183280862209/52fce9cd0b6cecb5d1e5965c737df9dd/lenovo-laptop-lenovo-u5225u-16gb-512gb-14-w11p,183280862209_7.webp","{'Ekran': '14 "",  1920 x 1200 pikseli 60 Hz', 'Procesor': 'Intel® Core™ Ultra 5 15gen 225U', 'Pamięć': '16 GB  DDR5 5600 Mhz RAM', 'Grafika': 'Intel®  Graphics', 'Dysk': '512 GB SSD', 'System operacyjny': 'Windows 11 Professional'}"
"Laptop gamingowy Acer Nitro V 16 AI ANV16-61 16"" 180Hz Ryzen AI 7 350 16GB RAM 1TB Dysk SSD RTX5070 DLSS4 Czarny Funkcje AI",7 199.00 zł,"https://f00.esfr.pl/foto/5/180303173577/6a5dcb476ccab51346602738f38ffc3a/acer-laptop-nitro-v-16-r7ai-16gb-1tb-5070-nos,180303173577_7.webp","{'Ekran': '16 "",  2560 x 1600 pikseli 180 Hz', 'Procesor': 'AMD Ryzen™ AI 7 350', 'Pamięć': '16 GB  DDR5 5600 Mhz RAM', 'Grafika': 'NVIDIA® GeForce RTX™ 5070 + AMD Radeon™ 860M', 'Dysk': '1 TB SSD', 'System operacyjny': 'bez systemu'}"
"Laptop biznesowy ASUS ExpertBook PM3 PM3606CKA-PL0061X 16"" 144Hz Ryzen AI 7 350 16GB RAM 1TB Dysk SSD Win11 Pro Szary Funkcje AI",7 199.00 zł,"https://f00.esfr.pl/foto/9/188482064857/c1dc245aaa5a24ebbc84bbb07a2b62e2/asus-laptop-asus-eb-16-ai-r7-16-1-w11p,188482064857_7.webp","{'Ekran': '16 "",  2560 x 1600 pikseli', 'Procesor': 'AMD Ryzen™ AI 7 350', 'Pamięć': '16 GB  DDR5 RAM', 'Grafika': 'AMD  Radeon™ 860M', 'Dysk': '1 TB SSD', 'System operacyjny': 'Windows 11 Professional'}"
"Laptop gamingowy Acer Nitro 16 AI AN16-61 16"" 180Hz Ryzen AI 9 365 32GB RAM 1TB Dysk SSD RTX5070 DLSS4 Win11 Pro Czarny Funkcje AI",9 399.00 zł,"https://f00.esfr.pl/foto/1/176109295969/f267af5ebb30920d91522d2bd45a74de/acer-laptop-nitro-16-r9ai-32gb-1tb-5070-w11p,176109295969_7.webp","{'Ekran': '16 "",  2560 x 1600 pikseli 180 Hz', 'Procesor': 'AMD Ryzen™ AI 9 365', 'Pamięć': '32 GB  DDR5 5600 Mhz RAM', 'Grafika': 'NVIDIA® GeForce RTX™ 5070 + AMD Radeon™ 880M', 'Dysk': '1 TB SSD', 'System operacyjny': 'Windows 11 Professional'}"
"Laptop 2w1 Lenovo ThinkPad X1 2-in-1 Gen 10 Aura Edition OLED 14"" Ultra 7 255U 32GB RAM 1TB Dysk SSD Win11 Pro Szary Funkcje AI",16 999.00 zł,"https://f00.esfr.pl/foto/5/172660660865/dd9326d4bb4c33896c38d2e7196d204c/lenovo-laptop-lenovo-x1-7-255u-32gb-1tb-14-w11p_1,172660660865_7.webp","{'Ekran': '14 "", ekran dotykowy 2880 x 1800 pikseli 120 Hz', 'Procesor': 'Intel® Core™ Ultra 7 15gen 255U', 'Pamięć': '32 GB  LPDDR5x 8400 Mhz RAM', 'Grafika': 'Intel®  Graphics', 'Dysk': '1 TB SSD', 'System operacyjny': 'Windows 11 Professional'}"
"Laptop Acer Aspire 14 AI A14-61M 14"" Ryzen AI 5 330 16GB RAM 512GB Dysk SSD Win11 Srebrny Funkcje AI",3 349.00 zł,"https://f00.esfr.pl/foto/8/193947244009/e4cee6864447b684c36dc560eacf9522/acer-laptop-acer-a14-r5ai-16gb-512gb-w11,193947244009_7.webp","{'Ekran': '14 "",  1920 x 1200 pikseli 120 Hz', 'Procesor': 'AMD Ryzen™ AI 5 330', 'Pamięć': '16 GB  LPDDR5x 8533 Mhz RAM', 'Grafika': 'AMD  Radeon™ 820M Graphics', 'Dysk': '512 GB SSD', 'System operacyjny': 'Windows 11 Home Edition'}"
"Laptop 2w1 Lenovo ThinkBook 14 2-in-1 G5 IAU 14"" Ultra 5 225U 16GB RAM 512GB Dysk SSD Win11 Pro Szary Funkcje AI",6 061.58 zł,"https://f00.esfr.pl/foto/6/164170197929/4aa911324f4450556ef3716c7b0ddf03/lenovo-laptop-lenovo-ul-5225u-16gb-512-14-w11p,164170197929_7.webp","{'Ekran': '14 "", ekran dotykowy 1920 x 1200 pikseli', 'Procesor': 'Intel® Core™ Ultra 5 15gen 225U', 'Pamięć': '16 GB  DDR5 5600 Mhz RAM', 'Grafika': 'Intel®  Graphics', 'Dysk': '512 GB SSD', 'System operacyjny': 'Windows 11 Professional'}"
"Laptop gamingowy Acer Nitro V16S ANV16S-71 16"" 180Hz Core 9 270H 32GB RAM 2TB Dysk SSD RTX5070 DLSS4 Win11 Pro Czarny Funkcje AI",10 999.00 zł,"https://f00.esfr.pl/foto/7/176110079713/57405100ee583dfe89591bb42651e0a8/acer-laptop-nitro-v-16-i9-32gb-2tb-5070-w11p,176110079713_7.webp","{'Ekran': '16 "",  2560 x 1600 pikseli 180 Hz', 'Procesor': 'Intel® Core™ 9 15gen 270H', 'Pamięć': '32 GB  DDR5 5600 Mhz RAM', 'Grafika': 'NVIDIA® GeForce RTX™ 5070 + Intel Graphics', 'Dysk': '2 TB SSD', 'System operacyjny': 'Windows 11 Professional'}"
"Laptop Acer Aspire 14 AI A14-61M OLED 14"" Ryzen AI 5 330 16GB RAM 512GB Dysk SSD Win11 Srebrny Funkcje AI",3 649.00 zł,"https://f00.esfr.pl/foto/4/193947265897/e4cee6864447b684c36dc560eacf9522/acer-laptop-acer-a14-oled-r5ai-16gb-512gb-w11,193947265897_7.webp","{'Ekran': '14 "",  1920 x 1200 pikseli 60 Hz', 'Procesor': 'AMD Ryzen™ AI 5 330', 'Pamięć': '16 GB  LPDDR5x 8533 Mhz RAM', 'Grafika': 'AMD  Radeon™ 820M Graphics', 'Dysk': '512 GB SSD', 'System operacyjny': 'Windows 11 Home Edition'}"
"Laptop ASUS Vivobook S14 S3407AA-SF012W OLED 14"" Ultra 7 355H 16GB RAM 512GB Dysk SSD Win11 Szary Funkcje AI",4 149.00 zł,"https://f00.esfr.pl/foto/7/185048734977/3a375791630c41f4488c988e7d806b9b/asus-laptop-asus-vb-s14-u7-16-512gb-w11,185048734977_7.webp","{'Ekran': '14 "",  1920 x 1200 pikseli 60 Hz', 'Procesor': 'Intel® Core™ Ultra 7 Series 3 355H', 'Pamięć': '16 GB  DDR5 RAM', 'Grafika': 'Intel®  Graphics', 'Dysk': '512 GB SSD', 'System operacyjny': 'Windows 11 Home Edition'}"
"Laptop gamingowy Acer Nitro 16 AI AN16-61 16"" 180Hz Ryzen AI 9 365 16GB RAM 1TB Dysk SSD RTX5060 DLSS4 Czarny Funkcje AI",7 349.00 zł,"https://f00.esfr.pl/foto/9/171823192841/cc292b4a03dee3680a12e42f5446688d/acer-laptop-nitro-r9ai-16-16gb-1tb-5060-nos,171823192841_7.webp","{'Ekran': '16 "",  2560 x 1600 pikseli 180 Hz', 'Procesor': 'AMD Ryzen™ AI 9 365', 'Pamięć': '16 GB  DDR5 5600 Mhz RAM', 'Grafika': 'NVIDIA® GeForce RTX™ 5060 + AMD Radeon™ 880M', 'Dysk': '1 TB SSD', 'System operacyjny': 'bez systemu'}"
"Laptop gamingowy Acer Nitro 18 AI AN18-61 18"" 165Hz Ryzen AI 9 365 16GB RAM 1TB Dysk SSD RTX5070 DLSS4 Czarny Funkcje AI",9 299.00 zł,"https://f00.esfr.pl/foto/7/171823087601/2585ab2231bdb847a928d1c055491e12/acer-laptop-nitro-r9ai-18-16gb-1tb-5070-nos,171823087601_7.webp","{'Ekran': '18 "",  2560 x 1600 pikseli 165 Hz', 'Procesor': 'AMD Ryzen™ AI 9 365', 'Pamięć': '16 GB  DDR5 5600 Mhz RAM', 'Grafika': 'NVIDIA® GeForce RTX™ 5070 + AMD Radeon™ 880M', 'Dysk': '1 TB SSD', 'System operacyjny': 'bez systemu'}"
"Laptop ASUS Vivobook 16 X1605VA-MB2796W 16"" Core 9 270H 16GB RAM 512GB Dysk SSD Win11 Srebrny Funkcje AI",5 399.00 zł,"https://f00.esfr.pl/foto/6/191218306705/f6c643ce1b409b306fc0eb0521afcca6/asus-laptop-asus-vb-16-c9-16-512-w11_1,191218306705_7.webp","{'Ekran': '16 "",  1920 x 1200 pikseli 60 Hz', 'Procesor': 'Intel® Core™ 9 Series 2 270H', 'Pamięć': '16 GB  DDR5 RAM', 'Grafika': 'Intel®  Graphics', 'Dysk': '512 GB SSD', 'System operacyjny': 'Windows 11 Home Edition'}"
"Apple MacBook Pro 2026 16,2"" M5 Pro 18/20 48GB RAM 1TB Dysk macOS Gwiezdna Czerń Funkcje AI",17 499.00 zł,"https://f00.esfr.pl/foto/2/187428363657/228348ad781c2b654ec3ee7037e67572/apple-macbook-pro-2026-16-2-m5-pro-48gb-ram-1tb-dysk-macos-gwiezdna-czern,187428363657_7.webp","{'Ekran': '16,2 "",  3456 x 2234 pikseli 120 Hz', 'Procesor': 'Apple M5 Pro', 'Pamięć': '48 GB  zunifikowana RAM', 'Grafika': 'Apple  M5 Pro (20-rdzeni)', 'Dysk': '1 TB SSD', 'System operacyjny': 'macOS'}"
"Laptop Acer Aspire 14 AI A14-61M OLED 14"" Ryzen AI 7 350 16GB RAM 512GB Dysk SSD Win11 Srebrny Funkcje AI",4 199.00 zł,"https://f00.esfr.pl/foto/9/193947262161/e4cee6864447b684c36dc560eacf9522/acer-laptop-acer-a14-oled-r7ai-16gb-512gb-w11,193947262161_7.webp","{'Ekran': '14 "",  1920 x 1200 pikseli 60 Hz', 'Procesor': 'AMD Ryzen™ AI 7 350', 'Pamięć': '16 GB  LPDDR5x 8533 Mhz RAM', 'Grafika': 'AMD  Radeon™ 860M Graphics', 'Dysk': '512 GB SSD', 'System operacyjny': 'Windows 11 Home Edition'}"
"Laptop biznesowy Dell Pro 14 Plus PB14255 14"" R5 Pro 230 32GB RAM 1TB Dysk SSD Win11 Pro Srebrny Funkcje AI",9 199.00 zł,"https://f00.esfr.pl/foto/3/172661054201/c8adb06fbb1b6655447fbea08baaac4c/dell-laptop-dell-r5pro230-32gb1tb-14-760mw11p,172661054201_7.webp","{'Ekran': '14 "",  1920 x 1200 pikseli 60 Hz', 'Procesor': 'AMD Ryzen™ 5 Pro 230', 'Pamięć': '32 GB  LPDDR5x 7500 Mhz RAM', 'Grafika': 'AMD  Radeon™ 760M', 'Dysk': '1 TB SSD', 'System operacyjny': 'Windows 11 Professional'}"
"Laptop gamingowy Acer Nitro V 16S AI ANV16S-41 16"" 180Hz R7 260 16GB RAM 1TB Dysk SSD RTX5050 DLSS4 Czarny Funkcje AI",6 199.00 zł,"https://f00.esfr.pl/foto/1/180303202433/c1a26a5d0f52482a00bd82ddde64135b/acer-laptop-nitro-v-16s-r7-16gb-1tb-5050-nos,180303202433_7.webp","{'Ekran': '16 "",  1920 x 1200 pikseli 180 Hz', 'Procesor': 'AMD Ryzen™ 7 260', 'Pamięć': '16 GB  DDR5 5600 Mhz RAM', 'Grafika': 'NVIDIA® GeForce RTX™ 5050 + AMD Radeon™ 780M', 'Dysk': '1 TB SSD', 'System operacyjny': 'bez systemu'}"
"Laptop biznesowy Lenovo ThinkPad L16 Gen 2 16"" Ryzen 7 Pro 250 16GB RAM 512GB Dysk SSD Win11 Pro Czarny Funkcje AI",6 799.00 zł,"https://f00.esfr.pl/foto/4/174092102353/4a4aec544b8ab69b665c906b654c99f8/lenovo-laptop-lenovo-tp-16-r7-16gb-512gb-w11p,174092102353_7.webp","{'Ekran': '16 "",  1920 x 1200 pikseli 60 Hz', 'Procesor': 'AMD Ryzen™ 7 Pro 250', 'Pamięć': '16 GB  DDR5 5600 Mhz RAM', 'Grafika': 'AMD  Radeon™ 780M Graphics', 'Dysk': '512 GB SSD', 'System operacyjny': 'Windows 11 Professional'}"
"Laptop Dell 14 Plus 1425-2822 14"" Ultra 7 256V 16GB RAM 1TB Dysk SSD Win11 Niebieski Funkcje AI",5 999.00 zł,"https://f00.esfr.pl/foto/3/160009369833/1ramen18tjemm/dell-laptop-d14-u7-16gb-1tb-w11-touch,160009369833_7.webp","{'Ekran': '14 "", ekran dotykowy 1920 x 1200 pikseli 60 Hz', 'Procesor': 'Intel® Core™ Ultra 7 15gen 256V', 'Pamięć': '16 GB  LPDDR5x 8533 Mhz RAM', 'Grafika': 'Intel®  Arc Graphics', 'Dysk': '1 TB SSD', 'System operacyjny': 'Windows 11 Home Edition'}"
"Apple MacBook Pro 2026 14,2"" M5 Max 18/32 36GB RAM 2TB Dysk macOS Gwiezdna Czerń Funkcje AI",19 999.00 zł,"https://f00.esfr.pl/foto/4/187428224713/b3ad39e784948f3d41471d6369ba59ab/apple-macbook-pro-2026-14-2-m5-max-18-32-36gb-ram-2tb-dysk-macos-gwiezdna-czern-funkcje-ai,187428224713_7.webp","{'Ekran': '14,2 "",  3024 x 1964 pikseli 120 Hz', 'Procesor': 'Apple M5 Max', 'Pamięć': '36 GB  zunifikowana RAM', 'Grafika': 'Apple  M5 Max (32-rdzenie)', 'Dysk': '2 TB SSD', 'System operacyjny': 'macOS'}"
"Laptop gamingowy HyperX OMEN 15-ga0005nw 15,3"" 180Hz i5-14450HX 16GB RAM 1TB Dysk SSD RTX5060 DLSS4 Win11 Czarny",5 444.00 zł,"https://f00.esfr.pl/foto/9/193704540705/75811154af85486c1c757883d6eadb6c/hyperx-laptop-hypx-om-15-3-c5-16-1-5060-w11,193704540705_7.webp","{'Ekran': '15,3"",  2560 x 1600 pikseli 180 Hz', 'Procesor': 'Intel® Core™ i5 14gen 14450HX', 'Pamięć': '16 GB  DDR5 5600 Mhz RAM', 'Grafika': 'NVIDIA® GeForce RTX™ 5060 + Intel UHD Graphics', 'Dysk': '1 TB SSD', 'System operacyjny': 'Windows 11 Home Edition'}"
"Laptop 2w1 Lenovo ThinkBook 14 2-in-1 G5 IAU 14"" Ultra 7 255U 16GB RAM 512GB Dysk SSD Win11 Pro Szary Funkcje AI",7 199.00 zł,"https://f00.esfr.pl/foto/7/164170212625/4aa911324f4450556ef3716c7b0ddf03/lenovo-laptop-lenovo-ul-7255u-16-512gb-14-w11p,164170212625_7.webp","{'Ekran': '14 "", ekran dotykowy 1920 x 1200 pikseli', 'Procesor': 'Intel® Core™ Ultra 7 15gen 255U', 'Pamięć': '16 GB  DDR5 5600 Mhz RAM', 'Grafika': 'Intel®  Graphics', 'Dysk': '512 GB SSD', 'System operacyjny': 'Windows 11 Professional'}"
"Laptop biznesowy Acer TravelMate P4 16 TMP416-54-TCO 16"" Ultra 5 225U 16GB RAM 512GB Dysk SSD Win11 Pro Niebieski Funkcje AI",3 949.00 zł,"https://f00.esfr.pl/foto/8/180723202937/fd9bd3b313b901012a3353acf9f1b066/acer-laptop-acer-tm-p4-16-u5-16gb-512gb-w11p,180723202937_7.webp","{'Ekran': '16 "",  1920 x 1200 pikseli 60 Hz', 'Procesor': 'Intel® Core™ Ultra 5 15gen 225U', 'Pamięć': '16 GB  DDR5 5600 Mhz RAM', 'Grafika': 'Intel®  Graphics', 'Dysk': '512 GB SSD', 'System operacyjny': 'Windows 11 Professional'}"
"Laptop HP OmniBook 7 16-az0003nw OLED 16"" 120Hz Core 7 240H 24GB RAM 1TB Dysk SSD Win11 Srebrny",3 999.00 zł,"https://f00.esfr.pl/foto/5/193704549321/a02dbaba0a6e5778980e91df30f579d5/hp-laptop-hp-ob-7-16-24-1-w11,193704549321_7.webp","{'Ekran': '16 "", ekran dotykowy 2048 x 1280 pikseli 120 Hz', 'Procesor': 'Intel® Core™ 7 14gen 240H', 'Pamięć': '24 GB  DDR5 5600 Mhz RAM', 'Grafika': 'Intel®  Graphics', 'Dysk': '1 TB SSD', 'System operacyjny': 'Windows 11 Home Edition'}"
"Laptop gamingowy Acer Nitro 16S AI AN16S-61 16"" 180Hz Ryzen AI 9 365 16GB RAM 1TB Dysk SSD RTX5070 DLSS4 Czarny Funkcje AI",7 899.00 zł,"https://f00.esfr.pl/foto/7/176110046673/1cd5e6294e399629454455a777e8b09a/acer-laptop-nitro-16-r9ai-16gb-1tb-5070-nos_1,176110046673_7.webp","{'Ekran': '16 "",  2560 x 1600 pikseli 180 Hz', 'Procesor': 'AMD Ryzen™ AI 9 365', 'Pamięć': '16 GB  DDR5 5600 Mhz RAM', 'Grafika': 'NVIDIA® GeForce RTX™ 5070 + AMD Radeon™ 880M', 'Dysk': '1 TB SSD', 'System operacyjny': 'bez systemu'}"
"Laptop gamingowy Acer Nitro 16S AI AN16S-61 16"" 180Hz Ryzen AI 9 365 16GB RAM 1TB Dysk SSD RTX5070Ti DLSS4 Czarny Funkcje AI",9 799.00 zł,"https://f00.esfr.pl/foto/2/176109606281/1cd5e6294e399629454455a777e8b09a/acer-laptop-nitro-16-r9ai-16gb-1tb-5070ti-nos_1,176109606281_7.webp","{'Ekran': '16 "",  2560 x 1600 pikseli 180 Hz', 'Procesor': 'AMD Ryzen™ AI 9 365', 'Pamięć': '16 GB  DDR5 5600 Mhz RAM', 'Grafika': 'NVIDIA® GeForce RTX™ 5070 Ti + AMD Radeon™ 880M', 'Dysk': '1 TB SSD', 'System operacyjny': 'bez systemu'}"
"Laptop biznesowy Lenovo ThinkPad L16 Gen 1 16"" R5 7535U 16GB RAM 512GB Dysk SSD Win11 Pro Czarny",5 899.00 zł,"https://f00.esfr.pl/foto/1/153672985089/e30fff4935b043a23f06ad6630492da7/lenovo-laptop-lenovo-r5pro7535u-16-512-16-w11p,153672985089_7.webp","{'Ekran': '16 "",  1920 x 1200 pikseli', 'Procesor': 'AMD Ryzen™ 5 7535U', 'Pamięć': '16 GB  DDR5 4800 Mhz RAM', 'Grafika': 'AMD  Radeon™ 660M', 'Dysk': '512 GB SSD', 'System operacyjny': 'Windows 11 Professional'}"
"Laptop gamingowy Acer Nitro 16 AI AN16-61 16"" 180Hz Ryzen AI 9 365 16GB RAM 1TB Dysk SSD RTX5070 DLSS4 Czarny Funkcje AI",7 499.00 zł,"https://f00.esfr.pl/foto/8/176109262033/cc292b4a03dee3680a12e42f5446688d/acer-laptop-nitro-16-r9ai-16gb-1tb-5070-nos,176109262033_7.webp","{'Ekran': '16 "",  2560 x 1600 pikseli 180 Hz', 'Procesor': 'AMD Ryzen™ AI 9 365', 'Pamięć': '16 GB  DDR5 5600 Mhz RAM', 'Grafika': 'NVIDIA® GeForce RTX™ 5070 + AMD Radeon™ 880M', 'Dysk': '1 TB SSD', 'System operacyjny': 'bez systemu'}"
"Laptop HP OmniBook 5 16-af1060nw 16"" Ultra 7 255U 24GB RAM 512GB Dysk SSD Win11 Srebrny Funkcje AI",4 699.00 zł,"https://f00.esfr.pl/foto/1/186932956929/5fa5d98fb4f50512b43fc3029149813f/hp-laptop-hp-ob5-16-ai-u7-24-512-w11,186932956929_7.webp","{'Ekran': '16 "",  1920 x 1200 pikseli', 'Procesor': 'Intel® Core™ Ultra 7 15gen 255U', 'Pamięć': '24 GB  LPDDR5 7467 Mhz RAM', 'Grafika': 'Intel®  Graphics', 'Dysk': '512 GB SSD', 'System operacyjny': 'Windows 11 Home Edition'}"
Laptop gamingowy ASUS TUF Gaming A16 FA607NUG-RL116W 16'' 144Hz R7 7445HS 16GB RAM 512GB Dysk SSD RTX4050 DLSS3 Win11 Szary,3 299.00 zł,"https://f00.esfr.pl/foto/3/185048840489/c3b570ae96c585bf67c4c658055f8240/asus-laptop-as-tuf-a16-r7-16-512gb-4050-w11,185048840489_7.webp","{'Ekran': '16 "",  1920 x 1200 pikseli 144 Hz', 'Procesor': 'AMD Ryzen™ 7 7445HS', 'Pamięć': '16 GB  DDR5 5600 Mhz RAM', 'Grafika': 'NVIDIA® GeForce RTX 4050 + AMD Radeon™ 740M', 'Dysk': '512 GB SSD', 'System operacyjny': 'Windows 11 Home Edition'}"
"Laptop gamingowy ASUS TUF Gaming A16 FA608UH-R7165W 16"" 165Hz Ryzen 7 260 16GB RAM 512GB Dysk SSD RTX5050 DLSS4 Win11 Szary Funkcje AI",4 099.00 zł,"https://f00.esfr.pl/foto/6/167615168961/5d72d7b2181df5719bd2d13d782f2304/asus-tuf-gaming-f16-2025-fa608uh-r7165w-16-165hz-ryzen-7-260-16gb-ram-512gb-dysk-ssd-rtx5050-dlss4-win11-szary,167615168961_7.webp","{'Ekran': '16 "",  1920 x 1200 pikseli 165 Hz', 'Procesor': 'AMD Ryzen™ 7 260', 'Pamięć': '16 GB  DDR5 5600 Mhz RAM', 'Grafika': 'NVIDIA® GeForce RTX™ 5050 + \tAMD Radeon™ 780M', 'Dysk': '512 GB SSD', 'System operacyjny': 'Windows 11 Home Edition'}"
Laptop gamingowy ASUS TUF Gaming A16 FA608UM-R7165W 16'' 165Hz Ryzen 7 260 16GB RAM 512GB Dysk SSD RTX5060 DLSS4 Win11 Szary Funkcje AI,4 699.00 zł,"https://f00.esfr.pl/foto/1/165737286017/a02993766cc215435e2258a68b43388/asus-laptop-asus-tuf-a16-16-512gb-5060-w11,165737286017_7.webp","{'Ekran': '16 "",  1920 x 1200 pikseli 165 Hz', 'Procesor': 'AMD Ryzen™ 7 260', 'Pamięć': '16 GB  DDR5 5600 Mhz RAM', 'Grafika': 'NVIDIA® GeForce RTX 5060 + AMD Radeon™ 780M', 'Dysk': '512 GB SSD', 'System operacyjny': 'Windows 11 Home Edition'}"
"Laptop gamingowy Lenovo LOQ 15IRX10 15,6"" 144Hz i5-13450HX 24GB RAM 512GB Dysk SSD RTX5050 DLSS4 Win11 Szary Funkcje AI",4 099.00 zł,"https://f00.esfr.pl/foto/6/173301621585/1a1ca111db0931989fe6bc42e40a3f7/lenovo-laptop-lenovo-loq-i5-24gb-512gb-5050-w11,173301621585_7.webp","{'Ekran': '15,6 "",  1920 x 1080 pikseli 144 Hz', 'Procesor': 'Intel® Core™ i5 13gen 13450HX', 'Pamięć': '24 GB  DDR5 4800 Mhz RAM', 'Grafika': 'NVIDIA® GeForce RTX™ 5050 + Intel UHD Graphics', 'Dysk': '512 GB SSD', 'System operacyjny': 'Windows 11 Home Edition'}"
"Laptop Lenovo IdeaPad Slim 3 15IRH10 15,3"" i5-13420H 16GB RAM 1TB Dysk SSD Win11S Szary",2 599.00 zł,"https://f00.esfr.pl/foto/8/179019194281/b2ca39a7fd2a06957b3db9b91baeeda1/lenovo-laptop-ips3-15-3-i5-16gb-1tb-w11,179019194281_7.webp","{'Ekran': '15,3"",  1920 x 1200 pikseli 60 Hz', 'Procesor': 'Intel® Core™ i5 13gen 13420H', 'Pamięć': '16 GB  LPDDR5 4800 Mhz RAM', 'Grafika': 'Intel®  UHD Graphics', 'Dysk': '1 TB SSD', 'System operacyjny': 'Windows 11 Home S'}"
"Laptop HP 15-fd1037nw 15,6"" Ultra 5 125H 24GB RAM 512GB Dysk SSD Win11 Niebieski Funkcje AI",2 549.00 zł,"https://f00.esfr.pl/foto/2/172741869193/5e1f6fccde6f9d7fd893b802801b4423/hp-laptop-hp-15-u5-24-512gb-w11-blue,172741869193_7.webp","{'Ekran': '15,6 "",  1920 x 1080 pikseli', 'Procesor': 'Intel® Core™ Ultra 5 14gen 125H', 'Pamięć': '24 GB  DDR5 5600 Mhz RAM', 'Grafika': 'Intel®  Arc™ Graphics (działający jako Intel® Graphics)', 'Dysk': '512 GB SSD', 'System operacyjny': 'Windows 11 Home Edition'}"
"Laptop gamingowy HP Victus 15-fa2115nw 15,6"" 144Hz Core 7 240H 24GB RAM 1TB Dysk SSD RTX5060 DLSS4 Win11 Różowy Funkcje AI",6 499.00 zł,"https://f00.esfr.pl/foto/8/188631131649/daaf2fcef463fc31c2bb6130ddce25b2/hp-laptop-hp-victus-15-6-c7-24-1-5060-w11,188631131649_7.webp","{'Ekran': '15,6 "",  1920 x 1080 pikseli', 'Procesor': 'Intel® Core™ 7 15gen 240H', 'Pamięć': '24 GB  DDR5 5600 Mhz RAM', 'Grafika': 'NVIDIA® GeForce RTX™ 5060 + Intel Graphics', 'Dysk': '1 TB SSD', 'System operacyjny': 'Windows 11 Home Edition'}"
"Laptop gamingowy MSI Vector 16 HX AI A2XWHG-256PL 16"" 240Hz Ultra 7 255HX 16GB RAM 1TB Dysk SSD RTX5070Ti DLSS4 Win11 Szary Funkcje AI",8 649.00 zł,"https://f00.esfr.pl/foto/7/162043230569/3c969f0d73f7ed40d283dae5aa32cbb8/msi-laptop-vector-ai-1-u7-16-1tb-5070ti-w11,162043230569_7.webp","{'Ekran': '16 "",  2560 x 1600 pikseli 240 Hz', 'Procesor': 'Intel® Core™ Ultra 7 15gen 255HX', 'Pamięć': '16 GB  DDR5 5600 Mhz RAM', 'Grafika': 'NVIDIA® GeForce RTX™ 5070 Ti + Intel Graphics', 'Dysk': '1 TB SSD', 'System operacyjny': 'Windows 11 Home Edition'}"
"Laptop Acer Swift SFL14-53M 14"" i5-1334U 16GB RAM 512GB Dysk SSD Win11 Szary",2 199.00 zł,"https://f00.esfr.pl/foto/8/179105870345/16xi7t6l1szh1/acer-laptop-swift-lite-14-i5-16gb-512gb-w11,179105870345_7.webp","{'Ekran': '14 "",  1920 x 1080 pikseli 60 Hz', 'Procesor': 'Intel® Core™ i5 13gen 1334U', 'Pamięć': '16 GB  DDR5 RAM', 'Grafika': 'Intel®  UHD Graphics', 'Dysk': '512 GB SSD', 'System operacyjny': 'Windows 11 Home Edition'}"
"Laptop gamingowy Dell Alienware 16 Aurora AC16250 16"" 120Hz Core 7 240H 32GB RAM 1TB Dysk SSD RTX5060 DLSS4 Win11 Granatowy Funkcje AI",6 399.00 zł,"https://f00.esfr.pl/foto/9/175915148081/f7bd6dea40ca0c7853551e51a35eeca4/dell-laptop-aw-16-aurora-c7-32gb-1tb-5060-w11,175915148081_7.webp","{'Ekran': '16 "",  2560 x 1600 pikseli 120 Hz', 'Procesor': 'Intel® Core™ 7 15gen 240H', 'Pamięć': '32 GB  DDR5 5600 Mhz RAM', 'Grafika': 'NVIDIA® GeForce RTX™ 5060 + Intel Graphics', 'Dysk': '1 TB SSD', 'System operacyjny': 'Windows 11 Home Edition'}"
"Laptop 2w1 HP EliteBook X Flip G1i 14"" Ultra 7 258V 32GB RAM 1TB Dysk SSD Win11 Pro Niebieski Funkcje AI",7 499.00 zł,"https://f00.esfr.pl/foto/1/170019092265/8aa0eeab423a2e36868ee25cd09e4b37/hp-laptop-hp-eb-14-u7-32-1tb-w11p,170019092265_7.webp","{'Ekran': '14 "", ekran dotykowy 2560 x 1600 pikseli 120 Hz', 'Procesor': 'Intel® Core™ Ultra 7 15gen 258V', 'Pamięć': '32 GB  LPDDR5x 8533 Mhz RAM', 'Grafika': 'Intel®  Arc 140V', 'Dysk': '1 TB SSD', 'System operacyjny': 'Windows 11 Professional'}"
"Laptop ASUS ProArt GoPro Edition HN7306EAC-LX041X OLED 13,3"" Ryzen AI Max+ 395 128GB RAM 1TB Dysk SSD Win11Pro Czarny AI",13 294.99 zł,"https://f00.esfr.pl/foto/1/184149356609/2ad471b0bcd104b1477daea36ce04d36/asus-laptop-proart-px13-rai-128gb-1tb-w11p,184149356609_7.webp","{'Ekran': '13,3 "", ekran dotykowy 2880 x 1800 pikseli 60 Hz', 'Procesor': 'AMD Ryzen™ AI Max+ 395', 'Pamięć': '128 GB  LPDDR5X RAM', 'Grafika': 'AMD  Radeon™ 8060S', 'Dysk': '1 TB SSD', 'System operacyjny': 'Windows 11 Professional'}"
"Laptop Huawei MateBook D 16 2024 16"" i5-12450H 16GB RAM 512GB Dysk SSD Win11 Szary",2 999.00 zł,"https://f00.esfr.pl/foto/8/136503094345/a89a7904324a7b0c01187be9d937a362/huawei-laptop-mb-d16-i5-16gb-512gb-w11,136503094345_7.webp","{'Ekran': '16 "",  1920 x 1200 pikseli 60 Hz', 'Procesor': 'Intel® Core™ i5 12gen 12450H', 'Pamięć': '16 GB  LPDDR4X RAM', 'Grafika': 'Intel®  UHD Graphics', 'Dysk': '512 GB SSD', 'System operacyjny': 'Windows 11 Home Edition'}"
"Laptop Acer Nitro V 16 ANV16-41 16"" 165Hz R5 8645HS 16GB RAM 512GB Dysk SSD RTX4050 DLSS3 Win11 Czarny Funkcje AI",4 399.00 zł,"https://f00.esfr.pl/foto/7/153880298161/63e252a11759f93f08632557b41ff3ca/acer-laptop-acer-nitro-r5-16gb-512gb-4050-w11,153880298161_7.webp","{'Ekran': '16 "",  1920 x 1200 pikseli 165 Hz', 'Procesor': 'AMD Ryzen™ 5 8645HS', 'Pamięć': '16 GB  DDR5 5600 Mhz RAM', 'Grafika': 'NVIDIA® GeForce RTX™ 4050 + AMD Radeon™ 760M', 'Dysk': '512 GB SSD', 'System operacyjny': 'Windows 11 Home Edition'}"
"Laptop biznesowy HP EliteBook Ultra G1i OLED 14"" Ultra 7 258V 32GB RAM 512GB Dysk SSD Win11 Pro Niebieski Funkcje AI",6 199.00 zł,"https://f00.esfr.pl/foto/9/170019064545/5c1875e588fd8a460ef9834761d19767/hp-laptop-hp-eb-14-u7-32-512gb-w11p,170019064545_7.webp","{'Ekran': '14 "", ekran dotykowy 2880 x 1800 pikseli', 'Procesor': 'Intel® Core™ Ultra 7 15gen 258V', 'Pamięć': '32 GB  LPDDR5x 8533 Mhz RAM', 'Grafika': 'Intel®  Arc 140V', 'Dysk': '512 GB SSD', 'System operacyjny': 'Windows 11 Professional'}"
"Laptop gamingowy MSI Thin A15 B7VF-412XPL 15,6"" 144Hz R7 7735HS 16GB RAM 512GB Dysk SSD RTX4060 DLSS3 Szary",4 299.00 zł,"https://f00.esfr.pl/foto/8/161407891441/71997463c4b7fde38ddfb4428bf7bfce/msi-laptop-thin-412x-r7-16-512gb-4060-nos,161407891441_7.webp","{'Ekran': '15,6 "",  1920 x 1080 pikseli 144 Hz', 'Procesor': 'AMD Ryzen™ 7 7735HS', 'Pamięć': '16 GB  DDR5 5600 Mhz RAM', 'Grafika': 'NVIDIA® GeForce RTX™ 4060 +  AMD Radeon™ 680M', 'Dysk': '512 GB SSD', 'System operacyjny': 'bez systemu'}"
"Laptop ultrabook ASUS Zenbook 14 UM3406KA-QD018W OLED 14"" Ryzen AI 5 340 16GB RAM 512GB Dysk SSD Win11 Czarny Funkcje AI",3 799.00 zł,"https://f00.esfr.pl/foto/6/177079450281/9d0f8b2237f41e72a1ccc04417de679f/asus-laptop-asus-zb-14-ai-r5-16-512-w11p,177079450281_7.webp","{'Ekran': '14 "",  1920 x 1200 pikseli 60 Hz', 'Procesor': 'AMD Ryzen™ AI 5 340', 'Pamięć': '16 GB  LPDDR5X RAM', 'Grafika': 'AMD  Radeon™ 840M Graphics', 'Dysk': '512 GB SSD', 'System operacyjny': 'Windows 11 Home Edition'}"
"Laptop ASUS Vivobook S14 S3407VA-LY032W 14"" i7-13620H 16GB RAM 512GB Dysk SSD Win11 Srebrny",3 749.00 zł,"https://f00.esfr.pl/foto/9/162043603793/8da63a8fb2f846674d5235d95d82b1e4/asus-laptop-vivobook-s-14-i7-16-512gb-w11,162043603793_7.webp","{'Ekran': '14 "",  1920 x 1200 pikseli 60 Hz', 'Procesor': 'Intel® Core™ i7 13gen 13620H', 'Pamięć': '16 GB  DDR5 RAM', 'Grafika': 'Intel®  UHD Graphics', 'Dysk': '512 GB SSD', 'System operacyjny': 'Windows 11 Home Edition'}"
"Laptop gamingowy MSI Katana 17 B12UCRK-1056XPL 17,3"" 144Hz i7-12650H 16GB RAM 512GB Dysk SSD RTX3050 DLSS3 Czarny",4 399.00 zł,"https://f00.esfr.pl/foto/1/152308971585/6ccbdd1f6bb668e81ed5dd829040d533/msi-laptop-katana-17-i7-16-512gb-3050-nos,152308971585_7.webp","{'Ekran': '17,3 "",  1920 x 1080 pikseli 144 Hz', 'Procesor': 'Intel® Core™ i7 12gen 12650H', 'Pamięć': '16 GB  DDR5 4800 Mhz RAM', 'Grafika': 'NVIDIA® GeForce RTX™ 3050 + Intel UHD Graphics', 'Dysk': '512 GB SSD', 'System operacyjny': 'bez systemu'}"
"Apple MacBook Air 2025 15,3"" M4 16GB RAM 256GB Dysk macOS Północ 70W Funkcje AI",5 649.00 zł,"https://f00.esfr.pl/foto/6/165147899465/1y1rghegjtrbp/apple-laptop-mba-15-m4-10-10-16gb-256gb-m-70w,165147899465_7.webp","{'Ekran': '15,3"",  2880 x 1864 pikseli', 'Procesor': 'Apple M4', 'Pamięć': '16 GB  zunifikowana RAM', 'Grafika': 'Apple  M4 (10-rdzeni)', 'Dysk': '256 GB SSD', 'System operacyjny': 'macOS Sequoia lub nowszy'}"
"Laptop biznesowy HP EliteBook 8 G1i 14"" Ultra 5 225U 24GB RAM 512GB Dysk SSD Win11 Pro Srebrny Funkcje AI",7 399.00 zł,"https://f00.esfr.pl/foto/6/181421723641/896ec06196548c23bbe54563c2265d8d/hp-laptop-hp-eb8-14-u5-24-512-w11,181421723641_7.webp","{'Ekran': '14 "",  1920 x 1200 pikseli', 'Procesor': 'Intel® Core™ Ultra 5 15gen 225U', 'Pamięć': '24 GB  DDR5 5600 Mhz RAM', 'Grafika': 'Intel®  Graphics', 'Dysk': '512 GB SSD', 'System operacyjny': 'Windows 11 Professional'}"
"Laptop biznesowy Dell Pro 15 Essential PV15250 15,6"" i5-1334U 16GB RAM 1TB Dysk SSD Win11 Pro Srebrny",4 499.00 zł,"https://f00.esfr.pl/foto/3/183280300017/c52665fa7a8e5bfdda0e0e78084d04bd/dell-laptop-dell-p-i51334u-16-1tb-15-6-w11p,183280300017_7.webp","{'Ekran': '15,6 "",  1920 x 1080 pikseli 120 Hz', 'Procesor': 'Intel® Core™ i5 13gen 1334U', 'Pamięć': '16 GB  DDR5 5200 Mhz RAM', 'Grafika': 'Intel®  Iris Xe Graphics (działający jako Intel® UHD Graphics)', 'Dysk': '1 TB SSD', 'System operacyjny': 'Windows 11 Professional'}"
"Laptop biznesowy Dell Pro 14 Essential PV14255 14"" R5 220 16GB RAM 512GB Dysk SSD Win11 Pro Czarny Funkcje AI",3 749.00 zł,"https://f00.esfr.pl/foto/9/184604763481/9ae9bb05130728295f5b42983c4ea9d1/dell-laptop-dell-pro-5-220-16-512gb-14-w11p,184604763481_7.webp","{'Ekran': '14 "",  1920 x 1200 pikseli 60 Hz', 'Procesor': 'AMD Ryzen™ 5 220', 'Pamięć': '16 GB  DDR5 5600 Mhz RAM', 'Grafika': 'AMD  Radeon™ 740M', 'Dysk': '512 GB SSD', 'System operacyjny': 'Windows 11 Professional'}"
"Laptop biznesowy Dell Pro 16 PC16250 16"" Core 7 150U 16GB RAM 512GB Dysk SSD Win11 Pro Czarny Funkcje AI",6 549.00 zł,"https://f00.esfr.pl/foto/3/183279308129/6d80a18e1507940220f2e194fd532e10/dell-laptop-dell-p16-c7150u-16-512gb-16-w11p,183279308129_7.webp","{'Ekran': '16 "",  1920 x 1200 pikseli 60 Hz', 'Procesor': 'Intel® Core™ 7 14gen 150U', 'Pamięć': '16 GB  DDR5 5200 Mhz RAM', 'Grafika': 'Intel®  Graphics', 'Dysk': '512 GB SSD', 'System operacyjny': 'Windows 11 Professional'}"
"Laptop biznesowy Dell Pro 16 Plus PB16250 16"" Ultra 5 235U 32GB RAM 512GB Dysk SSD Win11 Pro Srebrny Funkcje AI",8 049.00 zł,"https://f00.esfr.pl/foto/1/184605786697/f7a78989faa360243df1300c231e4319/dell-laptop-dell-u5-235u-32gb-512-16-w11p,184605786697_7.webp","{'Ekran': '16 "",  1920 x 1200 pikseli 60 Hz', 'Procesor': 'Intel® Core™ Ultra 5 15gen 235U', 'Pamięć': '32 GB  DDR5 5600 Mhz RAM', 'Grafika': 'Intel®  Graphics', 'Dysk': '512 GB SSD', 'System operacyjny': 'Windows 11 Professional'}"
"Laptop 2w1 HP EliteBook X Flip G1i 14"" Ultra 7 258V 32GB RAM 512GB Dysk SSD Win11 Pro Niebieski Funkcje AI",10 499.00 zł,"https://f00.esfr.pl/foto/2/170019161297/8aa0eeab423a2e36868ee25cd09e4b37/hp-laptop-hp-eb-14-32-512gb-w11p,170019161297_7.webp","{'Ekran': '14 "", ekran dotykowy 2560 x 1600 pikseli 120 Hz', 'Procesor': 'Intel® Core™ Ultra 7 15gen 258V', 'Pamięć': '32 GB  LPDDR5x 8533 Mhz RAM', 'Grafika': 'Intel®  Arc 140V', 'Dysk': '512 GB SSD', 'System operacyjny': 'Windows 11 Professional'}"
"Laptop biznesowy HP EliteBook 8 G1i 13,3"" Ultra 7 255U 16GB RAM 512GB Dysk SSD Win11 Pro Srebrny Funkcje AI",6 899.00 zł,"https://f00.esfr.pl/foto/3/183279409769/ac08ba6b4b16693b9f7d86ce2da0d52/hp-laptop-hp-eb8-u7255u-16-512gb-13-3-w11p,183279409769_7.webp","{'Ekran': '13,3 "",  1920 x 1200 pikseli', 'Procesor': 'Intel® Core™ Ultra 7 15gen 255U', 'Pamięć': '16 GB  LPDDR5x 7500 Mhz RAM', 'Grafika': 'Intel®  Graphics', 'Dysk': '512 GB SSD', 'System operacyjny': 'Windows 11 Professional'}"
"Laptop biznesowy HP ProBook 4 G1i 16"" Ultra 5 225U 16GB RAM 512GB Dysk SSD Win11 Pro Srebrny Funkcje AI",4 749.00 zł,"https://f00.esfr.pl/foto/4/183280302745/b2e8c76a7f4cba70aa80e77e455e9338/hp-laptop-hp-pb4-u5225u-16gb-512gb-16-w11p,183280302745_7.webp","{'Ekran': '16 "",  1920 x 1200 pikseli', 'Procesor': 'Intel® Core™ Ultra 5 15gen 225U', 'Pamięć': '16 GB  DDR5 5600 Mhz RAM', 'Grafika': 'Intel®  Graphics', 'Dysk': '512 GB SSD', 'System operacyjny': 'Windows 11 Professional'}"
"Laptop biznesowy HP EliteBook 8 G1i 16"" Ultra 5 225U 32GB RAM 512GB Dysk SSD Win11 Pro Srebrny Funkcje AI",7 899.00 zł,"https://f00.esfr.pl/foto/6/184605670425/e7a0065cf42bf30ba35222a22248f493/hp-laptop-hp-8g1i-u5-225u-32-512gb-16-w11p,184605670425_7.webp","{'Ekran': '16 "",  1920 x 1200 pikseli 60 Hz', 'Procesor': 'Intel® Core™ Ultra 5 15gen 225U', 'Pamięć': '32 GB  DDR5 5600 Mhz RAM', 'Grafika': 'Intel®  Graphics', 'Dysk': '512 GB SSD', 'System operacyjny': 'Windows 11 Professional'}"
"Laptop biznesowy Dell Pro 14 Premium PA14250 14"" Ultra 5 236V 16GB RAM 512GB Dysk SSD Win11 Pro Czarny Funkcje AI",9 449.00 zł,"https://f00.esfr.pl/foto/6/172660319489/ed353f93bda5c23fe38b7c164d45e/dell-laptop-dell-ultra5236v-16-512gb-14-w11p,172660319489_7.webp","{'Ekran': '14 "",  1920 x 1200 pikseli 60 Hz', 'Procesor': 'Intel® Core™ Ultra 5 15gen 236V', 'Pamięć': '16 GB  LPDDR5x 8533 Mhz RAM', 'Grafika': 'Intel®  Arc Graphics 130V', 'Dysk': '512 GB SSD', 'System operacyjny': 'Windows 11 Professional'}"
"Laptop biznesowy Dell Pro 16 PC16250 16"" Core 5 220U 16GB RAM 512GB Dysk SSD Win11 Pro Czarny Funkcje AI",5 749.00 zł,"https://f00.esfr.pl/foto/1/183279241681/6d80a18e1507940220f2e194fd532e10/dell-laptop-dell-p16-c5220u-16-512gb-16-w11p,183279241681_7.webp","{'Ekran': '16 "",  1920 x 1200 pikseli 60 Hz', 'Procesor': 'Intel® Core™ 5 15gen 220U', 'Pamięć': '16 GB  DDR5 5200 Mhz RAM', 'Grafika': 'Intel®  Graphics', 'Dysk': '512 GB SSD', 'System operacyjny': 'Windows 11 Professional'}"
"Laptop biznesowy Dell Pro 14 Plus PB14255 14"" R7 Pro 250 16GB RAM 512GB Dysk SSD Win11 Pro Srebrny Funkcje AI",7 099.00 zł,"https://f00.esfr.pl/foto/8/172661002801/c8adb06fbb1b6655447fbea08baaac4c/dell-laptop-dell-r7pro-250-16gb-512-14-w11p,172661002801_7.webp","{'Ekran': '14 "",  1920 x 1200 pikseli 60 Hz', 'Procesor': 'AMD Ryzen™ 7 Pro 250', 'Pamięć': '16 GB  LPDDR5x 7500 Mhz RAM', 'Grafika': 'AMD  Radeon™ 780M', 'Dysk': '512 GB SSD', 'System operacyjny': 'Windows 11 Professional'}"
"Laptop biznesowy HP EliteBook 8 G1i 16"" Ultra 5 228V 32GB RAM 512GB Dysk SSD Win11 Pro Srebrny Funkcje AI",7 549.00 zł,"https://f00.esfr.pl/foto/4/184605727865/d7d67015668fa9d05347e05d9d93320e/hp-laptop-hp-8g1i-u5-228v-32-512gb-16-w11p_1,184605727865_7.webp","{'Ekran': '16 "",  1920 x 1200 pikseli 60 Hz', 'Procesor': 'Intel® Core™ Ultra 5 15gen 228V', 'Pamięć': '32 GB  DDR5 5600 Mhz RAM', 'Grafika': 'Intel®  Arc™ Graphics 130V', 'Dysk': '512 GB SSD', 'System operacyjny': 'Windows 11 Professional'}"
"Laptop biznesowy Dell Pro 13 Plus PB13250 13,3"" Ultra 7 266V 16GB RAM 512GB Dysk SSD Win11 Pro Srebrny Funkcje AI",9 199.00 zł,"https://f00.esfr.pl/foto/1/183278964041/67271d3d53ab3a8d9d4cabdee1042d60/dell-laptop-dell-p13-u7266v-16-512-13-w11p,183278964041_7.webp","{'Ekran': '13,3 "",  1920 x 1200 pikseli 60 Hz', 'Procesor': 'Intel® Core™ Ultra 7 15gen 266V', 'Pamięć': '16 GB  LPDDR5x 8533 Mhz RAM', 'Grafika': 'Intel®  Arc Graphics', 'Dysk': '512 GB SSD', 'System operacyjny': 'Windows 11 Professional'}"
"Laptop biznesowy HP EliteBook 8 G1i 16"" Ultra 5 228V 32GB RAM 512GB Dysk SSD Win11 Pro Srebrny Funkcje AI",7 599.00 zł,"https://f00.esfr.pl/foto/1/184605468561/2d603b11a759fb2911c8e7c714bd57e1/hp-laptop-hp-8g1i-u5-228v-32-512gb-16-w11p,184605468561_7.webp","{'Ekran': '16 "",  1920 x 1200 pikseli 60 Hz', 'Procesor': 'Intel® Core™ Ultra 5 15gen 228V', 'Pamięć': '32 GB  DDR5 5600 Mhz RAM', 'Grafika': 'Intel®  Arc™ Graphics 130V', 'Dysk': '512 GB SSD', 'System operacyjny': 'Windows 11 Professional'}"
"Laptop biznesowy Dell Pro 14 Plus PB14255 14"" Ryzen AI 7 Pro 350 32GB RAM 1TB Dysk SSD Win11 Pro Srebrny Funkcje AI",9 849.00 zł,"https://f00.esfr.pl/foto/2/172660390233/c8adb06fbb1b6655447fbea08baaac4c/dell-laptop-dell-rai7pro-350-32gb-1tb-14-w11p,172660390233_7.webp","{'Ekran': '14 "",  1920 x 1200 pikseli 60 Hz', 'Procesor': 'AMD Ryzen™ AI 7 Pro 350', 'Pamięć': '32 GB  LPDDR5x 7500 Mhz RAM', 'Grafika': 'AMD  Radeon™ 860M', 'Dysk': '1 TB SSD', 'System operacyjny': 'Windows 11 Professional'}"
"Laptop biznesowy Dell Pro 14 PC14250 14"" Ultra 7 255U 16GB RAM 512GB Dysk SSD Win11 Pro Srebrny Funkcje AI",6 749.00 zł,"https://f00.esfr.pl/foto/7/184605764433/ffb1e5f2b58d7679ad1069b61ede397c/dell-laptop-dell-pro-u7-255u-16-512-14-w11p,184605764433_7.webp","{'Ekran': '14 "",  1920 x 1200 pikseli 60 Hz', 'Procesor': 'Intel® Core™ Ultra 7 15gen 255U', 'Pamięć': '16 GB  DDR5 5600 Mhz RAM', 'Grafika': 'Intel®  Graphics', 'Dysk': '512 GB SSD', 'System operacyjny': 'Windows 11 Professional'}"
"Laptop biznesowy HP EliteBook 6 G1i 16"" Ultra 5 225U 24GB RAM 512GB Dysk SSD Win11 Pro Srebrny Funkcje AI",6 249.00 zł,"https://f00.esfr.pl/foto/2/181422085489/a931ca1f4e684636516f132048a58012/hp-laptop-hp-eb6-16-u5-24-512-w11,181422085489_7.webp","{'Ekran': '16 "",  1920 x 1200 pikseli', 'Procesor': 'Intel® Core™ Ultra 5 15gen 225U', 'Pamięć': '24 GB  DDR5 5600 Mhz RAM', 'Grafika': 'Intel®  Graphics', 'Dysk': '512 GB SSD', 'System operacyjny': 'Windows 11 Professional'}"
"Laptop 2w1 HP EliteBook X Flip G1i 14"" Ultra 7 258V 32GB RAM 1TB Dysk SSD Win11 Pro Srebrny Funkcje AI",11 999.00 zł,"https://f00.esfr.pl/foto/1/170019158849/97d687bc5aa85f022483bdbe47dbf3bb/hp-laptop-hp-eb-14-u7-32-1tb-w11p_1,170019158849_7.webp","{'Ekran': '14 "", ekran dotykowy 2560 x 1600 pikseli 120 Hz', 'Procesor': 'Intel® Core™ Ultra 7 15gen 258V', 'Pamięć': '32 GB  LPDDR5x 8533 Mhz RAM', 'Grafika': 'Intel®  Arc 140V', 'Dysk': '1 TB SSD', 'System operacyjny': 'Windows 11 Professional'}"
"Laptop biznesowy HP ProBook 4 G1i 16"" Ultra 7 255U 16GB RAM 512GB Dysk SSD Win11 Pro Srebrny Funkcje AI",5 849.00 zł,"https://f00.esfr.pl/foto/1/183280255265/b2e8c76a7f4cba70aa80e77e455e9338/hp-laptop-hp-pb4-u7255u-16gb-512gb-16-w11p,183280255265_7.webp","{'Ekran': '16 "",  1920 x 1200 pikseli', 'Procesor': 'Intel® Core™ Ultra 7 15gen 255U', 'Pamięć': '16 GB  DDR5 5600 Mhz RAM', 'Grafika': 'Intel®  Graphics', 'Dysk': '512 GB SSD', 'System operacyjny': 'Windows 11 Professional'}"
"Laptop biznesowy HP ProBook 4 G1i 16"" Ultra 7 255H 16GB RAM 512GB Dysk SSD Win11 Pro Srebrny Funkcje AI",5 899.00 zł,"https://f00.esfr.pl/foto/2/183280057217/b2e8c76a7f4cba70aa80e77e455e9338/hp-laptop-hp-pb4-u7255h-16gb-512gb-16-w11p,183280057217_7.webp","{'Ekran': '16 "",  1920 x 1200 pikseli', 'Procesor': 'Intel® Core™ Ultra 7 15gen 255H', 'Pamięć': '16 GB  DDR5 5600 Mhz RAM', 'Grafika': 'Intel®  Arc™ 140T', 'Dysk': '512 GB SSD', 'System operacyjny': 'Windows 11 Professional'}"
"Laptop 2w1 Lenovo ThinkPad T14s 2-in-1 Gen 1 14"" Ultra 5 225U 16GB RAM 512GB Dysk SSD Win11 Pro Czarny Funkcje AI",9 049.00 zł,"https://f00.esfr.pl/foto/8/183280453793/16b81b35ae8674a813d6f167b89b4362/lenovo-laptop-leno-t14s-u5225u-16-512-14-w11p,183280453793_7.webp","{'Ekran': '14 "", ekran dotykowy 1920 x 1200 pikseli', 'Procesor': 'Intel® Core™ Ultra 5 15gen 225U', 'Pamięć': '16 GB  LPDDR5x 7467 Mhz RAM', 'Grafika': 'Intel®  Graphics', 'Dysk': '512 GB SSD', 'System operacyjny': 'Windows 11 Professional'}"
"Laptop biznesowy Dell Pro 14 PC14250 14"" Core 5 120U 16GB RAM 512GB Dysk SSD Win11 Pro Czarny Funkcje AI",5 649.00 zł,"https://f00.esfr.pl/foto/5/183279657497/d75c168122e3e4d7d09a59616d8d8206/dell-laptop-dell-p14-c5120u-16-512gb-14-w11p,183279657497_7.webp","{'Ekran': '14 "",  1920 x 1200 pikseli 60 Hz', 'Procesor': 'Intel® Core™ 5 14gen 120U', 'Pamięć': '16 GB  DDR5 5200 Mhz RAM', 'Grafika': 'Intel®  Graphics', 'Dysk': '512 GB SSD', 'System operacyjny': 'Windows 11 Professional'}"
"Laptop biznesowy Dell Pro 14 Plus PB14255 14"" R5 Pro 230 16GB RAM 512GB Dysk SSD Win11 Pro Srebrny Funkcje AI",6 849.00 zł,"https://f00.esfr.pl/foto/6/172660358345/c8adb06fbb1b6655447fbea08baaac4c/dell-laptop-dell-r5pro-230-16gb-512-14-w11p,172660358345_7.webp","{'Ekran': '14 "",  1920 x 1200 pikseli 60 Hz', 'Procesor': 'AMD Ryzen™ 5 Pro 230', 'Pamięć': '16 GB  LPDDR5x 7500 Mhz RAM', 'Grafika': 'AMD  Radeon™ 760M', 'Dysk': '512 GB SSD', 'System operacyjny': 'Windows 11 Professional'}"
"Laptop biznesowy Dell Pro 13 Plus PB13250 13,3"" Ultra 5 236V 16GB RAM 512GB Dysk SSD Win11 Pro Srebrny Funkcje AI",7 599.00 zł,"https://f00.esfr.pl/foto/8/183280509841/67271d3d53ab3a8d9d4cabdee1042d60/dell-laptop-dell-p13-u5236v-16-512-13-3-w11p,183280509841_7.webp","{'Ekran': '13,3 "",  1920 x 1200 pikseli 60 Hz', 'Procesor': 'Intel® Core™ Ultra 5 15gen 236V', 'Pamięć': '16 GB  LPDDR5x 8533 Mhz RAM', 'Grafika': 'Intel®  Arc™ 130V Graphics', 'Dysk': '512 GB SSD', 'System operacyjny': 'Windows 11 Professional'}"
"Laptop biznesowy Dell Pro 14 Essential PV14255 14"" Ryzen AI 7 Pro 350 16GB RAM 1TB Dysk SSD Win11 Pro Platynowy Funkcje AI",5 699.00 zł,"https://f00.esfr.pl/foto/7/183280769105/be0ba6becc8cf1fd6254d4070f6bb19d/dell-laptop-dell-p14-r7350-16gb-1tb-14-w11p,183280769105_7.webp","{'Ekran': '14 "",  1920 x 1200 pikseli 60 Hz', 'Procesor': 'AMD Ryzen™ AI 7 Pro 350', 'Pamięć': '16 GB  DDR5 5600 Mhz RAM', 'Grafika': 'AMD  Radeon™ 860M', 'Dysk': '1 TB SSD', 'System operacyjny': 'Windows 11 Professional'}"
"Laptop biznesowy Dell Pro 14 PC14250 14"" Core 5 220U 16GB RAM 512GB Dysk SSD Win11 Pro Czarny Funkcje AI",5 749.00 zł,"https://f00.esfr.pl/foto/1/183279498969/d75c168122e3e4d7d09a59616d8d8206/dell-laptop-dell-p14-c5220u-16-512gb-14-w11p_1,183279498969_7.webp","{'Ekran': '14 "",  1920 x 1200 pikseli 60 Hz', 'Procesor': 'Intel® Core™ 5 15gen 220U', 'Pamięć': '16 GB  DDR5 5200 Mhz RAM', 'Grafika': 'Intel®  Graphics', 'Dysk': '512 GB SSD', 'System operacyjny': 'Windows 11 Professional'}"
"Laptop biznesowy Dell Pro 16 Plus PB16250 16"" Ultra 7 266V 16GB RAM 512GB Dysk SSD Win11 Pro Srebrny Funkcje AI",8 449.00 zł,"https://f00.esfr.pl/foto/4/161155843009/f7a78989faa360243df1300c231e4319/dell-laptop-dell-ultra7-266v-16-512gb-16-w11p,161155843009_7.webp","{'Ekran': '16 "",  1920 x 1200 pikseli 60 Hz', 'Procesor': 'Intel® Core™ Ultra 7 15gen 266V', 'Pamięć': '16 GB  LPDDR5x 8533 Mhz RAM', 'Grafika': 'Intel®  Arc Graphics', 'Dysk': '512 GB SSD', 'System operacyjny': 'Windows 11 Professional'}"
"Laptop biznesowy Dell Pro 14 PC14255 14"" Ryzen AI 5 Pro 340 16GB RAM 512GB Dysk SSD Win11 Pro Platynowy Funkcje AI",6 199.00 zł,"https://f00.esfr.pl/foto/3/183278935769/53ef8694b272d74bd3c3a4758f684a98/dell-laptop-dell-p14-r5pro340-16-512-14-w11p,183278935769_7.webp","{'Ekran': '14 "",  1920 x 1200 pikseli 60 Hz', 'Procesor': 'AMD Ryzen™ AI 5 Pro 340', 'Pamięć': '16 GB  DDR5 5600 Mhz RAM', 'Grafika': 'AMD  Radeon™ 840M', 'Dysk': '512 GB SSD', 'System operacyjny': 'Windows 11 Professional'}"
"Laptop biznesowy HP ProBook 4 G1i 16"" Ultra 7 255U 16GB RAM 512GB Dysk SSD Win11 Pro Srebrny Funkcje AI",5 249.00 zł,"https://f00.esfr.pl/foto/7/183280262081/b2e8c76a7f4cba70aa80e77e455e9338/hp-laptop-hp-pb4-u7255u-16gb-512gb-16-w11p_1,183280262081_7.webp","{'Ekran': '16 "",  1920 x 1200 pikseli', 'Procesor': 'Intel® Core™ Ultra 7 15gen 255U', 'Pamięć': '16 GB  DDR5 5600 Mhz RAM', 'Grafika': 'Intel®  Graphics', 'Dysk': '512 GB SSD', 'System operacyjny': 'Windows 11 Professional'}"
"Laptop biznesowy HP EliteBook 8 G1i 13,3"" Ultra 5 225U 24GB RAM 512GB Dysk SSD Win11 Pro Srebrny Funkcje AI",6 349.00 zł,"https://f00.esfr.pl/foto/9/183279717225/ac08ba6b4b16693b9f7d86ce2da0d52/hp-laptop-hp-eb8-u5225u-16gb-512gb-13-w11p,183279717225_7.webp","{'Ekran': '13,3 "",  1920 x 1200 pikseli', 'Procesor': 'Intel® Core™ Ultra 5 15gen 225U', 'Pamięć': '16 GB  LPDDR5x 7500 Mhz RAM', 'Grafika': 'Intel®  Graphics', 'Dysk': '512 GB SSD', 'System operacyjny': 'Windows 11 Professional'}"
"Laptop biznesowy HP ProBook 4 G1i 14"" Ultra 5 225U 16GB RAM 512GB Dysk SSD Win11 Pro Srebrny Funkcje AI",4 999.00 zł,"https://f00.esfr.pl/foto/9/183280659865/a1e15c1c621ecd53db1c5b722020abf5/hp-laptop-hp-pb4-u5225u-16gb-512gb-14-w11p_1,183280659865_7.webp","{'Ekran': '14 "",  1920 x 1200 pikseli', 'Procesor': 'Intel® Core™ Ultra 5 15gen 225U', 'Pamięć': '16 GB  DDR5 5600 Mhz RAM', 'Grafika': 'Intel®  Graphics', 'Dysk': '512 GB SSD', 'System operacyjny': 'Windows 11 Professional'}"
"Laptop biznesowy HP EliteBook 8 G1i 16"" Ultra 7 255U 24GB RAM 512GB Dysk SSD Win11 Pro Srebrny Funkcje AI",8 199.00 zł,"https://f00.esfr.pl/foto/8/181421575665/321e07eee3848023062ff862715c5d14/hp-laptop-hp-eb8-16-u7-24-512-w11,181421575665_7.webp","{'Ekran': '16 "",  1920 x 1200 pikseli', 'Procesor': 'Intel® Core™ Ultra 7 15gen 255U', 'Pamięć': '24 GB  DDR5 5600 Mhz RAM', 'Grafika': 'Intel®  Graphics', 'Dysk': '512 GB SSD', 'System operacyjny': 'Windows 11 Professional'}"
"Laptop biznesowy Dell Pro 16 Plus PB16250 16"" Ultra 7 266V 16GB RAM 512GB Dysk SSD Win11 Pro Srebrny Funkcje AI",9 549.00 zł,"https://f00.esfr.pl/foto/2/183279294545/f7a78989faa360243df1300c231e4319/dell-laptop-dell-p16-u7266v-16-512gb-16-w11p,183279294545_7.webp","{'Ekran': '16 "", ekran dotykowy 1920 x 1200 pikseli 60 Hz', 'Procesor': 'Intel® Core™ Ultra 7 15gen 266V', 'Pamięć': '16 GB  LPDDR5x 8533 Mhz RAM', 'Grafika': 'Intel®  Arc Graphics', 'Dysk': '512 GB SSD', 'System operacyjny': 'Windows 11 Professional'}"
"Laptop biznesowy HP ProBook 4 G1i 16"" Ultra 5 225U 16GB RAM 512GB Dysk SSD Win11 Pro Srebrny Funkcje AI",5 449.00 zł,"https://f00.esfr.pl/foto/2/184605211953/b2e8c76a7f4cba70aa80e77e455e9338/hp-laptop-hp-pb4-u5-225u-16-512-16-w11p,184605211953_7.webp","{'Ekran': '16 "",  1920 x 1200 pikseli', 'Procesor': 'Intel® Core™ Ultra 5 15gen 225U', 'Pamięć': '16 GB  DDR5 5600 Mhz RAM', 'Grafika': 'Intel®  Graphics', 'Dysk': '512 GB SSD', 'System operacyjny': 'Windows 11 Professional'}"
"Laptop biznesowy Dell Pro 16 Plus PB16250 16"" Ultra 5 236V 16GB RAM 512GB Dysk SSD Win11 Pro Srebrny Funkcje AI",7 649.00 zł,"https://f00.esfr.pl/foto/5/183280893217/f7a78989faa360243df1300c231e4319/dell-laptop-dell-p16-u5236v-16-512gb-16-w11p_1,183280893217_7.webp","{'Ekran': '16 "",  1920 x 1200 pikseli 60 Hz', 'Procesor': 'Intel® Core™ Ultra 5 15gen 236V', 'Pamięć': '16 GB  LPDDR5x 8533 Mhz RAM', 'Grafika': 'Intel®  Arc 130V Graphics', 'Dysk': '512 GB SSD', 'System operacyjny': 'Windows 11 Professional'}"
"Laptop biznesowy Dell Pro 14 PC14250 14"" Core 3 100U 8GB RAM 512GB Dysk SSD Win11 Pro Srebrny Funkcje AI",3 749.00 zł,"https://f00.esfr.pl/foto/9/172660361161/ffb1e5f2b58d7679ad1069b61ede397c/dell-laptop-dell-i3-100u-8gb-512gb-14-w11p,172660361161_7.webp","{'Ekran': '14 "",  1920 x 1200 pikseli 60 Hz', 'Procesor': 'Intel® Core™ 3 100U', 'Pamięć': '8 GB  DDR5 5200 Mhz RAM', 'Grafika': 'Intel®  Graphics', 'Dysk': '512 GB SSD', 'System operacyjny': 'Windows 11 Professional'}"
"Laptop biznesowy Dell Pro 13 Plus PB13250 13,3"" Ultra 5 236V 16GB RAM 512GB Dysk SSD Win11 Pro Srebrny Funkcje AI",7 949.00 zł,"https://f00.esfr.pl/foto/3/183280620689/67271d3d53ab3a8d9d4cabdee1042d60/dell-laptop-dell-p13-u5236v-16-512-13-3-w11p_1,183280620689_7.webp","{'Ekran': '13,3 "", ekran dotykowy 1920 x 1200 pikseli 60 Hz', 'Procesor': 'Intel® Core™ Ultra 5 15gen 236V', 'Pamięć': '16 GB  LPDDR5x 8533 Mhz RAM', 'Grafika': 'Intel®  Arc™ 130V Graphics', 'Dysk': '512 GB SSD', 'System operacyjny': 'Windows 11 Professional'}"
"Laptop biznesowy Dell Pro 16 Plus PB16250 16"" Ultra 7 266V 16GB RAM 512GB Dysk SSD Win11 Pro Srebrny Funkcje AI",8 849.00 zł,"https://f00.esfr.pl/foto/1/172660355657/f7a78989faa360243df1300c231e4319/dell-laptop-dell-ultra7-266v-16gb-512-16-w11p,172660355657_7.webp","{'Ekran': '16 "",  1920 x 1200 pikseli 60 Hz', 'Procesor': 'Intel® Core™ Ultra 7 15gen 266V', 'Pamięć': '16 GB  LPDDR5x 8533 Mhz RAM', 'Grafika': 'Intel®  Arc Graphics', 'Dysk': '512 GB SSD', 'System operacyjny': 'Windows 11 Professional'}"
"Laptop biznesowy Dell Pro 16 Plus PB16250 16"" Ultra 5 236V 16GB RAM 512GB Dysk SSD Win11 Pro Srebrny Funkcje AI",7 549.00 zł,"https://f00.esfr.pl/foto/7/183279016681/f7a78989faa360243df1300c231e4319/dell-laptop-dell-p16-u5236v-16-512gb-16-w11p,183279016681_7.webp","{'Ekran': '16 "",  1920 x 1200 pikseli 60 Hz', 'Procesor': 'Intel® Core™ Ultra 5 15gen 236V', 'Pamięć': '16 GB  LPDDR5x 8533 Mhz RAM', 'Grafika': 'Intel®  Arc 130V Graphics', 'Dysk': '512 GB SSD', 'System operacyjny': 'Windows 11 Professional'}"
"Laptop biznesowy Lenovo ThinkPad P1 Gen 7 16"" 165Hz Ultra 7 165H 32GB RAM 1TB Dysk SSD RTX4060 Win11 Pro Czarny Funkcje AI",16 999.00 zł,"https://f00.esfr.pl/foto/2/153672913537/ea967b5d9e25e5d8728cad0cb5600c06/lenovo-laptop-lenovo-7-165h-32gb-1tb-16-w11p_1,153672913537_7.webp","{'Ekran': '16 "",  2560 x 1600 pikseli 165 Hz', 'Procesor': 'Intel® Core™ Ultra 7 14gen 165H', 'Pamięć': '32 GB  LPDDR5x 7500 Mhz RAM', 'Grafika': 'NVIDIA® RTX 4060 + Intel Arc Graphics', 'Dysk': '1 TB SSD', 'System operacyjny': 'Windows 11 Professional'}"
"Laptop ASUS Vivobook 14 M1405NAQ-LY015W 14"" Ryzen 5 150 16GB RAM 512GB Dysk SSD Win11 Czarny",2 499.00 zł,"https://f00.esfr.pl/foto/3/191218236385/d3d11d0e64d83b8b27dfc1ad2a81006d/asus-laptop-asus-vb-14-r5-16-512-w11,191218236385_7.webp","{'Ekran': '14 "",  1920 x 1200 pikseli 60 Hz', 'Procesor': 'AMD Ryzen™ 5 150', 'Pamięć': '16 GB  DDR5 RAM', 'Grafika': 'AMD  Radeon™ 660M', 'Dysk': '512 GB SSD', 'System operacyjny': 'Windows 11 Home Edition'}"
"Laptop biznesowy HP EliteBook X G1i B9ZY5ET 14"" Ultra 7 258V 32GB RAM 1TB Dysk SSD Win11 Pro Niebieski Funkcje AI",11 599.00 zł,"https://f00.esfr.pl/foto/3/164160363441/37a9aad6c97f892de732f1d684db34c3/hp-laptop-hp-u7-258v-32gb-1tb-14-w11p_1,164160363441_7.webp","{'Ekran': '14 "",  1920 x 1200 pikseli', 'Procesor': 'Intel® Core™ Ultra 7 15gen 258V', 'Pamięć': '32 GB  LPDDR5x 8533 Mhz RAM', 'Grafika': 'Intel®  Arc 140V', 'Dysk': '1 TB SSD', 'System operacyjny': 'Windows 11 Professional'}"
"Laptop Dell 14 Plus 1425-2846 14"" Ultra 9 288V 32GB RAM 1TB Dysk SSD Win11 Niebieski Funkcje AI",6 599.00 zł,"https://f00.esfr.pl/foto/7/160009443657/1ramen18tjemm/dell-laptop-d14-u9-32gb-1tb-w11,160009443657_7.webp","{'Ekran': '14 "",  2560 x 1600 pikseli 90 Hz', 'Procesor': 'Intel® Core™ Ultra 9 15gen 288V', 'Pamięć': '32 GB  LPDDR5x 8533 Mhz RAM', 'Grafika': 'Intel®  Arc Graphics', 'Dysk': '1 TB SSD', 'System operacyjny': 'Windows 11 Home Edition'}"
"Laptop 2w1 Dell 14 Plus 0425-2778 14"" Ultra 7 256V 16GB RAM 1TB Dysk SSD Win11 Niebieski Funkcje AI",5 299.00 zł,"https://f00.esfr.pl/foto/2/160009575729/edd663be4111eaf359c049ea11ed5888/dell-laptop-d14-2w1-u7-16gb-1tb-w11-touch,160009575729_7.webp","{'Ekran': '14 "", ekran dotykowy 1920 x 1200 pikseli 60 Hz', 'Procesor': 'Intel® Core™ Ultra 7 15gen 256V', 'Pamięć': '16 GB  LPDDR5x 8533 Mhz RAM', 'Grafika': 'Intel®  Arc Graphics', 'Dysk': '1 TB SSD', 'System operacyjny': 'Windows 11 Home Edition'}"
"Laptop ASUS Zenbook Duo UX8407AA-SN094X OLED 14"" 144Hz Ultra X9 388H 32GB RAM 2TB Dysk SSD Win11 Pro Szary Funkcje AI",14 999.00 zł,"https://f00.esfr.pl/foto/8/184149194929/610d03628a70de00ac85aea580b411ee/asus-laptop-asus-zb-duo-14-ux9-32-2tb-w11p,184149194929_7.webp","{'Ekran': '14 "", ekran dotykowy 2880 x 1800 pikseli 144 Hz', 'Procesor': 'Intel® Core™ Ultra X9 Series 3 388H', 'Pamięć': '32 GB  LPDDR5X RAM', 'Grafika': 'Intel®  Arc™ B390', 'Dysk': '2 TB SSD', 'System operacyjny': 'Windows 11 Professional'}"
"Laptop biznesowy ASUS ExpertBook Ultra B9406CAA-TH0748X OLED 14"" 120Hz Ultra X7 358H 64GB RAM 1TB Dysk SSD Win11 Pro Czarny Funkcje AI",16 999.00 zł,"https://f00.esfr.pl/foto/7/188482052337/50cdc65000f33b6238caa673de61e041/asus-laptop-asus-eb-p-14-ux7-64-1-w11p,188482052337_7.webp","{'Ekran': '14 "", ekran dotykowy 2880 x 1800 pikseli 120 Hz', 'Procesor': 'Intel® Core™ Ultra X7 Series 3 358H', 'Pamięć': '64 GB  LPDDR5X RAM', 'Grafika': 'Intel®  Arc™ B390 Graphics', 'Dysk': '1 TB SSD', 'System operacyjny': 'Windows 11 Professional'}"
"Laptop biznesowy ASUS ExpertBook Ultra B9406CAA-TH0082X OLED 14"" 120Hz Ultra 7 356H 32GB RAM 1TB Dysk SSD Win11 Pro Czarny Funkcje AI",12 999.00 zł,"https://f00.esfr.pl/foto/5/188482102601/50cdc65000f33b6238caa673de61e041/asus-laptop-asus-eb-p-14-u7-32-1-w11p,188482102601_7.webp","{'Ekran': '14 "", ekran dotykowy 2880 x 1800 pikseli 120 Hz', 'Procesor': 'Intel® Core™ Ultra 7 Series 3 356H', 'Pamięć': '32 GB  LPDDR5X RAM', 'Grafika': 'Intel®  Graphics', 'Dysk': '1 TB SSD', 'System operacyjny': 'Windows 11 Professional'}"
Laptop gamingowy ASUS TUF Gaming A16 FA608UMI-R7165 16'' 144Hz Ryzen 7 260 16GB RAM 512GB Dysk SSD RTX5060 DLSS4 Szary Funkcje AI,4 299.00 zł,"https://f00.esfr.pl/foto/8/191218215457/a02993766cc215435e2258a68b43388/asus-laptop-asus-a16-r7-16-512-5060-nos,191218215457_7.webp","{'Ekran': '16 "",  1920 x 1200 pikseli 144 Hz', 'Procesor': 'AMD Ryzen™ 7 260', 'Pamięć': '16 GB  DDR5 5600 Mhz RAM', 'Grafika': 'NVIDIA® GeForce RTX 5060 + AMD Radeon™ 780M', 'Dysk': '512 GB SSD', 'System operacyjny': 'bez systemu'}"
"Laptop gamingowy ASUS TUF Gaming F16 FX608JH-I5165W 16"" 165Hz i5-13450HX 16GB RAM 512GB Dysk SSD RTX5050 DLSS4 Win11 Szary",3 399.00 zł,"https://f00.esfr.pl/foto/1/167615194361/7069997ce0bfe1b7dda4bc7906776092/asus-tuf-gaming-f16-2025-fx608jh-i5165w-16-165hz-i5-13450hx-16gb-ram-512gb-dysk-ssd-rtx5050-dlss4-win11-szary,167615194361_7.webp","{'Ekran': '16 "",  1920 x 1200 pikseli 165 Hz', 'Procesor': 'Intel® Core™ i5 13gen 13450HX', 'Pamięć': '16 GB  DDR5 5600 Mhz RAM', 'Grafika': 'NVIDIA® GeForce RTX™ 5050 + Intel UHD Graphics', 'Dysk': '512 GB SSD', 'System operacyjny': 'Windows 11 Home Edition'}"
Laptop gamingowy ASUS TUF Gaming A14 FA401UM-RG014 14'' 165Hz R7 260 16GB RAM 512GB Dysk SSD RTX5060 DLSS4 Szary Funkcje AI,4 399.00 zł,"https://f00.esfr.pl/foto/9/185049256545/32e9ed988c4be932dfb268878b3a5dc7/asus-laptop-as-tuf-a14-r7-16-512gb-5060-nos,185049256545_7.webp","{'Ekran': '14 "",  2560 x 1600 pikseli 165 Hz', 'Procesor': 'AMD Ryzen™ 7 260', 'Pamięć': '16 GB  LPDDR5x 7500 Mhz RAM', 'Grafika': 'NVIDIA® GeForce RTX™ 5060 + AMD Radeon™ 780M', 'Dysk': '512 TB SSD', 'System operacyjny': 'bez systemu'}"
"Laptop gamingowy MSI Katana 15 HX B14WFK-605XPL 15,6"" 144Hz i7-14650HX 16GB RAM 512GB Dysk SSD RTX5060 DLSS4 Czarny",4 199.00 zł,"https://f00.esfr.pl/foto/7/168752118185/43674c9d523679cf7655be1bdbb265b3/msi-lap-msi-katana-15-i7-16-512gb-5060-nos,168752118185_7.webp","{'Ekran': '15,6 "",  1920 x 1080 pikseli 144 Hz', 'Procesor': 'Intel® Core™ i7 14gen 14650HX', 'Pamięć': '16 GB  DDR5 5600 Mhz RAM', 'Grafika': 'NVIDIA® GeForce RTX™ 5060 + Intel UHD Graphics', 'Dysk': '512 GB SSD', 'System operacyjny': 'bez systemu'}"
"Laptop Lenovo Yoga Slim 7 14AKP10 OLED 14"" Ryzen AI 7 350 16GB RAM 512GB Dysk SSD Win11 Zielony Funkcje AI",3 699.00 zł,"https://f00.esfr.pl/foto/7/183197104097/74695991f82a4fde777165821d0714c9/lenovo-laptop-yoga-slim-14-r7-16gb-512gb-w11,183197104097_7.webp","{'Ekran': '14 "",  1920 x 1200 pikseli 60 Hz', 'Procesor': 'AMD Ryzen™ AI 7 350', 'Pamięć': '16 GB  LPDDR5 6400 Mhz RAM', 'Grafika': 'AMD  Radeon™ 860M Graphics', 'Dysk': '512 GB SSD', 'System operacyjny': 'Windows 11 Home Edition'}"
"Laptop biznesowy Dell Inspiron 3520-5807 15,6"" 120Hz i5-1235U 8GB RAM 512GB Dysk SSD Win11 Pro Czarny",1 299.00 zł,"https://f00.esfr.pl/foto/4/131091161625/c5cff91670903ee0f928716305c25e99/dell-laptop-3520-i5-8gb-512gb-w11p,131091161625_7.webp","{'Ekran': '15,6 "",  1920 x 1080 pikseli 120 Hz', 'Procesor': 'Intel® Core™ i5 12gen 1235U', 'Pamięć': '8 GB  DDR4 2666 MHz RAM', 'Grafika': 'Intel®  UHD Graphics 620', 'Dysk': '512 GB SSD', 'System operacyjny': 'Windows 11 Professional'}"
"Apple MacBook Air 2024 13,6"" M3 16GB RAM 256GB Dysk macOS Północ",3 499.00 zł,"https://f00.esfr.pl/foto/4/152877123249/f9f51f3cdce8d12acc043c63fffa5eba/apple-laptop-mba-13-m3-8-8-16gb-256gb-m,152877123249_7.webp","{'Ekran': '13,6 "",  2560 x 1664 pikseli', 'Procesor': 'Apple M3', 'Pamięć': '16 GB  zunifikowana RAM', 'Grafika': 'Apple  M3 (8-rdzeni)', 'Dysk': '256 GB SSD', 'System operacyjny': 'macOS Sonoma lub nowszy'}"
"Apple MacBook Air 2025 13,6"" M4 16GB RAM 256GB Dysk macOS Północ Funkcje AI",3 999.00 zł,"https://f00.esfr.pl/foto/7/159937694905/6wzsy43r0xhd/apple-laptop-mba-13-m4-10-8-16gb-256gb-m,159937694905_7.webp","{'Ekran': '13,6 "",  2560 x 1664 pikseli', 'Procesor': 'Apple M4', 'Pamięć': '16 GB  zunifikowana RAM', 'Grafika': 'Apple  M4 (8-rdzeni)', 'Dysk': '256 GB SSD', 'System operacyjny': 'macOS Sequoia lub nowszy'}"
"Laptop gamingowy ASUS TUF Gaming F16 FX607VU-I5165W 16"" 144Hz Core 5 210H 16GB RAM 512GB Dysk SSD RTX4050 Win11 Szary Funkcje AI",3 299.00 zł,"https://f00.esfr.pl/foto/4/158146788609/6365f82fa87ee1812601ae04acc8aee2/asus-laptop-asus-tuf-f16-i5-16-512gb-4050-w11,158146788609_7.webp","{'Ekran': '16 "",  1920 x 1200 pikseli 144 Hz', 'Procesor': 'Intel® Core™ 5 210H', 'Pamięć': '16 GB  DDR5 5200 Mhz RAM', 'Grafika': 'NVIDIA® GeForce RTX™ 4050 + Intel Graphics', 'Dysk': '512 GB SSD', 'System operacyjny': 'Windows 11 Home Edition'}"
"Laptop ASUS Vivobook 16 X1605VA-MB1799W 16"" i5-13420H 16GB RAM 512GB Dysk SSD Win11 Srebrny",1 799.00 zł,"https://f00.esfr.pl/foto/2/158146852033/c5e540ba6345d0be709fbe576491b16/asus-laptop-asus-vb-i5-16-16gb-512gb-w11,158146852033_7.webp","{'Ekran': '16 "",  1920 x 1200 pikseli 60 Hz', 'Procesor': 'Intel® Core™ i5 13gen 13420H', 'Pamięć': '16 GB  DDR4 RAM', 'Grafika': 'Intel®  UHD Graphics', 'Dysk': '512 GB SSD', 'System operacyjny': 'Windows 11 Home Edition'}"
"Apple MacBook Air 13,6"" M2 16GB RAM 256GB Dysk macOS Północ",3 699.00 zł,"https://f00.esfr.pl/foto/1/152877316281/c2a0cf18fa81a9ff4e0c88f2d974ca27/apple-laptop-mba-13-m2-8-8-16gb-256gb-m,152877316281_7.webp","{'Ekran': '13,6 "",  2560 x 1664 pikseli', 'Procesor': 'Apple M2', 'Pamięć': '16 GB  zunifikowana RAM', 'Grafika': 'Apple  M2 (8-rdzeni)', 'Dysk': '256 GB SSD', 'System operacyjny': 'macOS Monterey lub nowszy'}"
"Apple MacBook Air 2025 15,3"" M4 16GB RAM 512GB Dysk macOS Północ Funkcje AI",5 999.00 zł,"https://f00.esfr.pl/foto/7/159937803825/z04mo5963i4o/apple-laptop-mba-15-m4-10-10-16gb-512gb-m,159937803825_7.webp","{'Ekran': '15,3"",  2880 x 1864 pikseli', 'Procesor': 'Apple M4', 'Pamięć': '16 GB  zunifikowana RAM', 'Grafika': 'Apple  M4 (10-rdzeni)', 'Dysk': '512 GB SSD', 'System operacyjny': 'macOS Sequoia lub nowszy'}"
"Laptop HP ProBook 465 G11 16"" R5 7535U 16GB RAM 512GB Dysk SSD Win11 Srebrny",1 599.00 zł,"https://f00.esfr.pl/foto/9/157219703169/124e6d02eaa4bab8758fd334cfb519c8/hp-laptop-pb-465-g11-16-r5-16-512gb-w11,157219703169_7.webp","{'Ekran': '16 "",  1920 x 1200 pikseli', 'Procesor': 'AMD Ryzen™ 5 7535U', 'Pamięć': '16 GB  DDR5 4800 Mhz RAM', 'Grafika': 'AMD  Radeon™ 660M', 'Dysk': '512 GB SSD', 'System operacyjny': 'Windows 11 Home Edition'}"
"Laptop gamingowy Gigabyte Gaming A18 3VHK3EEC94SD 18"" 165Hz R7 260 16GB RAM 1TB Dysk SSD RTX5060 DLSS4 Czarny Funkcje AI",4 799.00 zł,"https://f00.esfr.pl/foto/8/173811913913/4ba17aa7aa545ee8ca40ffcfee37393d/gigabyte-laptop-giga-a18-r7-16gb-1tb-5060-dos,173811913913_7.webp","{'Ekran': '18 "",  2560 x 1600 pikseli 165 Hz', 'Procesor': 'AMD Ryzen™ 7 260', 'Pamięć': '16 GB  DDR5 5600 Mhz RAM', 'Grafika': 'NVIDIA® GeForce RTX 5060 + AMD Radeon™ 780M', 'Dysk': '1 TB SSD', 'System operacyjny': 'bez systemu'}"
"Apple MacBook Air 13,6"" M2 16GB RAM 256GB Dysk macOS Księżycowa Poświata",3 699.00 zł,"https://f00.esfr.pl/foto/5/152877505769/fc7d0af491b1c371a08e2145f6cd9df7/apple-laptop-mba-13-m2-8-8-16gb-256gb-sl,152877505769_7.webp","{'Ekran': '13,6 "",  2560 x 1664 pikseli', 'Procesor': 'Apple M2', 'Pamięć': '16 GB  zunifikowana RAM', 'Grafika': 'Apple  M2 (8-rdzeni)', 'Dysk': '256 GB SSD', 'System operacyjny': 'macOS Monterey lub nowszy'}"
"Laptop gamingowy ASUS TUF Gaming F16 FX607VJB-RL145 16"" 144Hz Core 5 210H 16GB RAM 512GB Dysk SSD RTX3050 DLSS3 Szary Funkcje AI",2 899.00 zł,"https://f00.esfr.pl/foto/8/191218249569/a9a8100ad0ef6ec5dde4ca042d90a21d/asus-laptop-asus-f16-c5-16-512-3050-nos,191218249569_7.webp","{'Ekran': '16 "",  1920 x 1200 pikseli 144 Hz', 'Procesor': 'Intel® Core™ 5 210H', 'Pamięć': '16 GB  DDR5 5600 Mhz RAM', 'Grafika': 'NVIDIA® GeForce RTX™ 3050 + Intel Graphics', 'Dysk': '512 GB SSD', 'System operacyjny': 'bez systemu'}"
"Laptop ultrabook Huawei MateBook 14 2024 OLED 14,2"" Ultra 5 125H 16GB RAM 512GB Dysk SSD Win11 Szary",3 999.00 zł,"https://f00.esfr.pl/foto/5/143668451337/af17c04fa5a31cf43cdffb406f84fb3d/huawei-laptop-matebook-14-2024-16-512gb-w11,143668451337_7.webp","{'Ekran': '14,2 "", ekran dotykowy 2880 x 1920 pikseli 120 Hz', 'Procesor': 'Intel® Core™ Ultra 5 14gen 125H', 'Pamięć': '16 GB  LPDDR5X RAM', 'Grafika': 'Intel®  Arc™ Graphics', 'Dysk': '512 GB SSD', 'System operacyjny': 'Windows 11 Home Edition'}"
"Apple MacBook Air 2025 13,6"" M4 24GB RAM 512GB Dysk macOS Srebrny 70W Funkcje AI",5 799.00 zł,"https://f00.esfr.pl/foto/4/165147691489/1qaoo4oyhqx5b/apple-laptop-mba-13-m4-10-10-24gb-512gb-s-70w,165147691489_7.webp","{'Ekran': '13,6 "",  2560 x 1664 pikseli', 'Procesor': 'Apple M4', 'Pamięć': '24 GB  zunifikowana RAM', 'Grafika': 'Apple  M4 (10-rdzeni)', 'Dysk': '512 GB SSD', 'System operacyjny': 'macOS Sequoia lub nowszy'}"
"Laptop Lenovo IdeaPad Slim 5 16IRH10 16"" i5-13420H 16GB RAM 512GB Dysk SSD Win11 Szary",2 999.00 zł,"https://f00.esfr.pl/foto/8/162880338817/d5cac014e507aeb79d7b356aef736e83/lenovo-laptop-leno-ips5-i7-16gb-512gb-w11,162880338817_7.webp","{'Ekran': '16 "",  1920 x 1200 pikseli 60 Hz', 'Procesor': 'Intel® Core™ i5 13gen 13420H', 'Pamięć': '16 GB  DDR5 5600 Mhz RAM', 'Grafika': 'Intel®  UHD Graphics', 'Dysk': '512 GB SSD', 'System operacyjny': 'Windows 11 Home Edition'}"
"Apple MacBook Air 2025 15,3"" M4 16GB RAM 256GB Dysk macOS Srebrny Funkcje AI",5 499.00 zł,"https://f00.esfr.pl/foto/1/159937560857/12bkagas3j3hl/apple-laptop-mba-15-m4-10-10-16gb-256gb-s,159937560857_7.webp","{'Ekran': '15,3"",  2880 x 1864 pikseli', 'Procesor': 'Apple M4', 'Pamięć': '16 GB  zunifikowana RAM', 'Grafika': 'Apple  M4 (10-rdzeni)', 'Dysk': '256 GB SSD', 'System operacyjny': 'macOS Sequoia lub nowszy'}"
"Laptop gamingowy HP Victus 15-fb3027nw 15,6"" 144Hz R7 7445HS 16GB RAM 512GB Dysk SSD RTX4050 DLSS3 Win11 Niebieski Funkcje AI",2 999.00 zł,"https://f00.esfr.pl/foto/7/176320616833/377dc770120038df08c714725cf2f86/hp-laptop-hp-vic-15-r7-16-512-4050-w11,176320616833_7.webp","{'Ekran': '15,6 "",  1920 x 1080 pikseli 144 Hz', 'Procesor': 'AMD Ryzen™ 7 7445HS', 'Pamięć': '16 GB  DDR5 5600 Mhz RAM', 'Grafika': 'NVIDIA® GeForce RTX™ 4050 + AMD Radeon™ 740M', 'Dysk': '512 GB SSD', 'System operacyjny': 'Windows 11 Home Edition'}"
"Laptop 2w1 HP OmniBook X Flip 14-fk0219nw OLED 14"" Ryzen AI 5 340 16GB RAM 1TB Dysk SSD Win11 Srebrny Funkcje AI",4 499.00 zł,"https://f00.esfr.pl/foto/9/181422070529/851cfd1f24874ffa235383809490620d/hp-laptop-hp-ob-xf-14-rai5-16-1-w11,181422070529_7.webp","{'Ekran': '14 "", ekran dotykowy 1920 x 1200 pikseli', 'Procesor': 'AMD Ryzen™ AI 5 340', 'Pamięć': '16 GB  LPDDR5x 7500 Mhz RAM', 'Grafika': 'AMD  Radeon™ 840M', 'Dysk': '1 TB SSD', 'System operacyjny': 'Windows 11 Home Edition'}"
"Laptop 2w1 HP Envy x360 14-fa0222nw 14"" R5 8640HS 16GB RAM 512GB Dysk SSD Win11 Srebrny Funkcje AI",1 699.00 zł,"https://f00.esfr.pl/foto/6/149667917185/e6edf96f79e1195aa2f72cd469987bcf/hp-laptop-hp-envy-r5-8640-16gb-512gb-14-w11_1,149667917185_7.webp","{'Ekran': '14 "", ekran dotykowy 1920 x 1200 pikseli', 'Procesor': 'AMD Ryzen™ 5 8640HS', 'Pamięć': '16 GB  LPDDR5 6400 Mhz RAM', 'Grafika': 'AMD  Radeon™ 760M', 'Dysk': '512 GB SSD', 'System operacyjny': 'Windows 11 Home Edition'}"
"Laptop gamingowy Gigabyte Gaming A16 CVHI3EE894SH 16"" 165Hz i7-13620H 16GB RAM 1TB Dysk SSD RTX5060 DLSS4 Win11 Czarny",4 699.00 zł,"https://f00.esfr.pl/foto/5/173811736177/2e07be5ebaa8c977ed1a3225349573e0/gigabyte-laptop-giga-a16-i7-16gb-1tb-rtx5060-w11,173811736177_7.webp","{'Ekran': '16 "",  1920 x 1200 pikseli 165 Hz', 'Procesor': 'Intel® Core™ i7 13gen 13620H', 'Pamięć': '16 GB  DDR5 5200 Mhz RAM', 'Grafika': 'NVIDIA® GeForce RTX 5060 + Intel UHD Graphics', 'Dysk': '1 TB SSD', 'System operacyjny': 'Windows 11 Home Edition'}"
"Laptop HP Pavilion 16-ag0019nw 16"" R7 8840U 16GB RAM 512GB Dysk SSD Win11 Srebrny Funkcje AI",2 299.00 zł,"https://f00.esfr.pl/foto/9/153574146785/b0439bbfb9b29c42782cd82254d1021c/hp-laptop-pavilion-ag19-16-r7-16-512gb-w11,153574146785_7.webp","{'Ekran': '16 "",  1920 x 1200 pikseli 60 Hz', 'Procesor': 'AMD Ryzen™ 7 8840U', 'Pamięć': '16 GB  LPDDR5 6400 Mhz RAM', 'Grafika': 'AMD  Radeon™ 780M', 'Dysk': '512 GB SSD', 'System operacyjny': 'Windows 11 Home Edition'}"
"Apple MacBook Pro 2025 14,2"" M5 16GB RAM 512GB Dysk macOS Gwiezdna Czerń Funkcje AI",7 199.00 zł,"https://f00.esfr.pl/foto/4/176005911657/b1f9cb73bba61831b4c00181f45d1c01/apple-macbook-pro-2024-14-2-m4-16gb-ram-512gb-dysk-macos-gwiezdna-czern,176005911657_7.webp","{'Ekran': '14,2 "",  3024 x 1964 pikseli 120 Hz', 'Procesor': 'Apple M5', 'Pamięć': '16 GB  zunifikowana RAM', 'Grafika': 'Apple  M5 (10-rdzeni)', 'Dysk': '512 GB SSD', 'System operacyjny': 'macOS Spotlight lub nowszy'}"
"Laptop gamingowy Acer Nitro 5 AN517-55-75H9 17,3"" 144Hz i7-12700H 16GB RAM 512GB Dysk SSD RTX3050 Czarny",2 499.00 zł,"https://f00.esfr.pl/foto/1/104741723065/aacea2dc5a5e478b87785bc224b1e76d/acer-laptop-nitro5-17-i7-16g-512gb-3050-no-os,104741723065_7.webp","{'Ekran': '17,3 "",  1920 x 1080 pikseli 144 Hz', 'Procesor': 'Intel® Core™ i7 12gen 12700H', 'Pamięć': '16 GB  DDR4 RAM', 'Grafika': 'NVIDIA® GeForce RTX™ 3050 + Intel Iris Xe Graphics', 'Dysk': '512 GB SSD', 'System operacyjny': 'bez systemu'}"
"Laptop biznesowy Lenovo V15 G5 IRL 15,6"" i5-13420H 16GB RAM 512GB Dysk SSD Win11 Pro Czarny",2 699.00 zł,"https://f00.esfr.pl/foto/3/181421711537/34c4f64fa612718219165a8082e07fdb/lenovo-laptop-v15-15-6-i5-16gb-512gb-w11,181421711537_7.webp","{'Ekran': '15,6 "",  1920 x 1080 pikseli 60 Hz', 'Procesor': 'Intel® Core™ i5 13gen 13420H', 'Pamięć': '16 GB  DDR5 5200 Mhz RAM', 'Grafika': 'Intel®  UHD Graphics', 'Dysk': '512 GB SSD', 'System operacyjny': 'Windows 11 Professional'}"
"Apple MacBook Pro 2024 14,2"" M4 Pro 24GB RAM 512GB Dysk macOS Srebrny Funkcje AI",8 499.00 zł,"https://f00.esfr.pl/foto/3/152647190025/c78b7f76ba8bd9e5469818e3a8477faf/apple-laptop-mbp-14-m4p-12-16-24-512gb-silver,152647190025_7.webp","{'Ekran': '14,2 "",  3024 x 1964 pikseli 120 Hz', 'Procesor': 'Apple M4 Pro', 'Pamięć': '24 GB  zunifikowana RAM', 'Grafika': 'Apple  M4 Pro (16-rdzeni)', 'Dysk': '512 GB SSD', 'System operacyjny': 'macOS Sequoia lub nowszy'}"
"Apple MacBook Air 2024 15,3"" M3 8GB RAM 256GB Dysk macOS Księżycowa Poświata",2 999.00 zł,"https://f00.esfr.pl/foto/7/139294443129/c023196b43940d97d40eea9bddd1491/apple-laptop-mba-15-8gb-256gb-starlight,139294443129_7.webp","{'Ekran': '15,3"",  2880 x 1864 pikseli', 'Procesor': 'Apple M3', 'Pamięć': '8 GB  zunifikowana RAM', 'Grafika': 'Apple  M3 (10-rdzeni)', 'Dysk': '256 GB SSD', 'System operacyjny': 'macOS Sonoma lub nowszy'}"
"Apple MacBook Air 2025 13,6"" M4 16GB RAM 256GB Dysk macOS Błękitny Funkcje AI",4 499.00 zł,"https://f00.esfr.pl/foto/5/159937748697/9tuwy4q3wpkp/apple-laptop-mba-13-m4-10-8-16gb-256gb-sb,159937748697_7.webp","{'Ekran': '13,6 "",  2560 x 1664 pikseli', 'Procesor': 'Apple M4', 'Pamięć': '16 GB  zunifikowana RAM', 'Grafika': 'Apple  M4 (8-rdzeni)', 'Dysk': '256 GB SSD', 'System operacyjny': 'macOS Sequoia lub nowszy'}"
"Laptop gamingowy HP OMEN 16-ap0009nw 16"" 144Hz R9 8940HX 24GB RAM 512GB Dysk SSD RTX5060 DLSS4 Win11 Czarny",6 499.00 zł,"https://f00.esfr.pl/foto/1/176320535569/e87f501e04f789ddfdba932a7dbfe4e/hp-laptop-hp-om-16-r9-24-512-5060-w11,176320535569_7.webp","{'Ekran': '16 "",  1920 x 1200 pikseli 144 Hz', 'Procesor': 'AMD Ryzen™ 9 8940HX', 'Pamięć': '24 GB  DDR5 5200 Mhz RAM', 'Grafika': 'NVIDIA® GeForce RTX™ 5060 + AMD Radeon™ 610M', 'Dysk': '512 GB SSD', 'System operacyjny': 'Windows 11 Home Edition'}"
"Apple MacBook Pro 2024 14,2"" M4 Pro 24GB RAM 512B Dysk macOS Gwiezdna Czerń Funkcje AI",8 499.00 zł,"https://f00.esfr.pl/foto/3/152647180833/ce85ef1b03ce31caf2e4c3056f8bf6c0/apple-laptop-mbp-14-m4p-12-16-24gb-512gb-sb,152647180833_7.webp","{'Ekran': '14,2 "",  3024 x 1964 pikseli 120 Hz', 'Procesor': 'Apple M4 Pro', 'Pamięć': '24 GB  zunifikowana RAM', 'Grafika': 'Apple  M4 Pro (16-rdzeni)', 'Dysk': '512 GB SSD', 'System operacyjny': 'macOS Sequoia lub nowszy'}"
"Laptop Acer Chromebook Plus 515 Google AI laptop CB515-2H-55JL 15,6"" i5-1235U 8GB RAM 512GB Dysk SSD ChromeOS Szary Funkcje AI",1 399.00 zł,"https://f00.esfr.pl/foto/4/131046584113/1c46cddf86cb9cfcbf68aba297be598f/acer-laptop-chrome-515-i5-8gb-512gb,131046584113_7.webp","{'Ekran': '15,6 "",  1920 x 1080 pikseli 60 Hz', 'Procesor': 'Intel® Core™ i5 12gen 1235U', 'Pamięć': '8 GB  LPDDR5X RAM', 'Grafika': 'Intel®  Iris Xe Graphics', 'Dysk': '512 GB SSD', 'System operacyjny': 'Chrome OS'}"
"Apple MacBook Air 2025 15,3"" M4 16GB RAM 256GB Dysk macOS Księżycowa poświata Funkcje AI",5 499.00 zł,"https://f00.esfr.pl/foto/2/159937574793/1q8e2ur7mfjz5/apple-laptop-mba-15-m4-10-10-16gb-256gb-sl,159937574793_7.webp","{'Ekran': '15,3"",  2880 x 1864 pikseli', 'Procesor': 'Apple M4', 'Pamięć': '16 GB  zunifikowana RAM', 'Grafika': 'Apple  M4 (10-rdzeni)', 'Dysk': '256 GB SSD', 'System operacyjny': 'macOS Sequoia lub nowszy'}"
"Apple MacBook Air 2025 15,3"" M4 16GB RAM 256GB Dysk macOS Błękitny Funkcje AI",5 499.00 zł,"https://f00.esfr.pl/foto/2/159937887089/1cydbuzrz2ogz/apple-laptop-mba-15-m4-10-10-16gb-256gb-sb,159937887089_7.webp","{'Ekran': '15,3"",  2880 x 1864 pikseli', 'Procesor': 'Apple M4', 'Pamięć': '16 GB  zunifikowana RAM', 'Grafika': 'Apple  M4 (10-rdzeni)', 'Dysk': '256 GB SSD', 'System operacyjny': 'macOS Sequoia lub nowszy'}"
"Laptop Dell Inspiron 3530-8026 15,6"" i5-1334U 16GB RAM 1TB Dysk SSD Win11 Czarny",2 399.00 zł,"https://f00.esfr.pl/foto/3/166768550745/831760b487cd8d8d5cf93d917542bb9a/dell-laptop-inspiron-i5-16gb-1tb-w11,166768550745_7.webp","{'Ekran': '15,6 "",  1920 x 1080 pikseli 120 Hz', 'Procesor': 'Intel® Core™ i5 13gen 1334U', 'Pamięć': '16 GB  DDR4 2666 MHz RAM', 'Grafika': 'Intel®  Iris Xe Graphics', 'Dysk': '1 TB SSD', 'System operacyjny': 'Windows 11 Home Edition'}"
"Laptop gamingowy Acer Nitro V 15 ANV15-51 15,6"" 144Hz i5-13420H 16GB RAM 512GB Dysk SSD RTX2050 Win11 Czarny",2 499.00 zł,"https://f00.esfr.pl/foto/4/148494336265/2873ae901b4113ae8452ee6b32b6cd04/acer-laptop-nitro-5-i5-16gb-512gb-2050-w11,148494336265_7.webp","{'Ekran': '15,6 "",  1920 x 1080 pikseli 144 Hz', 'Procesor': 'Intel® Core™ i5 13gen 13420H', 'Pamięć': '16 GB  DDR5 RAM', 'Grafika': 'NVIDIA® GeForce RTX™ 2050 + Intel UHD Graphics', 'Dysk': '512 GB SSD', 'System operacyjny': 'Windows 11 Home Edition'}"
"Laptop gamingowy Lenovo Legion Pro 5 16ADR10 16"" 240Hz R9 8945HX 32GB RAM 1TB Dysk SSD RTX5060 DLSS4 Czarny Funkcje AI",6 899.00 zł,"https://f00.esfr.pl/foto/1/187619311777/d5cc627bebc496a219ef1dbd27760ccb/lenovo-laptop-lp5-r9-32gb-1tb-nos-rtx5060,187619311777_7.webp","{'Ekran': '16 "",  2560 x 1600 pikseli 240 Hz', 'Procesor': 'AMD Ryzen™ 9 8945HX', 'Pamięć': '32 GB  DDR5 5200 Mhz RAM', 'Grafika': 'NVIDIA® GeForce RTX™ 5060 + AMD Radeon™ 610M', 'Dysk': '1 TB SSD', 'System operacyjny': 'bez systemu'}"
"Laptop gamingowy ASUS TUF Gaming A15 FA506NC-HN001W 15,6''144Hz R5 7535HS 16GB RAM 512GB Dysk SSD RTX3050 Win11 Czarny",3 399.00 zł,"https://f00.esfr.pl/foto/9/139005442561/d6b390b52583dfae71aeddaf670951a9/asus-laptop-fa506-r5-16gb-512gb-3050-w11,139005442561_7.webp","{'Ekran': '15,6 "",  1920 x 1080 pikseli 144 Hz', 'Procesor': 'AMD Ryzen™ 5 7535HS', 'Pamięć': '16 GB  DDR5 4800 Mhz RAM', 'Grafika': 'NVIDIA® Geforce RTX 3050 + AMD Radeon™ 660M', 'Dysk': '512 GB SSD', 'System operacyjny': 'Windows 11 Home Edition'}"
"Apple MacBook Air 2025 13,6"" M4 16GB RAM 256GB Dysk macOS Księżycowa poświata Funkcje AI",4 499.00 zł,"https://f00.esfr.pl/foto/4/159937873145/1r7ihrk4r64u5/apple-laptop-mba-13-m4-10-8-16gb-256gb-sl,159937873145_7.webp","{'Ekran': '13,6 "",  2560 x 1664 pikseli', 'Procesor': 'Apple M4', 'Pamięć': '16 GB  zunifikowana RAM', 'Grafika': 'Apple  M4 (8-rdzeni)', 'Dysk': '256 GB SSD', 'System operacyjny': 'macOS Sequoia lub nowszy'}"
Laptop ASUS Zenbook 14 OLED UX3405CA-PZ051W 14'' 120Hz Ultra 5 225H 16GB RAM 512GB Dysk SSD Win11 Niebieski Funkcje AI,4 499.00 zł,"https://f00.esfr.pl/foto/3/158146605257/27e8a6e547082520872ad7aa63d1e057/asus-laptop-asus-zb-u5-14-16gb-512gb-w11,158146605257_7.webp","{'Ekran': '14 "", ekran dotykowy 2880 x 1800 pikseli 120 Hz', 'Procesor': 'Intel® Core™ Ultra 5 15gen 225H', 'Pamięć': '16 GB  LPDDR5X RAM', 'Grafika': 'Intel®   Arc™ 130T', 'Dysk': '512 GB SSD', 'System operacyjny': 'Windows 11 Home Edition'}"
"Laptop Acer Nitro V 16 ANV16-41 16"" 165Hz R5 8645HS 16GB RAM 512GB Dysk SSD RTX3050 Win11 Czarny Funkcje AI",2 999.00 zł,"https://f00.esfr.pl/foto/4/171675935001/1487b52b4a1d5f96ff0394b99d0906c2/acer-laptop-nitro-v-16-r5-16gb-512gb-3050-w11,171675935001_7.webp","{'Ekran': '16 "",  1920 x 1200 pikseli 165 Hz', 'Procesor': 'AMD Ryzen™ 5 8645HS', 'Pamięć': '16 GB  DDR5 5600 Mhz RAM', 'Grafika': 'NVIDIA® GeForce RTX™ 3050 + AMD Radeon™ 760M', 'Dysk': '512 GB SSD', 'System operacyjny': 'Windows 11 Home Edition'}"
"Laptop Lenovo IdeaPad Slim 3 15ARP10 15,3"" R5 7533HS 24GB RAM 512GB Dysk SSD Win11 Szary Funkcje AI",2 699.00 zł,"https://f00.esfr.pl/foto/3/161702272377/211cfe642328b046bf25d34fdc0515d4/lenovo-laptop-leno-ip3-i3-24gb-512gb-w11,161702272377_7.webp","{'Ekran': '15,3"",  1920 x 1200 pikseli 60 Hz', 'Procesor': 'AMD Ryzen™ 5 7533HS', 'Pamięć': '24 GB  DDR5 4800 Mhz RAM', 'Grafika': 'AMD  Radeon™ 660M Graphics', 'Dysk': '512 GB SSD', 'System operacyjny': 'Windows 11 Home Edition'}"
"Laptop gamingowy Dell G15 5530-8522 15,6"" 120Hz i5-13450HX 16GB RAM 512GB Dysk SSD RTX3050 Win11 Czarny",3 299.00 zł,"https://f00.esfr.pl/foto/8/131091156777/f5b78e4e9437aa94abb8c011929e04b8/dell-laptop-5530-i5-16gb-512gb-3050-w11,131091156777_7.webp","{'Ekran': '15,6 "",  1920 x 1080 pikseli 120 Hz', 'Procesor': 'Intel® Core™ i5 13gen 13450HX', 'Pamięć': '16 GB  DDR5 4800 Mhz RAM', 'Grafika': 'NVIDIA® GeForce RTX™ 3050 + Intel UHD Graphics', 'Dysk': '512 GB SSD', 'System operacyjny': 'Windows 11 Home Edition'}"
"Laptop Lenovo Yoga Slim 7 14AKP10 OLED 14"" Ryzen AI 7 350 16GB RAM 512GB Dysk SSD Win11 Zielony Funkcje AI",4 299.00 zł,"https://f00.esfr.pl/foto/4/165847139385/74695991f82a4fde777165821d0714c9/lenovo-laptop-lenovo-yoga-s7-r7-16gb-512gb-w11,165847139385_7.webp","{'Ekran': '14 "",  1920 x 1200 pikseli 60 Hz', 'Procesor': 'AMD Ryzen™ AI 7 350', 'Pamięć': '16 GB  LPDDR5x 7500 Mhz RAM', 'Grafika': 'AMD  Radeon™ 860M Graphics', 'Dysk': '512 GB SSD', 'System operacyjny': 'Windows 11 Home Edition'}"
"Apple MacBook Pro 2024 14,2"" M4 16GB RAM 512GB Dysk macOS Gwiezdna Czerń Funkcje AI",6 499.00 zł,"https://f00.esfr.pl/foto/1/152647150273/21381f01165be06d502492274ddf47f8/apple-laptop-mbp-14-m4-10-10-16gb-512gb-sb,152647150273_7.webp","{'Ekran': '14,2 "",  3024 x 1964 pikseli 120 Hz', 'Procesor': 'Apple M4', 'Pamięć': '16 GB  zunifikowana RAM', 'Grafika': 'Apple  M4 (10-rdzeni)', 'Dysk': '512 GB SSD', 'System operacyjny': 'macOS Sequoia lub nowszy'}"
"Laptop ASUS Zenbook S16 UM5606GA-SR065W OLED 16"" 120Hz Ryzen AI 7 445 32GB RAM 1TB Dysk SSD Win11 Szary Funkcje AI",7 199.00 zł,"https://f00.esfr.pl/foto/8/184148917401/b188c67c0c8559628ea107193eb2fbca/asus-laptop-asus-zb-s16-r7ai-32-1tb-w11,184148917401_7.webp","{'Ekran': '16 "", ekran dotykowy 2880 x 1800 pikseli 120 Hz', 'Procesor': 'AMD Ryzen™ AI 7 445', 'Pamięć': '32 GB  LPDDR5X RAM', 'Grafika': 'AMD  Radeon™ 840M', 'Dysk': '1 TB SSD', 'System operacyjny': 'Windows 11 Home Edition'}"
"Laptop Lenovo IdeaPad Slim 5 16IRH10 16"" i5-13420H 32GB RAM 512GB Dysk SSD Win11 Szary",3 299.00 zł,"https://f00.esfr.pl/foto/2/183197076921/d5cac014e507aeb79d7b356aef736e83/lenovo-laptop-ips-16-i5-32gb-512gb-w11,183197076921_7.webp","{'Ekran': '16 "",  1920 x 1200 pikseli 60 Hz', 'Procesor': 'Intel® Core™ i5 13gen 13420H', 'Pamięć': '32 GB  DDR5 5600 Mhz RAM', 'Grafika': 'Intel®  UHD Graphics', 'Dysk': '512 GB SSD', 'System operacyjny': 'Windows 11 Home Edition'}"
"Laptop gamingowy ASUS TUF Gaming F16 FX608JMR-I7161 16"" 165Hz i7-14650HX 16GB RAM 1TB Dysk SSD RTX5060 DLSS4 Szary",5 699.00 zł,"https://f00.esfr.pl/foto/8/180987673905/6085533426206f92218cd2fc2b298f09/asus-laptop-asus-tuf-16-i7-16-1tb-5060-nos,180987673905_7.webp","{'Ekran': '16 "",  1920 x 1200 pikseli 165 Hz', 'Procesor': 'Intel® Core™ i7 14gen 14650HX', 'Pamięć': '16 GB  DDR5 5600 Mhz RAM', 'Grafika': 'NVIDIA® GeForce RTX™ 5060 + Intel UHD Graphics', 'Dysk': '1 TB SSD', 'System operacyjny': 'bez systemu'}"
"Laptop Lenovo IdeaPad Slim 5 16IAH8 16"" i5-12450H 16GB RAM 512GB Dysk SSD Win11 Szary",3 199.00 zł,"https://f00.esfr.pl/foto/6/132531883209/5ba543b1d30dbe69aedea2c42b951664/lenovo-laptop-ips-5-i5-16gb-512gb-w11,132531883209_7.webp","{'Ekran': '16 "",  1920 x 1200 pikseli 60 Hz', 'Procesor': 'Intel® Core™ i5 12gen 12450H', 'Pamięć': '16 GB  LPDDR5 4800 Mhz RAM', 'Grafika': 'Intel®  UHD Graphics', 'Dysk': '512 GB SSD', 'System operacyjny': 'Windows 11 Home Edition'}"
"Laptop gamingowy Lenovo LOQ 15IAX9 15,6"" 144Hz i5-12450HX 24GB RAM 512GB Dysk SSD RTX4050 Win11 Szary Funkcje AI",4 199.00 zł,"https://f00.esfr.pl/foto/6/148859431097/75780b1d7e014cde46599421580a5aeb/lenovo-laptop-loq-i5-24gb-512gb-4050-w11,148859431097_7.webp","{'Ekran': '15,6 "",  1920 x 1080 pikseli 144 Hz', 'Procesor': 'Intel® Core™ i5 12gen 12450HX', 'Pamięć': '24 GB  DDR5 4800 Mhz RAM', 'Grafika': 'NVIDIA® GeForce RTX™ 4050 + Intel UHD Graphics', 'Dysk': '512 GB SSD', 'System operacyjny': 'Windows 11 Home Edition'}"
"Laptop 2w1 Lenovo Yoga 7 2-in-1 14AKP10 OLED 14"" Ryzen AI 7 350 16GB RAM 512GB Dysk SSD Win11 Zielony Funkcje AI",5 199.00 zł,"https://f00.esfr.pl/foto/8/183197173969/c955e7d5d3e5d3fbc441c6d1408f22e5/lenovo-laptop-yoga-7-r7-14-16gb-512gb-w11,183197173969_7.webp","{'Ekran': '14 "", ekran dotykowy 1920 x 1200 pikseli 60 Hz', 'Procesor': 'AMD Ryzen™ AI 7 350', 'Pamięć': '16 GB  LPDDR5x 7500 Mhz RAM', 'Grafika': 'AMD  Radeon™ 860M Graphics', 'Dysk': '512 GB SSD', 'System operacyjny': 'Windows 11 Home Edition'}"
"Laptop Lenovo IdeaPad Slim 3 15ABR8 15,6"" R5 7530U 16GB RAM 512GB Dysk SSD Win11 Szary",3 199.00 zł,"https://f00.esfr.pl/foto/3/131607446305/21944f19307c3af4d4628afdbe9d6520/lenovo-laptop-ip3s-r5-16gb-512gb-w11,131607446305_7.webp","{'Ekran': '15,6 "",  1920 x 1080 pikseli 60 Hz', 'Procesor': 'AMD Ryzen™ 5 7530U', 'Pamięć': '16 GB  DDR4 3200 MHz RAM', 'Grafika': 'AMD  Radeon™ Graphics', 'Dysk': '512 GB SSD', 'System operacyjny': 'Windows 11 Home Edition'}"
"Laptop Acer Nitro V 16 ANV16-41 16"" 165Hz R5 8645HS 16GB RAM 1TB Dysk SSD RTX4050 DLSS3 Win11 Czarny Funkcje AI",3 999.00 zł,"https://f00.esfr.pl/foto/1/150516262609/1487b52b4a1d5f96ff0394b99d0906c2/acer-laptop-nitro-v-r5-16gb-1tb-4050-w11_1,150516262609_7.webp","{'Ekran': '16 "",  1920 x 1200 pikseli 165 Hz', 'Procesor': 'AMD Ryzen™ 5 8645HS', 'Pamięć': '16 GB  DDR5 5600 Mhz RAM', 'Grafika': 'NVIDIA® GeForce RTX™ 4050 + AMD Radeon™ 760M', 'Dysk': '1 TB SSD', 'System operacyjny': 'Windows 11 Home Edition'}"
"Laptop gamingowy ASUS TUF Gaming A15 FA507NVR-LP017W 15,6'' 144Hz R7 7435HS 16GB RAM 512GB Dysk SSD RTX4060 DLSS3 Win11 Szary",4 899.00 zł,"https://f00.esfr.pl/foto/3/153099291105/9197c26fe5604b30a6433815f7cf324f/asus-laptop-asus-tuf-r7-16gb-512gb-4060-w11,153099291105_7.webp","{'Ekran': '15,6 "",  1920 x 1080 pikseli 144 Hz', 'Procesor': 'AMD Ryzen™ 7 7435HS', 'Pamięć': '16 GB  DDR5 4800 Mhz RAM', 'Grafika': 'NVIDIA® GeForce RTX™ 4060', 'Dysk': '512 GB SSD', 'System operacyjny': 'Windows 11 Home Edition'}"
"Laptop Acer Aspire Lite 16 AL16-54P 16"" i5-1334U 16GB RAM 512GB Dysk SSD Win11 Srebrny",1 999.00 zł,"https://f00.esfr.pl/foto/7/179105892537/910248b683f075ebba9095e9da354b99/acer-laptop-aspire-lite-16-i5-16gb-512gb-w11,179105892537_7.webp","{'Ekran': '16 "",  1920 x 1200 pikseli 60 Hz', 'Procesor': 'Intel® Core™ i5 13gen 1334U', 'Pamięć': '16 GB  DDR5 4800 Mhz RAM', 'Grafika': 'Intel®  Iris Xe Graphics (działający jako Intel® UHD Graphics)', 'Dysk': '512 GB SSD', 'System operacyjny': 'Windows 11 Home Edition'}"
"Laptop Acer Nitro V 16 ANV16-41 16"" 165Hz R5 8645HS 16GB RAM 512GB Dysk SSD RTX3050 Win11 Czarny Funkcje AI",2 999.00 zł,"https://f00.esfr.pl/foto/1/150516397337/1487b52b4a1d5f96ff0394b99d0906c2/acer-laptop-nitro-v-r5-16gb-512gb-3050-w11,150516397337_7.webp","{'Ekran': '16 "",  1920 x 1200 pikseli 165 Hz', 'Procesor': 'AMD Ryzen™ 5 8645HS', 'Pamięć': '16 GB  DDR5 5600 Mhz RAM', 'Grafika': 'NVIDIA® GeForce RTX™ 3050 + AMD Radeon™ 760M', 'Dysk': '512 GB SSD', 'System operacyjny': 'Windows 11 Home Edition'}"
"Laptop Acer Aspire Lite 14 AL14-52M 14"" i5-1334U 16GB RAM 512GB Dysk SSD Win11 Srebrny",1 999.00 zł,"https://f00.esfr.pl/foto/8/162488995897/7c8c84e0b252767e65ad856488d63c1c/acer-laptop-aspire-lite-i5-14-16gb-512gb-w11,162488995897_7.webp","{'Ekran': '14 "",  1920 x 1200 pikseli 60 Hz', 'Procesor': 'Intel® Core™ i5 13gen 1334U', 'Pamięć': '16 GB  DDR5 4800 Mhz RAM', 'Grafika': 'Intel®  Iris Xe Graphics (działający jako Intel® UHD Graphics)', 'Dysk': '512 GB SSD', 'System operacyjny': 'Windows 11 Home Edition'}"
"Laptop Lenovo IdeaPad Slim 3 15ARP10 15,3"" R5 7533HS 16GB RAM 512GB Dysk SSD Win11 Szary Funkcje AI",2 599.00 zł,"https://f00.esfr.pl/foto/3/161702328769/211cfe642328b046bf25d34fdc0515d4/lenovo-laptop-leno-ip3-i3-16gb-512gb-w11,161702328769_7.webp","{'Ekran': '15,3"",  1920 x 1200 pikseli 60 Hz', 'Procesor': 'AMD Ryzen™ 5 7533HS', 'Pamięć': '16 GB  DDR5 4800 Mhz RAM', 'Grafika': 'AMD  Radeon™ 660M Graphics', 'Dysk': '512 GB SSD', 'System operacyjny': 'Windows 11 Home Edition'}"
"Laptop gamingowy Gigabyte Gaming A16 3VHK3EE893SH 16"" 165Hz  R7 260 16GB RAM 512GB Dysk SSD RTX5060 DLSS4 Win11 Czarny Funkcje AI",4 774.16 zł,"https://f00.esfr.pl/foto/4/169044544609/44d083685990d74c9fb2754ce1c55b1a/gigabyte-laptop-giga-a16-r7-16gb-512gb-5060-w11,169044544609_7.webp","{'Ekran': '16 "",  1920 x 1200 pikseli 165 Hz', 'Procesor': 'AMD Ryzen™ 7 260', 'Pamięć': '16 GB  DDR5 5600 Mhz RAM', 'Grafika': 'NVIDIA® GeForce RTX 5060 + AMD Radeon™ 780M', 'Dysk': '512 GB SSD', 'System operacyjny': 'Windows 11 Home Edition'}"
"Laptop Dell Inspiron 3520-5252 15,6"" 120Hz i5-1235U 8GB RAM 512GB Dysk SSD Win11 Czarny",1 799.00 zł,"https://f00.esfr.pl/foto/1/131091164097/c5cff91670903ee0f928716305c25e99/dell-laptop-3520-i5-8gb-512gb-w11,131091164097_7.webp","{'Ekran': '15,6 "",  1920 x 1080 pikseli 120 Hz', 'Procesor': 'Intel® Core™ i5 12gen 1235U', 'Pamięć': '8 GB  DDR4 2666 MHz RAM', 'Grafika': 'Intel®  UHD Graphics 620', 'Dysk': '512 GB SSD', 'System operacyjny': 'Windows 11 Home Edition'}"
"Laptop gamingowy Acer Nitro V 15 ANV15-41-R4HG 15,6"" 165Hz R7 7735HS 16GB RAM 1TB Dysk SSD RTX4060 DLSS3 Win11 Czarny",3 999.00 zł,"https://f00.esfr.pl/foto/6/154836598585/55ecd265706c76cf5349aa05ea46d870/acer-laptop-acer-nitro-v-r7-16gb-1tb-4060-w11_1,154836598585_7.webp","{'Ekran': '15,6 "",  1920 x 1080 pikseli 165 Hz', 'Procesor': 'AMD Ryzen™ 7 7735HS', 'Pamięć': '16 GB  DDR5 RAM', 'Grafika': 'NVIDIA® GeForce RTX™ 4060 + AMD Radeon™ 680M', 'Dysk': '1 TB SSD', 'System operacyjny': 'Windows 11 Home Edition'}"
"Apple MacBook Air 2024 15,3"" M3 8GB RAM 256GB Dysk macOS Północ",4 499.00 zł,"https://f00.esfr.pl/foto/3/139294484633/ddcc25d5c592239bd59f866e2e3ce8/apple-laptop-mba-15-8gb-256gb-midnight_1,139294484633_7.webp","{'Ekran': '15,3"",  2880 x 1864 pikseli', 'Procesor': 'Apple M3', 'Pamięć': '8 GB  zunifikowana RAM', 'Grafika': 'Apple  M3 (10-rdzeni)', 'Dysk': '256 GB SSD', 'System operacyjny': 'macOS Sonoma lub nowszy'}"
"Laptop gamingowy Lenovo Legion 5 16IRX9 16"" 165Hz i7-13650HX 16GB RAM 512GB Dysk SSD RTX4060 DLSS3 Win11 Szary Funkcje AI",4 999.00 zł,"https://f00.esfr.pl/foto/1/148859446641/d86370475719b5f2ee6d377aa94f7edc/lenovo-laptop-l5-i7-16gb-512gb-4060-w11,148859446641_7.webp","{'Ekran': '16 "",  2560 x 1600 pikseli 165 Hz', 'Procesor': 'Intel® Core™ i7 13gen 13650HX', 'Pamięć': '16 GB  DDR5 4800 Mhz RAM', 'Grafika': 'NVIDIA® GeForce RTX™ 4060 + Intel UHD Graphics', 'Dysk': '512 GB SSD', 'System operacyjny': 'Windows 11 Home Edition'}"
"Laptop Acer Aspire Lite 16 AL16-52P 16"" i7-1355U 16GB RAM 512GB Dysk SSD Win11 Srebrny",2 399.00 zł,"https://f00.esfr.pl/foto/2/162488971313/3cca49809250f28c4283a3f3edc012ec/acer-laptop-aspire-lite-i7-16-16gb-512gb-w11,162488971313_7.webp","{'Ekran': '16 "",  1920 x 1200 pikseli 60 Hz', 'Procesor': 'Intel® Core™ i7 13gen 1355U', 'Pamięć': '16 GB  DDR5 4800 Mhz RAM', 'Grafika': 'Intel®  Iris Xe Graphics (działający jako Intel® UHD Graphics)', 'Dysk': '512 GB SSD', 'System operacyjny': 'Windows 11 Home Edition'}"
"Laptop gamingowy MSI Vector 16 HX AI A2XWHG-094PL 16"" 240Hz Ultra 9 275HX 32GB RAM 1TB Dysk SSD RTX5070Ti DLSS4 Win11 Szary Funkcje AI",11 799.00 zł,"https://f00.esfr.pl/foto/5/162043315465/3c969f0d73f7ed40d283dae5aa32cbb8/msi-laptop-vector-ai-16-u9-32-1tb-5070ti-w11,162043315465_7.webp","{'Ekran': '16 "",  2560 x 1600 pikseli 240 Hz', 'Procesor': 'Intel® Core™ Ultra 9 15gen 275HX', 'Pamięć': '32 GB  DDR5 5600 Mhz RAM', 'Grafika': 'NVIDIA® GeForce RTX™ 5070 Ti + Intel Graphics', 'Dysk': '1 TB SSD', 'System operacyjny': 'Windows 11 Home Edition'}"
"Laptop gamingowy ASUS ROG Strix Scar 16 G635LW-U9644X 16"" 240Hz Ultra 9 275HX 64GB RAM 4TB Dysk SSD RTX5080 DLSS4 Win11 Pro Czarny AI",15 899.00 zł,"https://f00.esfr.pl/foto/7/158146814753/e65f2b1a01f262d2e20bcfe20579e84b/asus-laptop-rog-scar16-u9-64gb-4tb-5080-w11p,158146814753_7.webp","{'Ekran': '16 "",  2560 x 1600 pikseli 240 Hz', 'Procesor': 'Intel® Core™ Ultra 9 15gen 275HX', 'Pamięć': '64 GB  DDR5 5600 Mhz RAM', 'Grafika': 'NVIDIA® Geforce RTX™ 5080 + Intel Graphics', 'Dysk': '4 TB SSD', 'System operacyjny': 'Windows 11 Professional'}"
"Laptop gamingowy HP Victus 15-fb2719nw 15,6"" 144Hz R5 8645HS 16GB RAM 512GB Dysk SSD RTX3050 Win11 Czarno-srebrny Funkcje AI",3 399.00 zł,"https://f00.esfr.pl/foto/3/168358605441/583ed5142ad106bbcf54c5a8afab2593/hp-laptop-hp-victus-r5-16-512gb-3050-w11,168358605441_7.webp","{'Ekran': '15,6 "",  1920 x 1080 pikseli 144 Hz', 'Procesor': 'AMD Ryzen™ 5 8645HS', 'Pamięć': '16 GB  DDR5 5600 Mhz RAM', 'Grafika': 'NVIDIA® GeForce RTX™ 3050 + AMD Radeon™ 760M', 'Dysk': '512 GB SSD', 'System operacyjny': 'Windows 11 Home Edition'}"
"Laptop gamingowy MSI Katana 15 HX B14WFK-494XPL 15,6"" 144Hz i5-14450HX 16GB RAM 512GB Dysk SSD RTX5060 DLSS4 Czarny",4 199.00 zł,"https://f00.esfr.pl/foto/1/168752053129/43674c9d523679cf7655be1bdbb265b3/msi-lap-msi-katana-15-i5-16-512gb-5060-nos,168752053129_7.webp","{'Ekran': '15,6 "",  1920 x 1080 pikseli 144 Hz', 'Procesor': 'Intel® Core™ i5 14gen 14450HX', 'Pamięć': '16 GB  DDR5 5600 Mhz RAM', 'Grafika': 'NVIDIA® GeForce RTX™ 5060 + Intel UHD Graphics', 'Dysk': '512 GB SSD', 'System operacyjny': 'bez systemu'}"
"Laptop Dell Inspiron 3520-9973 15,6"" 120Hz i5-1235U 16GB RAM 1TB Dysk SSD Win11 Srebrny",1 999.00 zł,"https://f00.esfr.pl/foto/3/133445156201/12504ddbcbc287eaa641ce50372a8fb8/dell-laptop-3520-i5-16gb-1tb-w11,133445156201_7.webp","{'Ekran': '15,6 "",  1920 x 1080 pikseli 120 Hz', 'Procesor': 'Intel® Core™ i5 12gen 1235U', 'Pamięć': '16 GB  DDR4 2666 MHz RAM', 'Grafika': 'Intel®  Iris Xe Graphics', 'Dysk': '1 TB SSD', 'System operacyjny': 'Windows 11 Home Edition'}"
"Laptop HP 15-fc0061nw 15,6"" AMD Ryzen 7 5825U 16GB RAM 512GB Dysk SSD Win11 Srebrny",2 399.00 zł,"https://f00.esfr.pl/foto/6/176320587193/7214cc32253a6c103287985a5e44c6e/hp-laptop-hp15-15-r7-16-512-w11,176320587193_7.webp","{'Ekran': '15,6 "",  1920 x 1080 pikseli', 'Procesor': 'AMD Ryzen™ 7 5825U', 'Pamięć': '16 GB  DDR4 3200 MHz RAM', 'Grafika': 'AMD  Radeon™ Graphics', 'Dysk': '512 GB', 'System operacyjny': 'Windows 11 Home Edition'}"
"Laptop Lenovo V15 G5 IRL 15,6"" Core 5 120U 16GB RAM 512GB Dysk SSD Win11 Czarny Funkcje AI",2 549.00 zł,"https://f00.esfr.pl/foto/3/157066383657/34c4f64fa612718219165a8082e07fdb/lenovo-laptop-lenovo-v15-u5-16gb-512gb-w11,157066383657_7.webp","{'Ekran': '15,6 "",  1920 x 1080 pikseli 60 Hz', 'Procesor': 'Intel® Core™ 5 120U', 'Pamięć': '16 GB  DDR5 5200 Mhz RAM', 'Grafika': 'Intel®  Graphics', 'Dysk': '512 GB SSD', 'System operacyjny': 'Windows 11 Home Edition'}"
"Laptop 2w1 Lenovo Yoga Slim 7x OLED 14,5"" Snapdragon X Elite X1E-78-100 32GB RAM 512GB Dysk SSD Win11 Niebieski Funkcje AI",4 999.00 zł,"https://f00.esfr.pl/foto/8/143440141305/5a495b6e48899d2c95688b494ffe7df6/lenovo-laptop-yoga-s7-14-oled-x1e-32-512gb-w11,143440141305_7.webp","{'Ekran': '14,5 "", ekran dotykowy 2944 x 1840 pikseli 90 Hz', 'Procesor': 'Qualcomm® Snapdragon® X Elite X1E-78-100', 'Pamięć': '32 GB  LPDDR5x 8448 Mhz RAM', 'Grafika': 'Qualcomm®  Adreno™ Graphics', 'Dysk': '512 GB SSD', 'System operacyjny': 'Windows 11 Home Edition'}"
"Laptop Lenovo Yoga Slim 7 ProX 14IAH7 14,5"" 120Hz i5-12500H 16GB RAM 512GB Dysk SSD Win11 Szary",5 299.00 zł,"https://f00.esfr.pl/foto/9/125708969753/9e8e2fd0672c4c1a172243d738bf865e/lenovo-yoga-slim-7-prox-14iah7-14-120hz-i5-12500h-16gb-ram-512gb-dysk-win11,125708969753_7.webp","{'Ekran': '14,5 "",  3072 x 1920 pikseli 120 Hz', 'Procesor': 'Intel® Core™ i5 12gen 12500H', 'Pamięć': '16 GB  LPDDR5 6000 Mhz RAM', 'Grafika': 'Intel®  Iris Xe Graphics', 'Dysk': '512 GB SSD', 'System operacyjny': 'Windows 11 Home Edition'}"
"Laptop ultrabook MSI Prestige 13 AI+ Evo A2VMG-020PL Copilot+ PC OLED 13,3"" Ultra 9 288V 32GB RAM 1TB Dysk SSD Win11 Pro Szary Funkcje AI",6 999.00 zł,"https://f00.esfr.pl/foto/3/152051521849/dcba90310a76b78328a8ae7a3f826da7/msi-laptop-prestige-13-ai-u9-32-1tb-w11,152051521849_7.webp","{'Ekran': '13,3 "",  2880 x 1800 pikseli 60 Hz', 'Procesor': 'Intel® Core™ Ultra 9 15gen 288V', 'Pamięć': '32 GB  LPDDR5x 8533 Mhz RAM', 'Grafika': 'Intel®  Arc Graphics 140V', 'Dysk': '1 TB SSD', 'System operacyjny': 'Windows 11 Professional'}"
"Laptop Dell Inspiron 3525-6518 15,6"" 120Hz R5 5625U 8GB RAM 512GB Dysk SSD Win11 Czarny",1 499.00 zł,"https://f00.esfr.pl/foto/2/100781798529/f977c64e441580462ef28d2a3794a788/dell-laptop-3525-r5-8gb-512ssd-w11,100781798529_7.webp","{'Ekran': '15,6 "",  1920 x 1080 pikseli 120 Hz', 'Procesor': 'AMD Ryzen™ 5 5625U', 'Pamięć': '8 GB  DDR4 3200 MHz RAM', 'Grafika': 'AMD  Radeon™ Graphics', 'Dysk': '512 GB SSD', 'System operacyjny': 'Windows 11 Home Edition'}"
"Laptop Lenovo ThinkBook 16 G7 IML 16"" Ultra 7 155H 32GB RAM 1TB Dysk SSD Win11 Pro Szary Funkcje AI",5 199.00 zł,"https://f00.esfr.pl/foto/6/149827917169/9c34c02f1613746bf73d4cc3bb49ef05/lenovo-thinkbook-16-g7-iml-16-ultra-7-155h-32gb-ram-1tb-dysk-ssd-win11-pro-szary,149827917169_7.webp","{'Ekran': '16 "",  1920 x 1200 pikseli 60 Hz', 'Procesor': 'Intel® Core™ Ultra 7 14gen 155H', 'Pamięć': '32 GB  DDR5 5600 Mhz RAM', 'Grafika': 'Intel®  Arc Graphics', 'Dysk': '1 TB SSD', 'System operacyjny': 'Windows 11 Professional'}"
"Laptop gamingowy Lenovo LOQ 15ARP9 15,6"" 144Hz R7 7435HS 16GB RAM 1TB Dysk SSD RTX4060 Win11 Szary Funkcje AI",5 399.00 zł,"https://f00.esfr.pl/foto/6/152465644593/86bb373bbef2c368fbb869506febd609/lenovo-laptop-lenovo-loq-r7-16gb-1tb-4060-w11,152465644593_7.webp","{'Ekran': '15,6 "",  1920 x 1080 pikseli 144 Hz', 'Procesor': 'AMD Ryzen™ 7 7435HS', 'Pamięć': '16 GB  DDR5 4800 Mhz RAM', 'Grafika': 'NVIDIA® GeForce RTX™ 4060', 'Dysk': '1 TB SSD', 'System operacyjny': 'Windows 11 Home Edition'}"
"Laptop gamingowy Lenovo Legion 5 15ACH6H 15,6"" 165Hz R5 5600H 16GB RAM 512GB Dysk SSD RTX3060 Win11 Czarno-niebieski",6 199.00 zł,"https://f00.esfr.pl/foto/6/104530988089/ffcc720715baa88cb79b9c21f6495d69/lenovo-laptop-l5-r5-16gb-512ssd-3060-w11,104530988089_7.webp","{'Ekran': '15,6 "",  1920 x 1080 pikseli 165 Hz', 'Procesor': 'AMD Ryzen™ 5 5600H', 'Pamięć': '16 GB  DDR4 3200 MHz RAM', 'Grafika': 'NVIDIA® GeForce RTX™ 3060 + AMD Radeon™  Graphics', 'Dysk': '512 GB SSD', 'System operacyjny': 'Windows 11 Home Edition'}"
"Laptop Dell Inspiron 14 5440-7432 14"" Core 7 150U 16GB RAM 512GB Dysk SSD Win11 Pro Szaro-niebieski Funkcje AI",2 199.00 zł,"https://f00.esfr.pl/foto/6/150564521441/f960372cb24b6144789d836588a39aea/dell-laptop-inspiron-5440-ic7-16-512gb-win11p,150564521441_7.webp","{'Ekran': '14 "",  1920 x 1200 pikseli 60 Hz', 'Procesor': 'Intel® Core™ 7 150U', 'Pamięć': '16 GB  DDR5 5200 Mhz RAM', 'Grafika': 'Intel®  Graphics', 'Dysk': '512 GB SSD', 'System operacyjny': 'Windows 11 Professional'}"
"Laptop HP Victus 15-fb3028nw 15,6"" 144Hz R5 240 16GB RAM 512GB Dysk SSD RTX5050 DLSS4 Win11 Czarno-srebrny Funkcje AI",4 999.00 zł,"https://f00.esfr.pl/foto/7/172741871641/72187066ae23668577d412b55c430878/hp-laptop-hp-vic-15-r5-16-512-5050-w11,172741871641_7.webp","{'Ekran': '15,6 "",  1920 x 1080 pikseli 144 Hz', 'Procesor': 'AMD Ryzen™ 5 240', 'Pamięć': '16 GB  DDR5 5600 Mhz RAM', 'Grafika': 'NVIDIA® GeForce RTX™ 5050 + AMD Radeon™ 760M', 'Dysk': '512 GB SSD', 'System operacyjny': 'Windows 11 Home Edition'}"
"Laptop Lenovo Yoga 7 2-in-1 16AKP10 OLED 16"" 120Hz Ryzen AI 7 350 16GB RAM 512GB Dysk SSD Win11 Beżowy Funkcje AI",5 299.00 zł,"https://f00.esfr.pl/foto/5/165847175697/d0656d026254c895dacc7721976f9ec7/lenovo-laptop-lenovo-yoga-7-r7-a-16gb-512gb-w11,165847175697_7.webp","{'Ekran': '16 "", ekran dotykowy 2880 x 1800 pikseli 120 Hz', 'Procesor': 'AMD Ryzen™ AI 7 350', 'Pamięć': '16 GB  LPDDR5x 7500 Mhz RAM', 'Grafika': 'AMD  Radeon™ 860M Graphics', 'Dysk': '512 GB SSD', 'System operacyjny': 'Windows 11 Home Edition'}"
"Laptop gamingowy Gigabyte Gaming A18 3VHK3EEC64SH 18"" 165Hz R7 260 32GB RAM 1TB Dysk SSD RTX5060 DLSS4 Win11 Czarny Funkcje AI",6 999.00 zł,"https://f00.esfr.pl/foto/2/173811726641/58f79d8e7c81a10dd5e8fb61e5e9bd76/gigabyte-laptop-giga-a18-r7-32gb-1tb-5060-w11,173811726641_7.webp","{'Ekran': '18 "",  2560 x 1600 pikseli 165 Hz', 'Procesor': 'AMD Ryzen™ 7 260', 'Pamięć': '32 GB  DDR5 5600 Mhz RAM', 'Grafika': 'NVIDIA® GeForce RTX 5060 + AMD Radeon™ 780M', 'Dysk': '1 TB SSD', 'System operacyjny': 'Windows 11 Home Edition'}"
"Laptop gamingowy MSI Vector 16 HX AI A2XWIG-405PL 16"" 240Hz Ultra 9 275HX 16GB RAM 1TB Dysk SSD RTX5080 DLSS4 Win11 Szary Funkcje AI",9 999.00 zł,"https://f00.esfr.pl/foto/7/168751834721/3c969f0d73f7ed40d283dae5aa32cbb8/msi-laptop-msi-vector-16-u9-16-1tb-5080-w11,168751834721_7.webp","{'Ekran': '16 "",  2560 x 1600 pikseli 240 Hz', 'Procesor': 'Intel® Core™ Ultra 9 15gen 275HX', 'Pamięć': '16 GB  DDR5 5600 Mhz RAM', 'Grafika': 'NVIDIA® GeForce RTX™ 5080 + Intel Graphics', 'Dysk': '1 TB SSD', 'System operacyjny': 'Windows 11 Home Edition'}"
"Laptop Lenovo IdeaPad Slim 3 15IAH8 15,6"" i5-12450H 16GB RAM 1TB Dysk SSD Win11 Szary",2 999.00 zł,"https://f00.esfr.pl/foto/3/150917823465/9131ab6d4223226d13f0a63c8f617ab2/lenovo-laptop-lenovo-ips3-i5-16gb-1tb-w11,150917823465_7.webp","{'Ekran': '15,6 "",  1920 x 1080 pikseli 60 Hz', 'Procesor': 'Intel® Core™ i5 12gen 12450H', 'Pamięć': '16 GB  LPDDR5 4800 Mhz RAM', 'Grafika': 'Intel®  UHD Graphics', 'Dysk': '1 TB SSD', 'System operacyjny': 'Windows 11 Home Edition'}"
"Laptop gamingowy Gigabyte AORUS 16X 2024 9KG-43EEC54SD 16"" 165Hz i7-13650HX 16GB RAM 1TB Dysk SSD RTX4060 DLSS3 Szary",3 999.00 zł,"https://f00.esfr.pl/foto/6/151822445337/854fffc3b2f9a6a3287041bd6501cfa3/gigabyte-laptop-aorus-16x-i7-16gb-1tb-4060-no-os,151822445337_7.webp","{'Ekran': '16 "",  2560 x 1600 pikseli 165 Hz', 'Procesor': 'Intel® Core™ i7 13gen 13650HX', 'Pamięć': '16 GB  DDR5 4800 Mhz RAM', 'Grafika': 'NVIDIA® GeForce RTX 4060 + Intel UHD Graphics', 'Dysk': '1 TB SSD', 'System operacyjny': 'bez systemu'}"
"Laptop Acer Aspire 17 A17-51M 17,3"" i5-1334U 16GB RAM 512 Dysk SSD Win11 Szary",2 499.00 zł,"https://f00.esfr.pl/foto/3/171766580545/d3e9cc23efaf85c4103febe37aa69a83/acer-laptop-acer-aspire-17-i5-16gb-512gb-w11,171766580545_7.webp","{'Ekran': '17,3 "",  1920 x 1080 pikseli 60 Hz', 'Procesor': 'Intel® Core™ i5 13gen 1334U', 'Pamięć': '16 GB  DDR5 RAM', 'Grafika': 'Intel®  Iris Xe Graphics (działający jako Intel® UHD Graphics)', 'Dysk': '512 GB SSD', 'System operacyjny': 'Windows 11 Home Edition'}"
"Laptop Huawei MateBook D 14 2024 14"" i5-12450H 16GB RAM 512GB Dysk SSD Win11 Szary",2 999.00 zł,"https://f00.esfr.pl/foto/6/136503071289/3c6f20c48f19435021f44e7cf600d74e/huawei-laptop-mb-d14-i5-16gb-512gb-w11,136503071289_7.webp","{'Ekran': '14 "",  1920 x 1200 pikseli 60 Hz', 'Procesor': 'Intel® Core™ i5 12gen 12450H', 'Pamięć': '16 GB  LPDDR4X RAM', 'Grafika': 'Intel®  UHD Graphics', 'Dysk': '512 GB SSD', 'System operacyjny': 'Windows 11 Home Edition'}"
"Laptop Lenovo IdeaPad 3 15ALC6 15,6"" R7 5700U 8GB RAM 512GB Dysk SSD Win11 Szary",3 199.00 zł,"https://f00.esfr.pl/foto/3/109264323377/40b8f7e630dee15aa73e9749690f5af0/lenovo-laptop-ip3-r7-8gb-512ssd-w11,109264323377_7.webp","{'Ekran': '15,6 "",  1920 x 1080 pikseli', 'Procesor': 'AMD Ryzen™ 7 5700U', 'Pamięć': '8 GB  DDR4 3200 MHz RAM', 'Grafika': 'AMD  Radeon™ Graphics', 'Dysk': '512 GB SSD', 'System operacyjny': 'Windows 11 Home Edition'}"
"Laptop Lenovo ThinkBook 16 G7 ARP 16"" R7 7735HS 16GB RAM 512GB Dysk SSD Win11 Szary",3 299.00 zł,"https://f00.esfr.pl/foto/5/159426075561/4d27150d99ac8836f916d701ab3a29e2/lenovo-laptop-lenovo-tb-r7-16-16gb-512gb-w11,159426075561_7.webp","{'Ekran': '16 "",  1920 x 1200 pikseli 60 Hz', 'Procesor': 'AMD Ryzen™ 7 7735HS', 'Pamięć': '16 GB  DDR5 4800 Mhz RAM', 'Grafika': 'AMD  Radeon™ 680M', 'Dysk': '512 GB SSD', 'System operacyjny': 'Windows 11 Home Edition'}"
"Laptop gamingowy Lenovo IdeaPad Gaming 3 15ACH6 15,6"" 120Hz R5 5600H 16GB RAM 512GB Dysk SSD RTX3050Ti Win11 Czarny",3 699.00 zł,"https://f00.esfr.pl/foto/6/110444610721/ef844e917d1b75418219aa3b528d3098/lenovo-laptop-g3-r5-16gb-512ssd-3050ti-w11_1,110444610721_7.webp","{'Ekran': '15,6 "",  1920 x 1080 pikseli 120 Hz', 'Procesor': 'AMD Ryzen™ 5 5600H', 'Pamięć': '16 GB  DDR4 3200 MHz RAM', 'Grafika': 'NVIDIA® GeForce RTX™ 3050 Ti + AMD Radeon™  Graphics', 'Dysk': '512 GB SSD', 'System operacyjny': 'Windows 11 Home Edition'}"
"Laptop ASUS Vivobook S 14 OLED S5406SA-PP067W 14"" 120Hz Ultra 5 226V 16GB RAM 512GB Dysk SSD Win11 Niebieski Funkcje AI",4 999.00 zł,"https://f00.esfr.pl/foto/8/154271759361/1967e92511db9ff61c67459ddacf1648/asus-laptop-asus-vb-u5-16gb-512-gb-w11,154271759361_7.webp","{'Ekran': '14 "",  2880 x 1800 pikseli 120 Hz', 'Procesor': 'Intel® Core™ Ultra 5 15gen 226V', 'Pamięć': '16 GB  LPDDR5X RAM', 'Grafika': 'Intel®  Arc Graphics 130V', 'Dysk': '512 GB SSD', 'System operacyjny': 'Windows 11 Home Edition'}"
"Laptop gamingowy Gigabyte Gaming A18 3VHK3EEC94SH 18"" 165Hz R7 260 16GB RAM 1TB Dysk SSD RTX5060 DLSS4 Win11 Czarny Funkcje AI",4 999.00 zł,"https://f00.esfr.pl/foto/8/173811673257/58f79d8e7c81a10dd5e8fb61e5e9bd76/gigabyte-laptop-giga-a18-r7-16gb-1tb-5060-w11,173811673257_7.webp","{'Ekran': '18 "",  2560 x 1600 pikseli 165 Hz', 'Procesor': 'AMD Ryzen™ 7 260', 'Pamięć': '16 GB  DDR5 5600 Mhz RAM', 'Grafika': 'NVIDIA® GeForce RTX 5060 + AMD Radeon™ 780M', 'Dysk': '1 TB SSD', 'System operacyjny': 'Windows 11 Home Edition'}"
"Apple MacBook Pro 2024 16,2"" M4 Pro 24GB RAM 512GB Dysk macOS Srebrny Funkcje AI",12 999.00 zł,"https://f00.esfr.pl/foto/4/152647167017/4122ba7709286462ba76adb39b127891/apple-laptop-mbp-16-m4p-14-20-24-512gb-silver,152647167017_7.webp","{'Ekran': '16,2 "",  3456 x 2234 pikseli 120 Hz', 'Procesor': 'Apple M4 Pro', 'Pamięć': '24 GB  zunifikowana RAM', 'Grafika': 'Apple  M4 Pro (20-rdzeni)', 'Dysk': '512 GB SSD', 'System operacyjny': 'macOS Sequoia lub nowszy'}"
"Laptop 2w1 Acer Spin 3 SP314-55N-52CF 14"" i5-1235U 16GB RAM 512GB Dysk SSD Win11 Srebrny",1 999.00 zł,"https://f00.esfr.pl/foto/5/131046626113/f074608accecfb053273d38d43e00283/acer-laptop-spin-3-14-i5-16gb-512gb-w11,131046626113_7.webp","{'Ekran': '14 "", ekran dotykowy 1920 x 1080 pikseli 60 Hz', 'Procesor': 'Intel® Core™ i5 12gen 1235U', 'Pamięć': '16 GB  LPDDR4X RAM', 'Grafika': 'Intel®  Iris Xe Graphics', 'Dysk': '512 GB SSD', 'System operacyjny': 'Windows 11 Home Edition'}"
"Laptop biznesowy Acer TravelMate P4 16 TMP416-52-TCO 16"" i7-1355U 16GB RAM 512GB Dysk SSD RTX2050 Win11 Pro Czarno-niebieski",2 999.00 zł,"https://f00.esfr.pl/foto/7/151822531713/dd3a02c4dbdc4104c4af1bb039cbb470/acer-laptop-acer-i7-16gb-512gb-2050-w11p,151822531713_7.webp","{'Ekran': '16 "",  1920 x 1200 pikseli 60 Hz', 'Procesor': 'Intel® Core™ i7 13gen 1355U', 'Pamięć': '16 GB  DDR4 RAM', 'Grafika': 'NVIDIA® GeForce RTX 2050 + Intel Iris Xe Graphics', 'Dysk': '512 GB SSD', 'System operacyjny': 'Windows 11 Professional'}"
"Laptop gamingowy Acer Nitro 5 AN517-55-51MQ 17,3"" 144Hz i5-12450H 16GB RAM 512GB Dysk SSD RTX4060 DLSS3 Win11 Czarny",3 699.00 zł,"https://f00.esfr.pl/foto/6/140549316177/bdb060f2c011e64bb5acdec693247d78/acer-laptop-nitro-5-17-i5-16gb-512gb-4060-w11,140549316177_7.webp","{'Ekran': '17,3 "",  1920 x 1080 pikseli 144 Hz', 'Procesor': 'Intel® Core™ i5 12gen 12450H', 'Pamięć': '16 GB  DDR5 4800 Mhz RAM', 'Grafika': 'NVIDIA® GeForce RTX™ 4060 + Intel UHD Graphics', 'Dysk': '512 GB SSD', 'System operacyjny': 'Windows 11 Home Edition'}"
"Laptop gamingowy Lenovo LOQ 15ARP9 15,6"" 144Hz R5 7235HS 24GB RAM 512GB Dysk SSD RTX3050 Win11 Szary Funkcje AI",3 699.00 zł,"https://f00.esfr.pl/foto/3/161702369481/86bb373bbef2c368fbb869506febd609/lenovo-laptop-leno-loq3-r5-24gb-512gb-3050-w11,161702369481_7.webp","{'Ekran': '15,6 "",  1920 x 1080 pikseli 144 Hz', 'Procesor': 'AMD Ryzen™ 5 7235HS', 'Pamięć': '24 GB  DDR5 4800 Mhz RAM', 'Grafika': 'NVIDIA® GeForce RTX™ 3050', 'Dysk': '512 GB SSD', 'System operacyjny': 'Windows 11 Home Edition'}"
"Laptop Lenovo Yoga 7 14IML9 OLED 14"" Ultra 5 125H 16GB RAM 512GB Dysk SSD Win11 + Rysik + Etui Szary Funkcje AI",4 699.00 zł,"https://f00.esfr.pl/foto/5/141875282657/7f208e2f327dab3678b7481b628e027d/lenovo-laptop-yoga-14-i5-16gb-512-gb-w11,141875282657_7.webp","{'Ekran': '14 "", ekran dotykowy 1920 x 1200 pikseli 60 Hz', 'Procesor': 'Intel® Core™ Ultra 5 14gen 125H', 'Pamięć': '16 GB  LPDDR5x 7467 Mhz RAM', 'Grafika': 'Intel®  Arc Graphics', 'Dysk': '512 GB SSD', 'System operacyjny': 'Windows 11 Home Edition'}"
"Laptop Acer Aspire AL15-32P 15,6"" Celeron N4500 8GB RAM 256GB Dysk SSD Srebrny",1 379.00 zł,"https://f00.esfr.pl/foto/7/164159821521/bfcac05efd081a2bf6502e1e217e0b21/acer-laptop-acer-n4500-8gb-256gb-noos-silver,164159821521_7.webp","{'Ekran': '15,6 "",  1920 x 1080 pikseli 60 Hz', 'Procesor': 'Intel® Celeron® N4500', 'Pamięć': '8 GB  LPDDR4X RAM', 'Grafika': 'Intel®  UHD Graphics', 'Dysk': '256 GB SSD', 'System operacyjny': 'bez systemu'}"
"Laptop gamingowy Acer Nitro V 15 ANV15-41-R8DQ 15,6"" 165Hz R5 7535HS 16GB RAM 1TB Dysk SSD RTX4060 DLSS3 Win11 Czarny",3 499.00 zł,"https://f00.esfr.pl/foto/4/154447176793/55ecd265706c76cf5349aa05ea46d870/acer-laptop-nitro-v-r5-16gb-1tb-4060-w11_2,154447176793_7.webp","{'Ekran': '15,6 "",  1920 x 1080 pikseli 165 Hz', 'Procesor': 'AMD Ryzen™ 5 7535HS', 'Pamięć': '16 GB  DDR5 RAM', 'Grafika': 'NVIDIA® GeForce RTX™ 4060 + AMD Radeon™ 660M', 'Dysk': '1 TB SSD', 'System operacyjny': 'Windows 11 Home Edition'}"
"Laptop gamingowy Gigabyte Gaming A16 CMHI2EE894SH 16"" 165Hz i7-13620H 16GB RAM 1TB Dysk SSD RTX4050 DLSS3 Win11 Czarny",3 999.00 zł,"https://f00.esfr.pl/foto/3/169824257121/2e07be5ebaa8c977ed1a3225349573e0/gigabyte-laptop-giga-a16-i7-16gb-1tb-4050-w11,169824257121_7.webp","{'Ekran': '16 "",  1920 x 1200 pikseli 165 Hz', 'Procesor': 'Intel® Core™ i7 13gen 13620H', 'Pamięć': '16 GB  DDR5 5200 Mhz RAM', 'Grafika': 'NVIDIA® GeForce RTX 4050 + Intel UHD Graphics', 'Dysk': '1 TB SSD', 'System operacyjny': 'Windows 11 Home Edition'}"
"Laptop gamingowy Lenovo LOQ 15IAX9 15,6"" 144Hz i5-12450HX 16GB RAM 1TB Dysk SSD RTX4060 Szary Funkcje AI",4 199.00 zł,"https://f00.esfr.pl/foto/9/161702342473/7f637ca27736e09a3a83114e5af3820e/lenovo-laptop-loq-3-i5-16gb-1tb-4060-no-os,161702342473_7.webp","{'Ekran': '15,6 "",  1920 x 1080 pikseli 144 Hz', 'Procesor': 'Intel® Core™ i5 12gen 12450HX', 'Pamięć': '16 GB  DDR5 4800 Mhz RAM', 'Grafika': 'NVIDIA® GeForce RTX™ 4060 + Intel UHD Graphics', 'Dysk': '1 TB SSD', 'System operacyjny': 'bez systemu'}"
"Laptop gamingowy Lenovo Legion Slim 5 16AHP9 16"" 240Hz R7 8845HS 16GB RAM 512GB Dysk SSD RTX4060 DLSS3 Win11 Szary Funkcje AI",5 299.00 zł,"https://f00.esfr.pl/foto/7/153098719369/585af0672d588b16cb5a6871ee53fbb/lenovo-laptop-lenovo-l5-r7-16gb-512gb-4060-w11,153098719369_7.webp","{'Ekran': '16 "",  2560 x 1600 pikseli 240 Hz', 'Procesor': 'AMD Ryzen™ 7 8845HS', 'Pamięć': '16 GB  DDR5 5600 Mhz RAM', 'Grafika': 'NVIDIA® GeForce RTX™ 4060 + AMD Radeon™ 780M', 'Dysk': '512 GB SSD', 'System operacyjny': 'Windows 11 Home Edition'}"
"Laptop ASUS Vivobook S 14 OLED S5406SA-PP041W 14"" 120Hz Ultra 7 258V 32GB RAM 1TB Dysk SSD Win11 Czarny Funkcje AI",6 699.00 zł,"https://f00.esfr.pl/foto/5/157219708185/724f5080432566f1fa801baa79b40526/asus-laptop-vivobook-s14-u7-ai-32gb-1tb-w11,157219708185_7.webp","{'Ekran': '14 "",  2880 x 1800 pikseli 120 Hz', 'Procesor': 'Intel® Core™ Ultra 7 15gen 258V', 'Pamięć': '32 GB  LPDDR5X RAM', 'Grafika': 'Intel®  Arc Graphics 140V', 'Dysk': '1 TB SSD', 'System operacyjny': 'Windows 11 Home Edition'}"
"Laptop Acer Aspire 16 A16-71M-59LY OLED 16"" Ultra 5 115U 32GB RAM 512GB Dysk SSD Win11 Szary Funkcje AI",3 499.00 zł,"https://f00.esfr.pl/foto/8/164290961945/5c901b202a05c0b46b60c7e5de29d1e7/acer-laptop-acer-aspire-u5-16-32gb-512gb-w11,164290961945_7.webp","{'Ekran': '16 "",  2048 x 1280 pikseli 120 Hz', 'Procesor': 'Intel® Core™ Ultra 5 14gen 115U', 'Pamięć': '32 GB  LPDDR5X RAM', 'Grafika': 'Intel®  Graphics', 'Dysk': '512 GB SSD', 'System operacyjny': 'Windows 11 Home Edition'}"
"Laptop gamingowy Acer Nitro V 15 ANV15-51-52X2 15,6"" 144Hz i5-13420H 16GB RAM 1TB Dysk SSD RTX3050 Win11 Czarny",4 399.00 zł,"https://f00.esfr.pl/foto/6/135862035913/2873ae901b4113ae8452ee6b32b6cd04/acer-laptop-nitro-v-5-i5-16gb-1tb-3050-w11,135862035913_7.webp","{'Ekran': '15,6 "",  1920 x 1080 pikseli 144 Hz', 'Procesor': 'Intel® Core™ i5 13gen 13420H', 'Pamięć': '16 GB  DDR5 RAM', 'Grafika': 'NVIDIA® GeForce RTX™ 3050 + Intel UHD Graphics', 'Dysk': '1 TB SSD', 'System operacyjny': 'Windows 11 Home Edition'}"
"Laptop gamingowy Lenovo LOQ 15IRX10 15,6"" 144Hz i5-13450HX 16GB RAM 1TB Dysk SSD RTX5050 DLSS4 Win11 Szary Funkcje AI",5 099.00 zł,"https://f00.esfr.pl/foto/6/181421697193/294671e86b289ba72462897c63630a5c/lenovo-laptop-loq-15-6-i5-16gb-1tb-w11-5050,181421697193_7.webp","{'Ekran': '15,6 "",  1920 x 1080 pikseli 144 Hz', 'Procesor': 'Intel® Core™ i5 13gen 13450HX', 'Pamięć': '16 GB  DDR5 4800 Mhz RAM', 'Grafika': 'NVIDIA® GeForce RTX™ 5050 + Intel UHD Graphics', 'Dysk': '1 TB SSD', 'System operacyjny': 'Windows 11 Home Edition'}"
"Laptop Dell 14 Plus 1425-2853 14"" Ultra 7 258V 32GB RAM 1TB Dysk SSD Win11 Niebieski Funkcje AI",5 999.00 zł,"https://f00.esfr.pl/foto/3/160009272857/1ramen18tjemm/dell-laptop-d14-u7-32gb-1tb-w11,160009272857_7.webp","{'Ekran': '14 "",  2560 x 1600 pikseli 90 Hz', 'Procesor': 'Intel® Core™ Ultra 7 15gen 258V', 'Pamięć': '32 GB  LPDDR5x 8533 Mhz RAM', 'Grafika': 'Intel®  Arc Graphics', 'Dysk': '1 TB SSD', 'System operacyjny': 'Windows 11 Home Edition'}"
"Laptop Lenovo IdeaPad Slim 3 15AMN8 15,6"" R3 7320U 8GB RAM 512GB Dysk SSD Win11 Szary",1 899.00 zł,"https://f00.esfr.pl/foto/8/128745139841/33871f5cd5f7379d2b3c2500cef1e7c3/lenovo-laptop-ip3-r3-8gb-512gb-w11,128745139841_7.webp","{'Ekran': '15,6 "",  1920 x 1080 pikseli 60 Hz', 'Procesor': 'AMD Ryzen™ 3 7320U', 'Pamięć': '8 GB  LPDDR5 5500 Mhz RAM', 'Grafika': 'AMD  Radeon™ 610M', 'Dysk': '512 GB SSD', 'System operacyjny': 'Windows 11 Home Edition'}"
"Laptop biznesowy HP 250 G10 15,6"" i5-1334U 16GB RAM 512GB Dysk SSD Win11 Pro Srebrny",2 169.00 zł,"https://f00.esfr.pl/foto/1/155381759233/1923ca43cb2fd814e6c025ba7aee0359/hp-laptop-hp-i5-1334u-16gb-512gb-w11p,155381759233_7.webp","{'Ekran': '15,6 "",  1920 x 1080 pikseli', 'Procesor': 'Intel® Core™ i5 13gen 1334U', 'Pamięć': '16 GB  DDR4 3200 MHz RAM', 'Grafika': 'Intel®  UHD Graphics', 'Dysk': '512 GB SSD', 'System operacyjny': 'Windows 11 Professional'}"
"Laptop Acer Aspire 16 A16-71M-56FP OLED 16"" Ultra 5 115U 16GB RAM 512GB Dysk SSD Win11 Szary Funkcje AI",2 499.00 zł,"https://f00.esfr.pl/foto/6/164291033769/5c901b202a05c0b46b60c7e5de29d1e7/acer-laptop-acer-aspire-u5-16-16gb-512gb-w11,164291033769_7.webp","{'Ekran': '16 "",  2048 x 1280 pikseli 120 Hz', 'Procesor': 'Intel® Core™ Ultra 5 14gen 115U', 'Pamięć': '16 GB  LPDDR5X RAM', 'Grafika': 'Intel®  Graphics', 'Dysk': '512 GB SSD', 'System operacyjny': 'Windows 11 Home Edition'}"
"Laptop Lenovo IdeaPad Slim 3 16ARP10 16"" R5 7533HS 24GB RAM 1TB Dysk SSD Win11 Szary",2 949.00 zł,"https://f00.esfr.pl/foto/4/164828349497/eed87c8be9d3e343ad1dc44b2a94f0e3/lenovo-laptop-lenovo-ips3-r5-24gb-1tb-w11,164828349497_7.webp","{'Ekran': '16 "",  1920 x 1200 pikseli 60 Hz', 'Procesor': 'AMD Ryzen™ 5 7533HS', 'Pamięć': '24 GB  DDR5 4800 Mhz RAM', 'Grafika': 'AMD  Radeon™ 660M Graphics', 'Dysk': '1 TB SSD', 'System operacyjny': 'Windows 11 Home Edition'}"
"Laptop gamingowy Lenovo Legion 5 15AHP10 OLED 15,1"" 165Hz R7 260 24GB RAM 512GB Dysk SSD RTX5050 DLSS4 Czarny Funkcje AI",4 849.00 zł,"https://f00.esfr.pl/foto/8/176648940825/bb32fb5d90bcb5b1266bf65d5dec0e9/lenovo-laptop-lenovo-l5-r7-24gb-512gb-5050-n-os,176648940825_7.webp","{'Ekran': '15,1 "",  2560 x 1600 pikseli 165 Hz', 'Procesor': 'AMD Ryzen™ 7 260', 'Pamięć': '24 GB  DDR5 4800 Mhz RAM', 'Grafika': 'NVIDIA® GeForce RTX™ 5050 + AMD Radeon™ 780M', 'Dysk': '512 GB SSD', 'System operacyjny': 'bez systemu'}"
"Laptop gamingowy Gigabyte Gaming A16 CWHI3EE894SD 16"" 165Hz i7-13620H 16GB RAM 1TB Dysk SSD RTX5070 DLSS4 Czarny",5 199.00 zł,"https://f00.esfr.pl/foto/6/169044476137/2e07be5ebaa8c977ed1a3225349573e0/gigabyte-laptop-giga-a16-i7-16gb-1tb-5070-dos,169044476137_7.webp","{'Ekran': '16 "",  1920 x 1200 pikseli 165 Hz', 'Procesor': 'Intel® Core™ i7 13gen 13620H', 'Pamięć': '16 GB  DDR5 5200 Mhz RAM', 'Grafika': 'NVIDIA® GeForce RTX 5070 + Intel UHD Graphics', 'Dysk': '1 TB SSD', 'System operacyjny': 'bez systemu'}"
"Laptop gamingowy Gigabyte Gaming A16 CWHI3EE894SH 16"" 165Hz i7-13620H 16GB RAM 1TB Dysk SSD RTX5070 DLSS4 Win11 Czarny",5 499.00 zł,"https://f00.esfr.pl/foto/6/167617516617/2e07be5ebaa8c977ed1a3225349573e0/gigabyte-laptop-giga-a16-i7-16-16gb-1tb-5070-w11,167617516617_7.webp","{'Ekran': '16 "",  1920 x 1200 pikseli 165 Hz', 'Procesor': 'Intel® Core™ i7 13gen 13620H', 'Pamięć': '16 GB  DDR5 5200 Mhz RAM', 'Grafika': 'NVIDIA® GeForce RTX 5070 + Intel UHD Graphics', 'Dysk': '1 TB SSD', 'System operacyjny': 'Windows 11 Home Edition'}"
"Laptop gamingowy Lenovo Legion 5 15ITH6H 15,6"" 165Hz i5-11400H 16GB RAM 512GB Dysk SSD RTX3060 Win11 Czarno-niebieski",6 199.00 zł,"https://f00.esfr.pl/foto/7/101887835161/3cb1aa5652647bfcb35a4cbe4a206839/lenovo-laptop-l5-i5-16gb-512ssd-3060-w11,101887835161_7.webp","{'Ekran': '15,6 "",  1920 x 1080 pikseli 165 Hz', 'Procesor': 'Intel® Core™ i5 11gen 11400H', 'Pamięć': '16 GB  DDR4 3200 MHz RAM', 'Grafika': 'NVIDIA® GeForce RTX™ 3060+ Intel UHD Graphics', 'Dysk': '512 GB SSD', 'System operacyjny': 'Windows 11 Home Edition'}"
"Laptop Acer Extensa 15 EX215-57-TCO 15,6"" i5-1334U 16GB RAM 512GB Dysk SSD Win11 Srebrny",2 399.00 zł,"https://f00.esfr.pl/foto/4/159747367337/ffbda7c86363a5eb6e6a03b9e7788215/acer-laptop-acer-extensa-i5-16gb-512gb-w11,159747367337_7.webp","{'Ekran': '15,6 "",  1920 x 1080 pikseli 60 Hz', 'Procesor': 'Intel® Core™ i5 13gen 1334U', 'Pamięć': '16 GB  DDR4 RAM', 'Grafika': 'Intel®  Iris Xe Graphics (działający jako Intel® UHD Graphics)', 'Dysk': '512 GB SSD', 'System operacyjny': 'Windows 11 Home Edition'}"
"Laptop Acer Extensa 15 EX215-55-51WD 15,6"" i5-1235U 16GB RAM 1TB Dysk SSD Win11 Szary",2 499.00 zł,"https://f00.esfr.pl/foto/1/148535331905/a840a3b86d1ddc623ca852f8f7d6ec30/acer-laptop-extensa-215-i5-16gb-1tb-w11_1,148535331905_7.webp","{'Ekran': '15,6 "",  1920 x 1080 pikseli 60 Hz', 'Procesor': 'Intel® Core™ i5 12gen 1235U', 'Pamięć': '16 GB  DDR4 RAM', 'Grafika': 'Intel®  Iris Xe Graphics', 'Dysk': '1 TB SSD', 'System operacyjny': 'Windows 11 Home Edition'}"
"Laptop gamingowy Dell G15 Ryzen Edition 5515-9281 15,6"" 120Hz R5 5600H 16GB RAM 512GB Dysk SSD RTX3050 Win11 Szary",3 999.00 zł,"https://f00.esfr.pl/foto/7/94563422673/6a72baf1d9dc61930a706a115c80ac34/dell-laptop-5515-r5-16gb-512ssd-3050-w11,94563422673_7.webp","{'Ekran': '15,6 "",  1920 x 1080 pikseli 120 Hz', 'Procesor': 'AMD Ryzen™ 5 5600H', 'Pamięć': '16 GB  DDR4 3200 MHz RAM', 'Grafika': 'NVIDIA® GeForce RTX™ 3050 + AMD Radeon™ Graphics', 'Dysk': '512 GB SSD', 'System operacyjny': 'Windows 11 Home Edition'}"
"Laptop gamingowy HP OMEN 16-am0061nw 16"" 144Hz Ultra 7 255H 24GB RAM 1TB Dysk SSD RTX5060 DLSS4 Win11 Czarny Funkcje AI",6 999.00 zł,"https://f00.esfr.pl/foto/6/184149208585/cf61b0189ed2ec49cab26c6a158982a2/hp-laptop-hp-om-16-u7-24-1tb-5060-w11,184149208585_7.webp","{'Ekran': '16 "",  1920 x 1200 pikseli 144 Hz', 'Procesor': 'Intel® Core™ Ultra 7 15gen 255H', 'Pamięć': '24 GB  DDR5 5600 Mhz RAM', 'Grafika': 'NVIDIA® GeForce RTX™ 5060 + Intel Arc 140T Graphics', 'Dysk': '1 TB SSD', 'System operacyjny': 'Windows 11 Home Edition'}"
"Laptop Acer Swift Go 14 SFG14-63-R19Q OLED 14"" R5 8645HS 16GB RAM 512GB Dysk SSD Win11 Szary Funkcje AI",2 999.00 zł,"https://f00.esfr.pl/foto/8/140262396073/b5e674e8a5a2afc110406ca8ca5ca280/acer-laptop-swift-14-r5-16gb-512gb-w11,140262396073_7.webp","{'Ekran': '14 "",  2880 x 1800 pikseli', 'Procesor': 'AMD Ryzen™ 5 8645HS', 'Pamięć': '16 GB  LPDDR5X RAM', 'Grafika': 'AMD Radeon™ 760M', 'Dysk': '512 GB SSD', 'System operacyjny': 'Windows 11 Home Edition'}"
"Laptop Dell Inspiron 5310-8529 13,3"" i7-11390H 16GB RAM 512GB Dysk SSD Win11 Srebrny",3 999.00 zł,"https://f00.esfr.pl/foto/1/94563461617/9794d03397275dee612c651d6d0032a9/dell-laptop-5310-13-3-i7-16gb-512ssd-w11,94563461617_7.webp","{'Ekran': '13,3 "",  2560 x 1600 pikseli', 'Procesor': 'Intel® Core™ i7 11gen 11390H', 'Pamięć': '16 GB  LPDDR4X 4267 Mhz RAM', 'Grafika': 'Intel®  Iris Xe Graphics', 'Dysk': '512 GB SSD', 'System operacyjny': 'Windows 11 Home Edition'}"
"Laptop gamingowy Lenovo Legion 5 15ITH6 15,6"" 120Hz i5-11400H 16GB RAM 512GB Dysk SSD RTX3050Ti Win11 Czarno-niebieski",4 899.00 zł,"https://f00.esfr.pl/foto/7/105934441769/e0a1e77e51d7144a9c6982f9888eb4e8/lenovo-laptop-l5-i5-16gb-512ssd-3050ti-w11_1,105934441769_7.webp","{'Ekran': '15,6 "",  1920 x 1080 pikseli 120 Hz', 'Procesor': 'Intel® Core™ i5 11gen 11400H', 'Pamięć': '16 GB  DDR4 3200 MHz RAM', 'Grafika': 'NVIDIA® GeForce RTX™ 3050 Ti+ Intel UHD Graphics', 'Dysk': '512 GB SSD', 'System operacyjny': 'Windows 11 Home Edition'}"
"Laptop Dell 16 Plus 1625-2891 16"" Ultra 7 258V 32GB RAM 1TB Dysk SSD Win11 Niebieski Funkcje AI",5 999.00 zł,"https://f00.esfr.pl/foto/2/160009623305/aa206b8fee6b9dba5d6089a0e13b15c5/dell-laptop-d16-u7-32gb-1tb-w11-touch,160009623305_7.webp","{'Ekran': '16 "", ekran dotykowy 1920 x 1200 pikseli 60 Hz', 'Procesor': 'Intel® Core™ Ultra 7 15gen 258V', 'Pamięć': '32 GB  LPDDR5x 8533 Mhz RAM', 'Grafika': 'Intel®  Arc Graphics', 'Dysk': '1 TB SSD', 'System operacyjny': 'Windows 11 Home Edition'}"
"Laptop Lenovo Yoga Slim 7 15ILL9 Aura Edition 15,3"" Ultra 7 256V 16GB RAM 1TB Dysk SSD Win11 Szary Funkcje AI",6 199.00 zł,"https://f00.esfr.pl/foto/8/150941073129/a73d54517959c5a0809814335c091b50/lenovo-laptop-lenovo-yoga-s7-u7-16gb-1tb-w11,150941073129_7.webp","{'Ekran': '15,3"", ekran dotykowy 2880 x 1800 pikseli 120 Hz', 'Procesor': 'Intel® Core™ Ultra 7 14gen 256V', 'Pamięć': '16 GB  LPDDR5x 8533 Mhz RAM', 'Grafika': 'Intel®  Arc™ Graphics 140V', 'Dysk': '1 TB SSD', 'System operacyjny': 'Windows 11 Home Edition'}"
"Laptop gamingowy Lenovo Legion 9 18IAX10 18"" 240Hz Ultra 9 275HX 64GB RAM 2TB Dysk SSD RTX5090 DLSS4 Win11 Pro Czarny Funkcje AI",22 499.00 zł,"https://f00.esfr.pl/foto/2/173301540337/ad0739703581aba0add6b0f04e291651/lenovo-laptop-lenovo-l9-u9-64gb-2tb-5090-w11p,173301540337_7.webp","{'Ekran': '18 "",  3840 x 2400 pikseli 240 Hz', 'Procesor': 'Intel® Core™ Ultra 9 15gen 275HX', 'Pamięć': '64 GB  DDR5 5200 Mhz RAM', 'Grafika': 'NVIDIA® GeForce RTX™ 5090 + Intel Graphics', 'Dysk': '2 TB SSD', 'System operacyjny': 'Windows 11 Professional'}"
"Laptop Huawei MateBook D 15 15,6"" i5-10210U 8GB RAM 512GB Dysk SSD Win10 Srebrny",2 699.00 zł,"https://f00.esfr.pl/foto/6/90297472417/72e935079e5e3b62e70e7226af609aaa/huawei-laptop-mb-d15-i5-8gb-512ssd-w10_1,90297472417_7.webp","{'Ekran': '15,6 "",  1920 x 1080 pikseli', 'Procesor': 'Intel® Core™ i5 10gen 10210U', 'Pamięć': '8 GB  DDR4 RAM', 'Grafika': 'Intel®  UHD Graphics', 'Dysk': '512 GB SSD', 'System operacyjny': 'Windows 10 Home Edition'}"
"Laptop Lenovo IdeaPad Slim 3 16ABR8 16"" R5 7530U 16GB RAM 512GB Dysk SSD Win11 Szary",2 899.00 zł,"https://f00.esfr.pl/foto/2/138656952657/287c3db6b6a3cf0ad3111a3a7875725f/lenovo-laptop-ip3-16-r5-16gb-512gb-w11,138656952657_7.webp","{'Ekran': '16 "",  1920 x 1200 pikseli 60 Hz', 'Procesor': 'AMD Ryzen™ 5 7530U', 'Pamięć': '16 GB  DDR4 3200 MHz RAM', 'Grafika': 'AMD  Radeon™ Graphics', 'Dysk': '512 GB SSD', 'System operacyjny': 'Windows 11 Home Edition'}"
"Laptop Dell Inspiron 5310-8482 13,3"" i5-11320H 16GB RAM 512GB Dysk SSD Win11 Srebrny",2 999.00 zł,"https://f00.esfr.pl/foto/5/94563430289/9794d03397275dee612c651d6d0032a9/dell-laptop-5310-13-3-i5-16gb-512ssd-w11,94563430289_7.webp","{'Ekran': '13,3 "",  2560 x 1600 pikseli', 'Procesor': 'Intel® Core™ i5 11gen 11320H', 'Pamięć': '16 GB  LPDDR4X 4267 Mhz RAM', 'Grafika': 'Intel®  Iris Xe Graphics', 'Dysk': '512 GB SSD', 'System operacyjny': 'Windows 11 Home Edition'}"
"Laptop gamingowy Gigabyte AERO X16 16"" 165Hz Ryzen AI 7 350 16GB RAM 1TB Dysk SSD RTX5050 DLSS4 Win11 Szary Funkcje AI",4 699.00 zł,"https://f00.esfr.pl/foto/7/169044502785/b922bb7fb830c080730835ad78dc589f/gigabyte-laptop-areo-x16-r7ai-16gb-1tb-5050-w11,169044502785_7.webp","{'Ekran': '16 "",  2560 x 1600 pikseli 165 Hz', 'Procesor': 'AMD Ryzen™ AI 7 350', 'Pamięć': '16 GB  DDR5 5600 Mhz RAM', 'Grafika': 'NVIDIA® GeForce RTX 5050 + AMD Radeon™ 860M', 'Dysk': '1 TB SSD', 'System operacyjny': 'Windows 11 Home Edition'}"
"Laptop HP Victus 15-fb3035nw 15,6"" 144Hz R7 260 16GB RAM 512GB Dysk SSD RTX5050 DLSS4 Win11 Czarno-srebrny Funkcje AI",5 299.00 zł,"https://f00.esfr.pl/foto/5/172741846713/72187066ae23668577d412b55c430878/hp-laptop-hp-vic-15-r7-16-512-5050-w11,172741846713_7.webp","{'Ekran': '15,6 "",  1920 x 1080 pikseli 144 Hz', 'Procesor': 'AMD Ryzen™ 7 260', 'Pamięć': '16 GB  DDR5 5600 Mhz RAM', 'Grafika': 'NVIDIA® GeForce GTX™ 5050 + AMD Radeon™ 780M', 'Dysk': '512 GB SSD', 'System operacyjny': 'Windows 11 Home Edition'}"
"Laptop gamingowy Lenovo LOQ 15IRX10 15,6"" 144Hz i7-13650HX 32GB RAM 1TB Dysk SSD RTX5070 DLSS4 Win11 Szary Funkcje AI",7 099.00 zł,"https://f00.esfr.pl/foto/6/183197323841/294671e86b289ba72462897c63630a5c/lenovo-laptop-loq-15-6-i7-32gb-1tb-w11-5050_1,183197323841_7.webp","{'Ekran': '15,6 "",  1920 x 1080 pikseli 144 Hz', 'Procesor': 'Intel® Core™ i7 13gen 13650HX', 'Pamięć': '32 GB  DDR5 4800 Mhz RAM', 'Grafika': 'NVIDIA® GeForce RTX™ 5070 + Intel UHD Graphics', 'Dysk': '1 TB SSD', 'System operacyjny': 'Windows 11 Home Edition'}"
"Laptop ASUS ProArt P16 H7606WV OLED 16"" Ryzen AI 9 HX 370 32GB RAM 1TB Dysk SSD RTX5060 DLSS4 Win11 Pro Czarny Funkcje AI",10 999.00 zł,"https://f00.esfr.pl/foto/4/163024519057/90495018a43744e616309c7e76599be9/asus-proart-p16-h7606wv-oled-16-ryzen-ai-9-hx-370-32gb-ram-1tb-dysk-ssd-rtx4070-dlss3-win11-czarny,163024519057_7.webp","{'Ekran': '16 "", ekran dotykowy 3840 x 2400 pikseli 60 Hz', 'Procesor': 'AMD Ryzen™ AI 9 HX 370', 'Pamięć': '32 GB  LPDDR5X RAM', 'Grafika': 'NVIDIA® GeForce RTX 5060 + AMD Radeon 890M', 'Dysk': '1 TB SSD', 'System operacyjny': 'Windows 11 Professional'}"
"Laptop Lenovo IdeaPad 3 17IAU7 17,3"" i3-1215U 8GB RAM 512GB Dysk SSD Win11 Szary",2 099.00 zł,"https://f00.esfr.pl/foto/6/164828409801/8e182117c0b2080bd90e9a1707ec500b/lenovo-laptop-lenovo-ip3-17-i3-8gb-512gb-w11,164828409801_7.webp","{'Ekran': '17,3 "",  1920 x 1080 pikseli 60 Hz', 'Procesor': 'Intel® Core™ i3 12gen 1215U', 'Pamięć': '8 GB  DDR4 3200 MHz RAM', 'Grafika': 'Intel®  UHD Graphics', 'Dysk': '512 GB SSD', 'System operacyjny': 'Windows 11 Home Edition'}"
"Laptop Dell Inspiron 15 5515-8154 15,6"" R5 5500U 16GB RAM 512GB Dysk SSD Win11 Srebrny",2 499.00 zł,"https://f00.esfr.pl/foto/4/94563441817/ef42db39158aa983df42448d3a35a720/dell-laptop-5515-r5-16gb-512ssd-w11,94563441817_7.webp","{'Ekran': '15,6 "",  1920 x 1080 pikseli', 'Procesor': 'AMD Ryzen™ 5 5500U', 'Pamięć': '16 GB  DDR4 3200 MHz RAM', 'Grafika': 'AMD  Radeon™ Graphics', 'Dysk': '512 GB SSD', 'System operacyjny': 'Windows 11 Home Edition'}"
"Laptop Lenovo IdeaPad Slim 3 16ARP10 16"" R5 7533HS 24GB RAM 512GB Dysk SSD Win11 Szary",2 749.00 zł,"https://f00.esfr.pl/foto/5/165847252465/eed87c8be9d3e343ad1dc44b2a94f0e3/lenovo-laptop-lenovo-ips3-r5-24gb-512gb-w11,165847252465_7.webp","{'Ekran': '16 "",  1920 x 1200 pikseli 60 Hz', 'Procesor': 'AMD Ryzen™ 5 7533HS', 'Pamięć': '24 GB  DDR5 4800 Mhz RAM', 'Grafika': 'AMD  Radeon™ 660M Graphics', 'Dysk': '512 GB SSD', 'System operacyjny': 'Windows 11 Home Edition'}"
"Laptop Dell Latitude 3550 15,6"" i5-1335U 16GB RAM 512GB Dysk SSD Win11 Pro Szary",2 999.00 zł,"https://f00.esfr.pl/foto/4/149305692081/d6a784cd86ec263ee22dc32a8484de66/dell-laptop-dell-i5-1335u-16gb-512gb-w11p_5,149305692081_7.webp","{'Ekran': '15,6 "",  1920 x 1080 pikseli 60 Hz', 'Procesor': 'Intel® Core™ i5 13gen 1335U', 'Pamięć': '16 GB  DDR5 5200 Mhz RAM', 'Grafika': 'Intel®  Iris Xe Graphics', 'Dysk': '512 GB SSD', 'System operacyjny': 'Windows 11 Professional'}"
"Laptop Lenovo ThinkBook 16 G6 IRL 16"" i5-13420H 16GB RAM 512GB Dysk SSD Win11 Pro Szary",3 399.00 zł,"https://f00.esfr.pl/foto/1/149305725937/aa8d8659e3f184e853aa55897740821b/lenovo-laptop-leno-i513420h-16gb-512gb-16-w11p,149305725937_7.webp","{'Ekran': '16 "",  1920 x 1200 pikseli 60 Hz', 'Procesor': 'Intel® Core™ i5 13gen 13420H', 'Pamięć': '16 GB  DDR5 5200 Mhz RAM', 'Grafika': 'Intel®  UHD Graphics', 'Dysk': '512 GB SSD', 'System operacyjny': 'Windows 11 Professional'}"
"Laptop ASUS Vivobook 16 V3607VU-RP038W 16"" 144Hz  Core 5 210H 16GB RAM 512GB Dysk SSD RTX4050 Win11 Czarny Funkcje AI",3 599.00 zł,"https://f00.esfr.pl/foto/5/158146763209/681901542a83959cd0f9e8ee2831e5c7/asus-laptop-asus-vb-i5-16-16gb-512gb-4050-w11,158146763209_7.webp","{'Ekran': '16 "",  1920 x 1200 pikseli 144 Hz', 'Procesor': 'Intel® Core™ 5 210H', 'Pamięć': '16 GB  DDR5 RAM', 'Grafika': 'NVIDIA® GeForce RTX 4050 + Intel Graphics', 'Dysk': '512 GB SSD', 'System operacyjny': 'Windows 11 Home Edition'}"
"Laptop Lenovo IdeaPad Slim 5 16IRH10 OLED 16"" i7-13620H 16GB RAM 512GB Dysk SSD Win11 Szary",4 099.00 zł,"https://f00.esfr.pl/foto/6/181422014345/d5cac014e507aeb79d7b356aef736e83/lenovo-laptop-ips-5-16-i7-16gb-512gb-w11,181422014345_7.webp","{'Ekran': '16 "",  2880 x 1800 pikseli 120 Hz', 'Procesor': 'Intel® Core™ i7 13gen 13620H', 'Pamięć': '16 GB  DDR5 5600 Mhz RAM', 'Grafika': 'Intel®  UHD Graphics', 'Dysk': '512 GB SSD', 'System operacyjny': 'Windows 11 Home Edition'}"
"Laptop Lenovo ThinkBook 16 G6 IRL 16"" i7-13700H 16GB RAM 512GB Dysk SSD Win11 Pro Szary",4 749.00 zł,"https://f00.esfr.pl/foto/9/131773313225/aa8d8659e3f184e853aa55897740821b/lenovo-laptop-leno-i7-13700h-16gb-512gb-16-w11p,131773313225_7.webp","{'Ekran': '16 "",  1920 x 1200 pikseli 60 Hz', 'Procesor': 'Intel® Core™ i7 13gen 13700H', 'Pamięć': '16 GB  DDR5 5200 Mhz RAM', 'Grafika': 'Intel®  UHD Graphics', 'Dysk': '512 GB SSD', 'System operacyjny': 'Windows 11 Professional'}"
"Laptop Acer TravelMate P2 TMP215-55-TCO 15,6"" Core 5 120U 16GB RAM 512GB Dysk SSD Srebrny Funkcje AI",1 999.00 zł,"https://f00.esfr.pl/foto/1/180723230889/61327b46820ebf1f2b3c4b2730e17a4/acer-laptop-acer-tm-p2-i5-16gb-512gb-dos,180723230889_7.webp","{'Ekran': '15,6 "",  1920 x 1080 pikseli 60 Hz', 'Procesor': 'Intel® Core™ 5 14gen 120U', 'Pamięć': '16 GB  DDR5 5200 Mhz RAM', 'Grafika': 'Intel®  Graphics', 'Dysk': '512 GB SSD', 'System operacyjny': 'bez systemu'}"
"Laptop Dell Inspiron 15 3511-8321 15,6"" i5-1135G7 8GB RAM 512GB Dysk SSD Win11 Czarny",1 999.00 zł,"https://f00.esfr.pl/foto/6/94563421657/d1e5b8167e8ea36ee99a440f25c855d2/dell-laptop-3511-i5-8gb-512ssd-w11,94563421657_7.webp","{'Ekran': '15,6 "",  1920 x 1080 pikseli', 'Procesor': 'Intel® Core™ i5 11gen 1135G7', 'Pamięć': '8 GB  DDR4 3200 MHz RAM', 'Grafika': 'Intel®  UHD Graphics', 'Dysk': '512 GB SSD', 'System operacyjny': 'Windows 11 Home Edition'}"
"Laptop Lenovo IdeaPad Slim 3 16ARP10 16"" R5 7533HS 16GB RAM 1TB Dysk SSD Win11 Szary",2 799.00 zł,"https://f00.esfr.pl/foto/7/165847268977/eed87c8be9d3e343ad1dc44b2a94f0e3/lenovo-laptop-lenovo-ips3-r5-16gb-1tb-w11,165847268977_7.webp","{'Ekran': '16 "",  1920 x 1200 pikseli 60 Hz', 'Procesor': 'AMD Ryzen™ 5 7533HS', 'Pamięć': '16 GB  DDR5 4800 Mhz RAM', 'Grafika': 'AMD  Radeon™ 660M Graphics', 'Dysk': '1 TB SSD', 'System operacyjny': 'Windows 11 Home Edition'}"
"Laptop biznesowy Lenovo V15 G4 IRU 15,6"" i5-13420H 16GB RAM 512GB Dysk SSD Win11 Pro Czarny",2 829.00 zł,"https://f00.esfr.pl/foto/8/133344054937/8f4fdce0bc7aeba0fb45ea57a4d7b099/lenovo-laptop-len-i5-13420h-16gb-512gb-w11p,133344054937_7.webp","{'Ekran': '15,6 "",  1920 x 1080 pikseli 60 Hz', 'Procesor': 'Intel® Core™ i5 13gen 13420H', 'Pamięć': '16 GB  DDR4 3200 MHz RAM', 'Grafika': 'Intel®  UHD Graphics', 'Dysk': '512 GB SSD', 'System operacyjny': 'Windows 11 Professional'}"
"Laptop gamingowy MSI Thin 15 B13VE-3091XPL 15,6"" 144Hz i5-13420H 16GB RAM 512GB Dysk SSD RTX4050 DLSS3 Szary",3 699.00 zł,"https://f00.esfr.pl/foto/7/184827909177/c8d09f5c67a29d5464ce01d0413bddf/msi-laptop-msi-thin-15-i5-16-512-4050-nos,184827909177_7.webp","{'Ekran': '15,6 "",  1920 x 1080 pikseli 144 Hz', 'Procesor': 'Intel® Core™ i5 13gen 13420H', 'Pamięć': '16 GB  DDR4 3200 MHz RAM', 'Grafika': 'NVIDIA® GeForce RTX™ 4050 + Intel UHD Graphics', 'Dysk': '512 GB SSD', 'System operacyjny': 'bez systemu'}"
"Laptop gamingowy Lenovo LOQ 15IAX9 15,6"" 144Hz i5-12450HX 16GB RAM 512GB Dysk SSD RTX3050 Szary",3 799.00 zł,"https://f00.esfr.pl/foto/4/148859484281/7f637ca27736e09a3a83114e5af3820e/lenovo-laptop-loq-i5-16gb-512gb-3050-no-os,148859484281_7.webp","{'Ekran': '15,6 "",  1920 x 1080 pikseli 144 Hz', 'Procesor': 'Intel® Core™ i5 12gen 12450HX', 'Pamięć': '16 GB  DDR5 4800 Mhz RAM', 'Grafika': 'NVIDIA® GeForce RTX™ 3050 + Intel UHD Graphics', 'Dysk': '512 GB SSD', 'System operacyjny': 'bez systemu'}"
"Laptop biznesowy ASUS ExpertBook B3 B3605CVA-MB0862X 16"" Core 5 120U 16GB RAM 1TB Dysk SSD Win11 Pro Szary",3 999.00 zł,"https://f00.esfr.pl/foto/5/184605873417/aa1157daea8dbbd6f7cf2e53200a7bc8/asus-laptop-asus-intel-5-120u-16-1tb-16-w11p,184605873417_7.webp","{'Ekran': '16 "",  1920 x 1200 pikseli 60 Hz', 'Procesor': 'Intel® Core™ 5 14gen 120U', 'Pamięć': '16 GB  DDR5 RAM', 'Grafika': 'Intel®  Graphics', 'Dysk': '1 TB SSD', 'System operacyjny': 'Windows 11 Professional'}"
"Laptop 2w1 Lenovo Yoga 7 2-in-1 14AKP10 OLED 14"" Ryzen AI 5 340 16GB RAM 1TB Dysk SSD Win11 Zielony Funkcje AI",4 699.00 zł,"https://f00.esfr.pl/foto/7/165847215945/c955e7d5d3e5d3fbc441c6d1408f22e5/lenovo-laptop-lenovo-yoga-7-r5-a-16gb-512gb-w11,165847215945_7.webp","{'Ekran': '14 "", ekran dotykowy 1920 x 1200 pikseli 60 Hz', 'Procesor': 'AMD Ryzen™ AI 5 340', 'Pamięć': '16 GB  LPDDR5x 7500 Mhz RAM', 'Grafika': 'AMD  Radeon™ 840M Graphics', 'Dysk': '1 TB SSD', 'System operacyjny': 'Windows 11 Home Edition'}"
"Laptop Lenovo Yoga Book 9 14IAH10 OLED 2x 14"" Ultra 7 255H 32GB RAM 1TB Dysk SSD Win11 Pro Srebrno-niebieski Funkcje AI",10 999.00 zł,"https://f00.esfr.pl/foto/2/167445734817/50c8cfab3f628c9669e4cb8ac3927324/lenovo-yoga-book-9-14iah10-oled-2x-14-ultra-7-255h-32gb-ram-512gb-dysk-ssd-win11-srebrno-niebieski,167445734817_7.webp","{'Ekran': '14 "", ekran dotykowy 2880 x 1800 pikseli 120 Hz', 'Procesor': 'Intel® Core™ Ultra 7 14gen 255H', 'Pamięć': '32 GB  LPDDR5x 8400 Mhz RAM', 'Grafika': 'Intel®  Arc™ 140T', 'Dysk': '1 TB SSD', 'System operacyjny': 'Windows 11 Professional'}"
"Laptop Lenovo IdeaPad 3 17IAU7 17,3"" i5-1235U 8GB RAM 512GB Dysk SSD Win11 Szary",2 599.00 zł,"https://f00.esfr.pl/foto/1/173301606681/8e182117c0b2080bd90e9a1707ec500b/lenovo-laptop-lenovo-ip3-17-i5-8gb-512gb-w11,173301606681_7.webp","{'Ekran': '17,3 "",  1920 x 1080 pikseli 60 Hz', 'Procesor': 'Intel® Core™ i5 12gen 1235U', 'Pamięć': '8 GB  DDR4 3200 MHz RAM', 'Grafika': 'Intel®  Iris Xe Graphics (działający jako Intel® UHD Graphics)', 'Dysk': '512 GB SSD', 'System operacyjny': 'Windows 11 Home Edition'}"
"Laptop ASUS Vivobook 16 X1605VA-SH2128 16"" i5-13420H 16GB RAM 512GB Dysk SSD Czarny",2 799.00 zł,"https://f00.esfr.pl/foto/8/187305377089/546251188cdfdf52dcec7d8c522ebdc8/asus-laptop-asus-vb-16-i5-16-512-nos,187305377089_7.webp","{'Ekran': '16 "",  1920 x 1200 pikseli 60 Hz', 'Procesor': 'Intel® Core™ i5 13gen 13420H', 'Pamięć': '16 GB  DDR4 RAM', 'Grafika': 'Intel®  UHD Graphics', 'Dysk': '512 GB SSD', 'System operacyjny': 'bez systemu'}"
"Laptop biznesowy HP ProBook 450 G10 15,6"" i5-1334U 16GB RAM 512GB Dysk SSD Win11 Srebrny",2 799.00 zł,"https://f00.esfr.pl/foto/5/157219705769/4b143a4a1fc7d4be850c446a7519a665/hp-laptop-pb-450-g10-15-6-i5-16-512gb-w11,157219705769_7.webp","{'Ekran': '15,6 "",  1920 x 1080 pikseli 60 Hz', 'Procesor': 'Intel® Core™ i5 13gen 1334U', 'Pamięć': '16 GB  DDR4 3200 MHz RAM', 'Grafika': 'Intel®  Iris Xe Graphics (działający jako Intel UHD Graphics)', 'Dysk': '512 GB SSD', 'System operacyjny': 'Windows 11 Home Edition'}"
"Laptop ultrabook MSI Modern 14 H D13MG-095PL 14"" i5-13420H 16GB RAM 512GB Dysk SSD Win11 Czarny",2 999.00 zł,"https://f00.esfr.pl/foto/8/150110063737/beea098b19a7b51eed427bafff96b47/msi-laptop-h-d13mg-14-i5-16-512gb-w11,150110063737_7.webp","{'Ekran': '14 "",  1920 x 1200 pikseli 60 Hz', 'Procesor': 'Intel® Core™ i5 13gen 13420H', 'Pamięć': '16 GB  DDR4 3200 MHz RAM', 'Grafika': 'Intel®  UHD Graphics', 'Dysk': '512 GB SSD', 'System operacyjny': 'Windows 11 Home Edition'}"
"Laptop gamingowy Lenovo LOQ 15IAX9E 15,6"" 144Hz i5-12450HX 16GB RAM 512GB Dysk SSD RTX2050 Win11 Szary",3 199.00 zł,"https://f00.esfr.pl/foto/6/162489016017/2582ee0e72b32f5e7da4ad836441365e/lenovo-laptop-leno-loq-i5-16gb-512gb-2050-w11,162489016017_7.webp","{'Ekran': '15,6 "",  1920 x 1080 pikseli 144 Hz', 'Procesor': 'Intel® Core™ i5 12gen 12450HX', 'Pamięć': '16 GB  DDR5 4800 Mhz RAM', 'Grafika': 'NVIDIA® GeForce RTX™ 2050 + Intel UHD Graphics', 'Dysk': '512 GB SSD', 'System operacyjny': 'Windows 11 Home Edition'}"
"Laptop biznesowy Dell Inspiron 14 5440-7425 14"" Core 5 120U 16GB RAM 1TB Dysk SSD Win11 Pro Szaro-niebieski Funkcje AI",3 499.00 zł,"https://f00.esfr.pl/foto/3/147484653185/f960372cb24b6144789d836588a39aea/dell-laptop-inspiron-14-i5-16gb-1tb-w11p,147484653185_7.webp","{'Ekran': '14 "",  1920 x 1200 pikseli 60 Hz', 'Procesor': 'Intel® Core™ 5 14gen 120U', 'Pamięć': '16 GB  DDR5 5200 Mhz RAM', 'Grafika': 'Intel®  Graphics', 'Dysk': '1 TB SSD', 'System operacyjny': 'Windows 11 Professional'}"
"Laptop Lenovo Yoga Slim 6 14IRH8 OLED 14"" i5-13500H 16GB RAM 512GB Dysk SSD Win11 Szary",4 199.00 zł,"https://f00.esfr.pl/foto/8/140212817057/98eb98d41b3a834e5249ea66a7309dc5/lenovo-laptop-yoga-6-14-i5-16gb-512gb-w11,140212817057_7.webp","{'Ekran': '14 "",  1920 x 1200 pikseli 60 Hz', 'Procesor': 'Intel® Core™ i5 13gen 13500H', 'Pamięć': '16 GB  LPDDR5x 5200 Mhz RAM', 'Grafika': 'Intel®  Iris Xe Graphics', 'Dysk': '512 GB SSD', 'System operacyjny': 'Windows 11 Home Edition'}"
"Apple MacBook Air 2024 13,6"" M3 24GB RAM 512GB Dysk macOS Gwiezdna Szarość",5 499.00 zł,"https://f00.esfr.pl/foto/2/152946064417/5ed62292cd7566644f6cf6f4c7905583/apple-laptop-mba-13-m3-8-10-24gb-512gb-sg,152946064417_7.webp","{'Ekran': '13,6 "",  2560 x 1664 pikseli', 'Procesor': 'Apple M3', 'Pamięć': '24 GB  zunifikowana RAM', 'Grafika': 'Apple  M3 (10-rdzeni)', 'Dysk': '512 GB SSD', 'System operacyjny': 'macOS Sonoma lub nowszy'}"
"Laptop ASUS ZenBook Duo UX8406CA-PZ067X OLED 14"" 120Hz Ultra 7 255H 32GB RAM 1TB Dysk SSD Win11 Pro Szary Funkcje AI",7 999.00 zł,"https://f00.esfr.pl/foto/7/158146615601/1c199d74d36af7b28c0d45edcbd27b60/asus-laptop-asus-zb-duo-u7-32gb-1tb-w11p,158146615601_7.webp","{'Ekran': '14 "", ekran dotykowy 2880 x 1800 pikseli 120 Hz', 'Procesor': 'Intel® Core™ Ultra 7 15gen 255H', 'Pamięć': '32 GB  LPDDR5X RAM', 'Grafika': 'Intel®  Arc 140T', 'Dysk': '1 TB SSD', 'System operacyjny': 'Windows 11 Professional'}"
"Laptop Lenovo Yoga Slim 9 14ILL10 OLED 14"" Ultra 7 258V 32GB RAM 1TB Dysk SSD Win11 Zielony Funkcje AI",8 999.00 zł,"https://f00.esfr.pl/foto/6/165847314321/73b74c9817dfb02b21a411522a9d1e92/lenovo-laptop-lenovo-yoga-s9-u7-32gb-1tb-w11,165847314321_7.webp","{'Ekran': '14 "", ekran dotykowy 3840 x 2400 pikseli 120 Hz', 'Procesor': 'Intel® Core™ Ultra 7 15gen 258V', 'Pamięć': '32 GB  LPDDR5x 8533 Mhz RAM', 'Grafika': 'Intel®  Arc™ 140V Graphics', 'Dysk': '1 TB SSD', 'System operacyjny': 'Windows 11 Home Edition'}"
"Laptop Acer Chromebook Plus 515 CBE595-2-TCO-510B 15,6"" i5-1334U 16GB RAM 512GB Dysk SSD ChromeOS Szary Funkcje AI",1 999.00 zł,"https://f00.esfr.pl/foto/5/159966468769/1c46cddf86cb9cfcbf68aba297be598f/acer-laptop-acer-chromebook-i5-16-512gb,159966468769_7.webp","{'Ekran': '15,6 "",  1920 x 1080 pikseli 60 Hz', 'Procesor': 'Intel® Core™ i5 13gen 1334U', 'Pamięć': '16 GB  LPDDR5X RAM', 'Grafika': 'Intel®  Iris Xe Graphics', 'Dysk': '512 GB SSD', 'System operacyjny': 'Chrome OS'}"
"Laptop Acer Aspire Lite 16 AL16-52P 16"" i5-1334U 16GB RAM 512GB Dysk SSD Win11 Srebrny",2 399.00 zł,"https://f00.esfr.pl/foto/1/162489049497/3cca49809250f28c4283a3f3edc012ec/acer-laptop-aspire-lite-i5-16-16gb-512gb-w11,162489049497_7.webp","{'Ekran': '16 "",  1920 x 1200 pikseli 60 Hz', 'Procesor': 'Intel® Core™ i5 13gen 1334U', 'Pamięć': '16 GB  DDR5 4800 Mhz RAM', 'Grafika': 'Intel®  Iris Xe Graphics (działający jako Intel® UHD Graphics)', 'Dysk': '512 GB SSD', 'System operacyjny': 'Windows 11 Home Edition'}"
"Laptop biznesowy Dell Vostro 3530 15,6"" i5-1334U 16GB RAM 512GB Dysk SSD Win11 Pro Czarny",2 459.00 zł,"https://f00.esfr.pl/foto/2/155337905401/bc73dcc52d58311ca3f83128be2964c9/dell-laptop-dell-i5-1334u-16gb-512gb-w11p,155337905401_7.webp","{'Ekran': '15,6 "",  1920 x 1080 pikseli 120 Hz', 'Procesor': 'Intel® Core™ i5 13gen 1334U', 'Pamięć': '16 GB  DDR4 2666 MHz RAM', 'Grafika': 'Intel®  Iris Xe Graphics', 'Dysk': '512 GB SSD', 'System operacyjny': 'Windows 11 Professional'}"
"Laptop Dell Inspiron 3520-4261 15,6"" 120Hz i5-1235U 16GB RAM 512GB Dysk SSD Win11",2 999.00 zł,"https://f00.esfr.pl/foto/1/120043539665/a6caa41212c999d50e2e9ab243b34650/dell-laptop-3520-i5-16gb-512ssd-w11,120043539665_7.webp","{'Ekran': '15,6 "",  1920 x 1080 pikseli 120 Hz', 'Procesor': 'Intel® Core™ i5 12gen 1235U', 'Pamięć': '16 GB  DDR4 2666 MHz RAM', 'Grafika': 'Intel®  Iris Xe Graphics', 'Dysk': '512 GB SSD', 'System operacyjny': 'Windows 11 Home Edition'}"
"Laptop gamingowy MSI Thin 15 B12UC-1621XPL 15,6"" 144Hz i5-12450H 16GB RAM 512GB Dysk SSD RTX3050 Szary",3 149.00 zł,"https://f00.esfr.pl/foto/3/150110021993/c21c1a0624c357f35cc68e420dd91708/msi-laptop-b12uc-15-i5-16-512gb-3050-nos,150110021993_7.webp","{'Ekran': '15,6 "",  1920 x 1080 pikseli 144 Hz', 'Procesor': 'Intel® Core™ i5 12gen 12450H', 'Pamięć': '16 GB  DDR4 3200 MHz RAM', 'Grafika': 'NVIDIA® GeForce RTX™ 3050 + Intel UHD Graphics', 'Dysk': '512 GB SSD', 'System operacyjny': 'bez systemu'}"
"Laptop HP 15-fd1217nw 15,6"" Ultra 7 155H 16GB RAM 512GB Dysk SSD Win11 Srebrny Funkcje AI",3 499.00 zł,"https://f00.esfr.pl/foto/1/172741843913/a155728192d291b5fda4b94a64a29d59/hp-laptop-hp-15-u7-16-512gb-w11,172741843913_7.webp","{'Ekran': '15,6 "",  1920 x 1080 pikseli', 'Procesor': 'Intel® Core™ Ultra 7 14gen 155H', 'Pamięć': '16 GB  DDR5 5600 Mhz RAM', 'Grafika': 'Intel®  Arc™ Graphics', 'Dysk': '512 GB SSD', 'System operacyjny': 'Windows 11 Home Edition'}"
"Laptop Huawei MateBook D 16 16"" i5-12450H 16GB RAM 512GB Dysk SSD Win11 Szary",3 999.00 zł,"https://f00.esfr.pl/foto/6/106639676897/fc8f5dbc5e29885e134f675352b6d2e2/huawei-laptop-d16-i5-16gb-512ssd-w11,106639676897_7.webp","{'Ekran': '16 "",  1920 x 1200 pikseli', 'Procesor': 'Intel® Core™ i5 12gen 12450H', 'Pamięć': '16 GB  LPDDR4X RAM', 'Grafika': 'Intel®  UHD Graphics', 'Dysk': '512 GB SSD', 'System operacyjny': 'Windows 11 Home Edition'}"
"Laptop gamingowy Lenovo IdeaPad Gaming 3 15ACH6 15,6"" 120Hz R5 5600H 16GB RAM 512GB Dysk SSD RTX3050Ti Czarny",4 199.00 zł,"https://f00.esfr.pl/foto/8/109617685457/5a070a540a364ce3506adb6f0979ad77/lenovo-laptop-g3-r5-16gb-512ssd-3050ti-no-os_1,109617685457_7.webp","{'Ekran': '15,6 "",  1920 x 1080 pikseli 120 Hz', 'Procesor': 'AMD Ryzen™ 5 5600H', 'Pamięć': '16 GB  DDR4 3200 MHz RAM', 'Grafika': 'NVIDIA® GeForce RTX™ 3050 Ti + AMD Radeon™  Graphics', 'Dysk': '512 GB SSD', 'System operacyjny': 'bez systemu'}"
"Laptop ultrabook realme Book Prime 14"" i5-11320H 16GB RAM 512GB Dysk SSD Win11 Szary",4 699.00 zł,"https://f00.esfr.pl/foto/1/100832893961/ee00887ff375b13bdff486cb4430b82a/realme-laptop-realme-book-14-i5-16gb-512ssd-w11_1,100832893961_7.webp","{'Ekran': '14 "",  2160 x 1440 pikseli 60 Hz', 'Procesor': 'Intel® Core™ i5 11gen 11320H', 'Pamięć': '16 GB  LPDDR4X RAM', 'Grafika': 'Intel®  Iris Xe Graphics', 'Dysk': '512 GB SSD', 'System operacyjny': 'Windows 11 Home Edition'}"
"Laptop gamingowy MSI Katana 17 B13VFK-841XPL 17,3"" 144Hz i7-13620H 16GB RAM 1TB Dysk SSD RTX4060 DLSS3 Czarny",4 899.00 zł,"https://f00.esfr.pl/foto/9/150110061401/c89190f001bf8531ff74362e8e3c0a6c/msi-laptop-b13vfk-17-i7-16gb-1tb-4060-nos,150110061401_7.webp","{'Ekran': '17,3 "",  1920 x 1080 pikseli 144 Hz', 'Procesor': 'Intel® Core™ i7 13gen 13620H', 'Pamięć': '16 GB  DDR5 5200 Mhz RAM', 'Grafika': 'NVIDIA® GeForce RTX™ 4060 + Intel UHD Graphics', 'Dysk': '1 TB SSD', 'System operacyjny': 'bez systemu'}"
"Laptop Huawei MateBook 16s 16"" i7-12700H 16GB RAM 1TB Dysk SSD Win11 Szary",4 999.00 zł,"https://f00.esfr.pl/foto/1/106639694161/e81c7e73d318633acd646eaada44cb71/huawei-laptop-16s-i7-16gb-1tbssd-w11,106639694161_7.webp","{'Ekran': '16 "",  2520 x 1680 pikseli', 'Procesor': 'Intel® Core™ i7 12gen 12700H', 'Pamięć': '16 GB  LPDDR5 RAM', 'Grafika': 'Intel®  Iris Xe Graphics', 'Dysk': '1 TB SSD', 'System operacyjny': 'Windows 11 Home Edition'}"
"Laptop gamingowy Lenovo Legion 5 15IAH7H 15,6"" 165Hz i5-12500H 16GB RAM 512GB Dysk SSD RTX3060 Szary",4 999.00 zł,"https://f00.esfr.pl/foto/9/134418595065/70220cb8f93f82cae5ce62ff2d8bc5f2/lenovo-laptop-l5-i5-16gb-512gb-3060-no-os_1,134418595065_7.webp","{'Ekran': '15,6 "",  2560 x 1440 pikseli 165 Hz', 'Procesor': 'Intel® Core™ i5 12gen 12500H', 'Pamięć': '16 GB  DDR5 4800 Mhz RAM', 'Grafika': 'NVIDIA® GeForce RTX™ 3060 + Intel Iris Xe Graphics', 'Dysk': '512 GB SSD', 'System operacyjny': 'bez systemu'}"
"Laptop gamingowy Lenovo LOQ 15IAX9 15,6"" 144Hz i5-12450HX 16GB RAM 512GB Dysk SSD RTX4060 Szary Funkcje AI",5 149.00 zł,"https://f00.esfr.pl/foto/9/161702285465/7f637ca27736e09a3a83114e5af3820e/lenovo-laptop-loq-3-i5-16gb-512gb-4060-no-os,161702285465_7.webp","{'Ekran': '15,6 "",  1920 x 1080 pikseli 144 Hz', 'Procesor': 'Intel® Core™ i5 12gen 12450HX', 'Pamięć': '16 GB  DDR5 4800 Mhz RAM', 'Grafika': 'NVIDIA® GeForce RTX™ 4060 + Intel UHD Graphics', 'Dysk': '512 GB SSD', 'System operacyjny': 'bez systemu'}"
"Laptop ultrabook Dell XPS 13 9320-3936 13,4"" i7-1260P 16GB RAM 1TB Dysk SSD Win11 Platynowy",5 999.00 zł,"https://f00.esfr.pl/foto/9/120043501969/c980b807c917f0f6dec1b06fdce54c40/dell-laptop-xps-13-i7-16gb-1tbssd-w11,120043501969_7.webp","{'Ekran': '13,4 "",  1920 x 1200 pikseli 60 Hz', 'Procesor': 'Intel® Core™ i7 1260P', 'Pamięć': '16 GB  LPDDR5 5200 Mhz RAM', 'Grafika': 'Intel®  Iris Xe Graphics', 'Dysk': '1 TB SSD', 'System operacyjny': 'Windows 11 Home Edition'}"
"Laptop 2w1 Microsoft Surface Pro Copilot+ PC 13"" Snapdragon X Plus 16GB RAM 256GB Dysk SSD Win11 Platynowy + Surface Pro Keyboard Funkcje",5 999.00 zł,"https://f00.esfr.pl/foto/6/153328361041/d6b156998ea8995ceb6cc7324a680eb1/microsoft-laptop-surface-pro-13-c10-16-256gb-klaw,153328361041_7.webp","{'Ekran': '13 "", ekran dotykowy 2880 x 1920 pikseli 120 Hz', 'Procesor': 'Qualcomm® Snapdragon® X Plus', 'Pamięć': '16 GB  LPDDR5X RAM', 'Grafika': 'Qualcomm®  Adreno™ Graphics', 'Dysk': '256 GB SSD', 'System operacyjny': 'Windows 11 Home Edition'}"
"Laptop gamingowy HP OMEN 16-ap0021nw 16"" 240Hz R9 8940HX 32GB RAM 1TB Dysk SSD RTX5060 DLSS4 Win11 Czarny",7 499.00 zł,"https://f00.esfr.pl/foto/3/184148903193/ce443f440cbdcd17c34897c1d96e7877/hp-laptop-hp-om-16-r9-32-1tb-5060-w11,184148903193_7.webp","{'Ekran': '16 "",  2560 x 1600 pikseli 240 Hz', 'Procesor': 'AMD Ryzen™ 9 8940HX', 'Pamięć': '32 GB  DDR5 5200 Mhz RAM', 'Grafika': 'NVIDIA® GeForce RTX™ 5060 + AMD Radeon™ 610M', 'Dysk': '1 TB SSD', 'System operacyjny': 'Windows 11 Home Edition'}"
"Laptop gamingowy Lenovo Legion 5 16IRX9 16"" 240Hz i7-14650HX 32GB RAM 512GB Dysk SSD RTX4070 DLSS3 Win11 Szary",8 599.00 zł,"https://f00.esfr.pl/foto/7/148859732145/d86370475719b5f2ee6d377aa94f7edc/lenovo-laptop-l5-i7-32gb-512gb-4070-w11,148859732145_7.webp","{'Ekran': '16 "",  2560 x 1600 pikseli 240 Hz', 'Procesor': 'Intel® Core™ i7 14gen 14650HX', 'Pamięć': '32 GB  DDR5 4800 Mhz RAM', 'Grafika': 'NVIDIA® GeForce RTX™ 4070 + Intel UHD Graphics', 'Dysk': '512 GB SSD', 'System operacyjny': 'Windows 11 Home Edition'}"
"Laptop Lenovo IdeaPad Slim 3 15ARP10 15,3"" R5 7533HS 16GB RAM 512GB Dysk SSD Szary Funkcje AI",2 099.00 zł,"https://f00.esfr.pl/foto/1/183197218073/61906abd6780ce0c5ced942d8074f21c/lenovo-laptop-ips-15-3-r5-16gb-512gb-nos,183197218073_7.webp","{'Ekran': '15,3"",  1920 x 1200 pikseli 60 Hz', 'Procesor': 'AMD Ryzen™ 5 7533HS', 'Pamięć': '16 GB  DDR5 4800 Mhz RAM', 'Grafika': 'AMD  Radeon™ 660M Graphics', 'Dysk': '512 GB SSD', 'System operacyjny': 'bez systemu'}"
"Laptop ASUS X515JA-BQ3331W 15,6"" i5-1035G1 8GB RAM 256GB Dysk SSD Win11 Szary",2 399.00 zł,"https://f00.esfr.pl/foto/8/114321212193/3ec722dc5962dbb3cfe4fa555069ba9/asus-laptop-x515-i5-8gb-256ssd-w11_3,114321212193_7.webp","{'Ekran': '15,6 "",  1920 x 1080 pikseli', 'Procesor': 'Intel® Core™ i5 10gen 1035G1', 'Pamięć': '8 GB  DDR4 RAM', 'Grafika': 'Intel®  UHD Graphics', 'Dysk': '256 GB SSD', 'System operacyjny': 'Windows 11 Home Edition'}"
"Laptop Acer TravelMate P2 15 TMP215-55-TCO 15,6"" i5-1334U 16GB RAM 512GB Dysk SSD Win11 Pro Srebrny",2 499.00 zł,"https://f00.esfr.pl/foto/4/158492100649/8e9d0a2585b4097033b155a37e5a89c7/acer-laptop-acer-travel-i5-16gb-512gb-w11p,158492100649_7.webp","{'Ekran': '15,6 "",  1920 x 1080 pikseli 60 Hz', 'Procesor': 'Intel® Core™ i5 13gen 1334U', 'Pamięć': '16 GB  DDR5 RAM', 'Grafika': 'Intel®  UHD Graphics', 'Dysk': '512 GB SSD', 'System operacyjny': 'Windows 11 Professional'}"
"Laptop Dell Inspiron 3525-6518 15,6"" 120Hz R5 5625U 16GB RAM 512GB Dysk SSD Win11 Czarny",2 499.00 zł,"https://f00.esfr.pl/foto/4/100781816745/f977c64e441580462ef28d2a3794a788/dell-laptop-3525-r5-16gb-512ssd-w11,100781816745_7.webp","{'Ekran': '15,6 "",  1920 x 1080 pikseli 120 Hz', 'Procesor': 'AMD Ryzen™ 5 5625U', 'Pamięć': '16 GB  DDR4 3200 MHz RAM', 'Grafika': 'AMD  Radeon™ Graphics', 'Dysk': '512 GB SSD', 'System operacyjny': 'Windows 11 Home Edition'}"
"Laptop chromebook Acer Chromebook Plus 514 Google AI laptop CB514-3H-R36J 14"" R5 7520C 8GB RAM 512GB Dysk SSD ChromeOS Szary Funkcje AI",2 519.00 zł,"https://f00.esfr.pl/foto/1/149828174569/cf8a571be37408ecebc3093b86c90141/acer-laptop-acer-r57520c-8gb-512gb-14-chrom,149828174569_7.webp","{'Ekran': '14 "",  1920 x 1200 pikseli 60 Hz', 'Procesor': 'AMD Ryzen™ 5 7520C', 'Pamięć': '8 GB  LPDDR5X RAM', 'Grafika': 'AMD  Radeon™ 610M', 'Dysk': '512 GB SSD', 'System operacyjny': 'Chrome OS'}"
"Laptop Lenovo IdeaPad 5 14ARE05 14"" R5 4500U 16GB RAM 512GB Dysk Szary",2 799.00 zł,"https://f00.esfr.pl/foto/1/70643977769/663340a63944ab1ef11ad57d8f57be45/lenovo-laptop-ip5-14-r5-16gb-512ssd-no-os,70643977769_7.webp","{'Ekran': '14 "",  1920 x 1080 pikseli 60 Hz', 'Procesor': 'AMD Ryzen™ 5 4500U', 'Pamięć': '16 GB  DDR4 3200 MHz RAM', 'Grafika': 'AMD  Radeon™ Graphics', 'Dysk': '512 GB SSD', 'System operacyjny': 'bez systemu'}"
"Laptop ASUS Vivobook S14 S3407CA-LY035W 14"" Ultra 5 225H 16GB RAM 512GB Dysk SSD Win11 Srebrny Funkcje AI",3 499.00 zł,"https://f00.esfr.pl/foto/2/162043313129/8da63a8fb2f846674d5235d95d82b1e4/asus-laptop-vivobook-s-14-u5-16-512gb-w11,162043313129_7.webp","{'Ekran': '14 "",  1920 x 1200 pikseli 60 Hz', 'Procesor': 'Intel® Core™ Ultra 5 15gen 225H', 'Pamięć': '16 GB  DDR5 RAM', 'Grafika': 'Intel®  Arc™ Graphics (działający jako Intel® Graphics)', 'Dysk': '512 GB SSD', 'System operacyjny': 'Windows 11 Home Edition'}"
"Laptop ultrabook Dell Inspiron 14 5420-5552 14"" i7-1255U 16GB RAM 512GB Dysk SSD Win11 Srebrny",3 499.00 zł,"https://f00.esfr.pl/foto/7/112373135561/e98f905f93b954094652a4fb7a42b14a/dell-laptop-5420-14-i7-16gb-512ssd-w11,112373135561_7.webp","{'Ekran': '14 "",  1920 x 1200 pikseli 60 Hz', 'Procesor': 'Intel® Core™ i7 12gen 1255U', 'Pamięć': '16 GB  DDR4 3200 MHz RAM', 'Grafika': 'Intel®  Iris Xe Graphics', 'Dysk': '512 GB SSD', 'System operacyjny': 'Windows 11 Home Edition'}"
"Laptop MSI Bravo 15 B5DD-051PL 15,6"" 144Hz R5 5600H 8GB RAM 512GB Dysk SSD RX5500M Win10 Czarny",4 499.00 zł,"https://f00.esfr.pl/foto/2/92742099681/a29922b90d24e6fbfe8077c148373fb2/msi-laptop-bravo15-r5-16gb-512ssd-rx5500-w10,92742099681_7.webp","{'Ekran': '15,6 "",  1920 x 1080 pikseli 144 Hz', 'Procesor': 'AMD Ryzen™ 5 5600H', 'Pamięć': '8 GB  DDR4 3200 MHz RAM', 'Grafika': 'AMD Radeon™ RX 5500M + AMD Radeon™ Graphics', 'Dysk': '512 GB SSD', 'System operacyjny': 'Windows 10 Home Edition'}"
"Laptop gamingowy Lenovo Legion 5 15ACH6 15,6"" 165Hz R5 5600H 16GB RAM 512GB Dysk SSD RTX3050Ti Win11 Czarno-niebieski",5 099.00 zł,"https://f00.esfr.pl/foto/8/115796579273/c1e473bf1773dde4680fe0dce008086d/lenovo-laptop-l5-r5-16gb-512ssd-3050ti-w11,115796579273_7.webp","{'Ekran': '15,6 "",  1920 x 1080 pikseli 165 Hz', 'Procesor': 'AMD Ryzen™ 5 5600H', 'Pamięć': '16 GB  DDR4 3200 MHz RAM', 'Grafika': 'NVIDIA® GeForce RTX™ 3050 Ti + AMD Radeon™  Graphics', 'Dysk': '512 GB SSD', 'System operacyjny': 'Windows 11 Home Edition'}"
"Laptop 2w1 Microsoft Surface Laptop 5 15"" i7-1255U 8GB RAM 256GB Dysk SSD Win11 Platynowy metaliczny",5 989.00 zł,"https://f00.esfr.pl/foto/1/114380273145/2df110c3d36371b630757b995e21f4d5/microsoft-laptop-surface-lap-5-i7-8gb-256ssd-w11,114380273145_7.webp","{'Ekran': '15 "", ekran dotykowy 2496 x 1664 pikseli', 'Procesor': 'Intel® Core™ i7 12gen 1255U', 'Pamięć': '8 GB  LPDDR5X RAM', 'Grafika': 'Intel®  Iris Xe Graphics', 'Dysk': '256 GB SSD', 'System operacyjny': 'Windows 11 Home Edition'}"
"Laptop Lenovo Yoga Slim 7x OLED 14,5"" Snapdragon X Elite X1E-78-100 16GB RAM 512GB Dysk SSD Win11 Niebieski Funkcje AI",6 199.00 zł,"https://f00.esfr.pl/foto/5/143440150697/5a495b6e48899d2c95688b494ffe7df6/lenovo-laptop-yoga-s7-14-oled-x1e-16-512gb-w11,143440150697_7.webp","{'Ekran': '14,5 "", ekran dotykowy 2944 x 1840 pikseli 90 Hz', 'Procesor': 'Qualcomm® Snapdragon® X Elite X1E-78-100', 'Pamięć': '16 GB  LPDDR5x 8448 Mhz RAM', 'Grafika': 'Qualcomm®  Adreno™ Graphics', 'Dysk': '512 GB SSD', 'System operacyjny': 'Windows 11 Home Edition'}"
"Laptop ASUS Zenbook A14 UX3407QA-QD307W OLED 14"" Snapdragon X X1-26 -100 32GB RAM 512GB Dysk SSD Win11 Beżowy Funkcje AI",6 599.00 zł,"https://f00.esfr.pl/foto/6/162043197657/7315e9d519b9609256f3452caf32a146/asus-laptop-zenbook-a-14-x1-32-512gb-w11,162043197657_7.webp","{'Ekran': '14 "",  1920 x 1200 pikseli 60 Hz', 'Procesor': 'Qualcomm® Snapdragon® X X1-26 -100', 'Pamięć': '32 GB  LPDDR5X RAM', 'Grafika': 'Qualcomm®  Adreno™ Graphics', 'Dysk': '512 GB SSD', 'System operacyjny': 'Windows 11 Home Edition'}"
"Laptop gamingowy Lenovo Legion 5 15ACH6H 15,6"" 165Hz R7 5800H 16GB RAM 512GB Dysk SSD RTX3060 Win11 Czarno-niebieski",6 599.00 zł,"https://f00.esfr.pl/foto/4/103954976745/ffcc720715baa88cb79b9c21f6495d69/lenovo-laptop-l5-r7-5800-16gb512ssd-rtx3060-w11,103954976745_7.webp","{'Ekran': '15,6 "",  1920 x 1080 pikseli 165 Hz', 'Procesor': 'AMD Ryzen™ 7 5800H', 'Pamięć': '16 GB  DDR4 3200 MHz RAM', 'Grafika': 'NVIDIA® GeForce RTX™ 3060 + AMD Radeon™  Graphics', 'Dysk': '512 GB SSD', 'System operacyjny': 'Windows 11 Home Edition'}"
"Laptop Acer Extensa 15 215-57 15,6"" i3-1315U 8GB RAM 512GB Dysk SSD Srebrny",1 539.00 zł,"https://f00.esfr.pl/foto/1/183280663745/6d750363fd086ad32892c28e4e7581bd/acer-laptop-acer-i31315u-8gb-256gb-15-6-noos_1,183280663745_7.webp","{'Ekran': '15,6 "",  1920 x 1080 pikseli 60 Hz', 'Procesor': 'Intel® Core™ i3 13gen 1315U', 'Pamięć': '8 GB  DDR5 4800 Mhz RAM', 'Grafika': 'Intel®  UHD Graphics', 'Dysk': '512 GB SSD', 'System operacyjny': 'bez systemu'}"
"Laptop Lenovo IdeaPad Slim 3 15ABR8 15,6"" R5 7530U 8GB RAM 512GB Dysk SSD Win11 Szary",1 899.00 zł,"https://f00.esfr.pl/foto/6/132229190033/21944f19307c3af4d4628afdbe9d6520/lenovo-laptop-ip3s-r5-8gb-512gb-w11,132229190033_7.webp","{'Ekran': '15,6 "",  1920 x 1080 pikseli 60 Hz', 'Procesor': 'AMD Ryzen™ 5 7530U', 'Pamięć': '8 GB  DDR4 3200 MHz RAM', 'Grafika': 'AMD  Radeon™ Graphics', 'Dysk': '512 GB SSD', 'System operacyjny': 'Windows 11 Home Edition'}"
"Laptop Acer Aspire 15 A15-51M-561U 15,6"" Core 5 120U 16GB RAM 512GB Dysk SSD Win11 Szary",2 399.00 zł,"https://f00.esfr.pl/foto/2/140262296625/30e4f93a173131ba43cc9c31d13bcc42/acer-laptop-aspire-5-u5-16gb-512gb-w11,140262296625_7.webp","{'Ekran': '15,6 "",  1920 x 1080 pikseli 60 Hz', 'Procesor': 'Intel® Core™ 5 120U', 'Pamięć': '16 GB  LPDDR5 RAM', 'Grafika': 'Intel®  Graphics', 'Dysk': '512 GB SSD', 'System operacyjny': 'Windows 11 Home Edition'}"
"Laptop NTT Book B15IP NBC-B15IP-H03 15,6"" i5-1235U 16GB RAM 1TB Dysk SSD Win11 Czarny",2 599.00 zł,"https://f00.esfr.pl/foto/5/144300554449/d97595d74cce09f749c5df292108e66d/ntt-laptop-ntt-book-b15ip-i5-16gb-1tb-w11,144300554449_7.webp","{'Ekran': '15,6 "",  1920 x 1080 pikseli 60 Hz', 'Procesor': 'Intel® Core™ i5 12gen 1235U', 'Pamięć': '16 GB  DDR4 3200 MHz RAM', 'Grafika': 'Intel®  Iris Xe Graphics (działający jako Intel® UHD Graphics)', 'Dysk': '1 TB SSD', 'System operacyjny': 'Windows 11 Home Edition'}"
"Laptop Dell Inspiron 5635-9935 16"" R7 7730U 16GB RAM 512GB Dysk SSD Win11 Srebrny",2 999.00 zł,"https://f00.esfr.pl/foto/6/135805900945/e9a03c317092a4b4e7cd5c11d4c34a19/dell-inspiron-5635-9935-16-r7-7730u-16gb-ram-512gb-dysk-ssd-win11,135805900945_7.webp","{'Ekran': '16 "",  1920 x 1200 pikseli 60 Hz', 'Procesor': 'AMD Ryzen™ 7 7730U', 'Pamięć': '16 GB  LPDDR4x 4266 MHz RAM', 'Grafika': 'AMD  Radeon™ Graphics', 'Dysk': '512 GB SSD', 'System operacyjny': 'Windows 11 Home Edition'}"
"Laptop biznesowy ASUS ExpertBook B1 B1402CVA-EB0112X 14"" i5-1335U 8GB RAM 512GB Dysk SSD Win11 Pro Czarny",3 199.00 zł,"https://f00.esfr.pl/foto/2/152465933633/e4c6119f36128169f15a1654c8273732/asus-laptop-asus-14-i5-8gb-512gb-w11p,152465933633_7.webp","{'Ekran': '14 "",  1920 x 1080 pikseli 60 Hz', 'Procesor': 'Intel® Core™ i5 13gen 1335U', 'Pamięć': '8 GB  DDR4 RAM', 'Grafika': 'Intel®  UHD Graphics', 'Dysk': '512 GB SSD', 'System operacyjny': 'Windows 11 Professional'}"
"Laptop MSI Modern 15 H AI C1MOG-210PL 15,6"" Ultra 5 125H 16GB RAM 512GB Dysk SSD Win11 Czarny Funkcje AI",3 207.36 zł,"https://f00.esfr.pl/foto/1/162880434825/7dfa0522654f410e2d621482a4b3dbbe/msi-laptop-modern-15-h-ai-u5-16-512gb-w11_1,162880434825_7.webp","{'Ekran': '15,6 "",  1920 x 1080 pikseli 60 Hz', 'Procesor': 'Intel® Core™ Ultra 5 14gen 125H', 'Pamięć': '16 GB  DDR5 5600 Mhz RAM', 'Grafika': 'Intel®  Arc™ Graphics', 'Dysk': '512 GB SSD', 'System operacyjny': 'Windows 11 Home Edition'}"
"Laptop gamingowy MSI Katana 17 B12UCRK-1055XPL 17,3"" 144Hz i5-12450H 16GB RAM 512GB Dysk SSD RTX3050 Czarny",3 299.00 zł,"https://f00.esfr.pl/foto/7/142666244049/7c03b84cdd9910ebf4040cda7a4e0990/msi-laptop-katana-17-i5-16-512gb-3050-no-os,142666244049_7.webp","{'Ekran': '17,3 "",  1920 x 1080 pikseli 144 Hz', 'Procesor': 'Intel® Core™ i5 12gen 12450H', 'Pamięć': '16 GB  DDR5 4800 Mhz RAM', 'Grafika': 'NVIDIA® GeForce RTX™ 3050 + Intel UHD Graphics', 'Dysk': '512 GB SSD', 'System operacyjny': 'bez systemu'}"
"Laptop Lenovo IdeaPad 5 15ALC05 15,6"" R7 5700U 16GB RAM 512GB Dysk SSD Win11 Szary",3 499.00 zł,"https://f00.esfr.pl/foto/7/120484845817/ca87eef10bc15ec28f568b8b1f7af7c1/lenovo-laptop-ip5-r7-16gb-512ssd-w11_1,120484845817_7.webp","{'Ekran': '15,6 "",  1920 x 1080 pikseli 60 Hz', 'Procesor': 'AMD Ryzen™ 7 5700U', 'Pamięć': '16 GB  DDR4 3200 MHz RAM', 'Grafika': 'AMD  Radeon™ Graphics', 'Dysk': '512 GB SSD', 'System operacyjny': 'Windows 11 Home Edition'}"
"Laptop Huawei MateBook 14 14"" R5 4600H 8GB RAM 512GB Dysk SSD Win10 Szary",3 799.00 zł,"https://f00.esfr.pl/foto/4/88590249873/25ec85c04a4c053bc1c284e49a935169/huawei-laptop-mb14-r5-8gb-512ssd-w10,88590249873_7.webp","{'Ekran': '14 "",  2160 x 1440 pikseli', 'Procesor': 'AMD Ryzen™ 5 4600H', 'Pamięć': '8 GB  DDR4 RAM', 'Grafika': 'AMD  Radeon™ Graphics', 'Dysk': '512 GB SSD', 'System operacyjny': 'Windows 10 Home Edition'}"
"Laptop Huawei MateBook D 16 2024 16"" i5-13420H 16GB RAM 1TB Dysk SSD Win11 Szary",3 989.00 zł,"https://f00.esfr.pl/foto/9/136503079713/ab0eea4d559f62e2c6defb3aecf4e8d9/huawei-laptop-mb-d16-i5-16gb-1tb-w11,136503079713_7.webp","{'Ekran': '16 "",  1920 x 1200 pikseli 60 Hz', 'Procesor': 'Intel® Core™ i5 13gen 13420H', 'Pamięć': '16 GB  LPDDR4X RAM', 'Grafika': 'Intel®  UHD Graphics', 'Dysk': '1 TB SSD', 'System operacyjny': 'Windows 11 Home Edition'}"
"Laptop gamingowy Gigabyte G6X 9KG 2024 9KG-43EE854SD 16"" 165Hz i7-13650HX 16GB RAM 1TB Dysk SSD RTX4060 DLSS3 Szary",3 999.00 zł,"https://f00.esfr.pl/foto/2/139246787345/86720b24c6bd9b00ebd4469ff5224243/gigabyte-laptop-g6x-i7-16gb-1tb-4060-no-os,139246787345_7.webp","{'Ekran': '16 "",  1920 x 1200 pikseli 165 Hz', 'Procesor': 'Intel® Core™ i7 13gen 13650HX', 'Pamięć': '16 GB  DDR5 4800 Mhz RAM', 'Grafika': 'NVIDIA® GeForce RTX 4060 + Intel UHD Graphics', 'Dysk': '1 TB SSD', 'System operacyjny': 'bez systemu'}"
"Laptop Huawei MateBook D 16 16,1"" R5 4600H 16GB RAM 512GB Dysk SSD Win10 Szary",4 199.00 zł,"https://f00.esfr.pl/foto/2/89244987313/d4ccc1c6f690b0d04c5f4924373136ea/huawei-laptop-d16-r5-16gb-512ssd-w10,89244987313_7.webp","{'Ekran': '16,1 "",  1920 x 1080 pikseli', 'Procesor': 'AMD Ryzen™ 5 4600H', 'Pamięć': '16 GB  DDR4 RAM', 'Grafika': 'AMD  Radeon™ Graphics', 'Dysk': '512 GB SSD', 'System operacyjny': 'Windows 10 Home Edition'}"
"Laptop gamingowy Lenovo IdeaPad Gaming 3 15IHU6 15,6"" 120Hz i5-11300H 16GB RAM 512GB Dysk SSD RTX3050 Win11 Czarny",4 199.00 zł,"https://f00.esfr.pl/foto/5/109617713857/2b46d5c579eaa977b46e3cfe0aa9b18a/lenovo-laptop-g3-i5-16gb-512ssd-3050-w11,109617713857_7.webp","{'Ekran': '15,6 "",  1920 x 1080 pikseli 120 Hz', 'Procesor': 'Intel® Core™ i5 11gen 11300H', 'Pamięć': '16 GB  DDR4 3200 MHz RAM', 'Grafika': 'NVIDIA® GeForce RTX™ 3050 + Intel Iris Xe Graphics', 'Dysk': '512 GB SSD', 'System operacyjny': 'Windows 11 Home Edition'}"
"Laptop Lenovo IdeaPad 5 Pro 16ACH6 16"" R5 5600H 16GB RAM 512GB Dysk SSD Win11 Szary",4 349.00 zł,"https://f00.esfr.pl/foto/4/109316605265/ea81fe8fd11b08e99d8cbcbfd9e8a5e6/lenovo-laptop-ip5-pro-16-r5-16gb-512ssd-w11_1,109316605265_7.webp","{'Ekran': '16 "",  2560 x 1600 pikseli 60 Hz', 'Procesor': 'AMD Ryzen™ 5 5600H', 'Pamięć': '16 GB  DDR4 3200 MHz RAM', 'Grafika': 'AMD  Radeon™ Graphics', 'Dysk': '512 GB SSD', 'System operacyjny': 'Windows 11 Home Edition'}"
"Laptop biznesowy Dell Latitude 3440 14"" Core i5-1345U 16GB RAM 512GB Dysk SSD Win11 Pro Szary",4 499.00 zł,"https://f00.esfr.pl/foto/9/126162901321/42b6772b70eeac66e7bab1b5c2dcb159/dell-latitude-3440-14-core-i5-1345u-16gb-ram-512gb-dysk-win11-pro,126162901321_7.webp","{'Ekran': '14 "",  1920 x 1080 pikseli', 'Procesor': 'Intel® Core™ i5 13gen 1345U', 'Pamięć': '16 GB  DDR4 3200 MHz RAM', 'Grafika': 'Intel®  Iris Xe Graphics', 'Dysk': '512 GB SSD', 'System operacyjny': 'Windows 11 Professional'}"
"Laptop biznesowy Lenovo ThinkBook 14 G8 IRL 14"" Core 5 210H 16GB RAM 512GB Dysk SSD Win11 Pro Szary Funkcje AI",4 499.00 zł,"https://f00.esfr.pl/foto/3/164161357017/7a10669245812259a21b83c2d2b833e8/lenovo-laptop-len-5-210h-16gb-512gb-14-w11p,164161357017_7.webp","{'Ekran': '14 "",  1920 x 1200 pikseli 60 Hz', 'Procesor': 'Intel® Core™ 5 15gen 210H', 'Pamięć': '16 GB  DDR5 5600 Mhz RAM', 'Grafika': 'Intel®  Graphics', 'Dysk': '512 GB SSD', 'System operacyjny': 'Windows 11 Professional'}"
"Laptop 2w1 HP Envy x360 16-ac0013nw OLED 16"" 120Hz Ultra 5 125U 16GB RAM 512GB Dysk SSD Win11 Srebrny Funkcje AI",5 399.00 zł,"https://f00.esfr.pl/foto/3/157790844017/528c4253cc3d7b9679d31a12dd7a8080/hp-laptop-envy-ac13-16-u5-16-512gb-w11,157790844017_7.webp","{'Ekran': '16 "", ekran dotykowy 2880 x 1800 pikseli 120 Hz', 'Procesor': 'Intel® Core™ Ultra 5 14gen 125U', 'Pamięć': '16 GB  LPDDR5 6400 Mhz RAM', 'Grafika': 'Intel®  Graphics', 'Dysk': '512 GB SSD', 'System operacyjny': 'Windows 11 Home Edition'}"
"Laptop Lenovo IdeaPad 5 Pro 16ACH6 16"" 120Hz R7 5800H 16GB RAM 1TB Dysk SSD GTX1650 Win11 Szary",5 499.00 zł,"https://f00.esfr.pl/foto/2/99378462633/ea81fe8fd11b08e99d8cbcbfd9e8a5e6/lenovo-laptop-ip5-pro-16-r7-16gb-1tbsd-1650-w11,99378462633_7.webp","{'Ekran': '16 "",  2560 x 1600 pikseli 120 Hz', 'Procesor': 'AMD Ryzen™ 7 5800H', 'Pamięć': '16 GB  DDR4 3200 MHz RAM', 'Grafika': 'NVIDIA® GeForce GTX 1650 + AMD Radeon™ Graphics', 'Dysk': '1 TB SSD', 'System operacyjny': 'Windows 11 Home Edition'}"
"Laptop biznesowy Dell Latitude 5530 15,6"" i5-1235U 8GB RAM 256GB Dysk SSD Win11 Pro Szary",5 799.00 zł,"https://f00.esfr.pl/foto/4/122573707937/aeb56fb107db15458c1096635862cbc6/dell-laptop-dell-i5-1235u-8gb-256gb-w11p,122573707937_7.webp","{'Ekran': '15,6 "",  1920 x 1080 pikseli', 'Procesor': 'Intel® Core™ i5 12gen 1235U', 'Pamięć': '8 GB  DDR4 3200 MHz RAM', 'Grafika': 'Intel®  UHD Graphics', 'Dysk': '256 GB SSD', 'System operacyjny': 'Windows 11 Professional'}"
"Laptop biznesowy Lenovo ThinkPad L16 Gen 1 16"" Ultra 5 125U 16GB RAM 512GB Dysk SSD Win11 Pro Czarny Funkcje AI",6 149.00 zł,"https://f00.esfr.pl/foto/7/145618778593/8d1c97fa4dca44f82d24c82553247adb/lenovo-laptop-len-ultra-5-125u-16-512gb-16-w11p,145618778593_7.webp","{'Ekran': '16 "",  1920 x 1200 pikseli', 'Procesor': 'Intel® Core™ Ultra 5 14gen 125U', 'Pamięć': '16 GB  DDR5 5600 Mhz RAM', 'Grafika': 'Intel®  Graphics', 'Dysk': '512 GB SSD', 'System operacyjny': 'Windows 11 Professional'}"
"Laptop MSI Prestige 14 A10SC-215PL 14"" i5-10210U 16GB RAM 512GB Dysk SSD GTX1650 Max-Q Win10 Szary",6 249.00 zł,"https://f00.esfr.pl/foto/3/65621403401/acbb52cf682584160a3165e02c466f44/msi-laptop-p14-i5-16gb-512ssd-gtx1650-w10,65621403401_7.webp","{'Ekran': '14 "",  1920 x 1080 pikseli 60 Hz', 'Procesor': 'Intel® Core™ i5 10gen 10210U', 'Pamięć': '16 GB  LPDDR3 RAM', 'Grafika': 'NVIDIA® GeForce GTX™ 1650 Max-Q + Intel UHD Graphics', 'Dysk': '512 GB SSD', 'System operacyjny': 'Windows 10 Home Edition'}"
"Laptop biznesowy Lenovo ThinkPad T14 Gen 6 14"" Ultra 5 225U 16GB RAM 512GB Dysk SSD Win11 Pro Czarny Funkcje AI",7 149.00 zł,"https://f00.esfr.pl/foto/1/172660944241/a438c031e07ba9fab5d6c9271ac53725/lenovo-laptop-lenovo-ultra5-225u-16-512-14-w11p,172660944241_7.webp","{'Ekran': '14 "",  1920 x 1200 pikseli 60 Hz', 'Procesor': 'Intel® Core™ Ultra 5 15gen 225U', 'Pamięć': '16 GB  DDR5 5600 Mhz RAM', 'Grafika': 'Intel®  Graphics', 'Dysk': '512 GB SSD', 'System operacyjny': 'Windows 11 Professional'}"
"Laptop gamingowy Lenovo Legion 5 15IRX10 OLED 15,1"" 165Hz i7-13650HX 32GB RAM 512GB Dysk SSD RTX5070 DLSS4 Win11 Czarny Funkcje AI",7 299.00 zł,"https://f00.esfr.pl/foto/5/179829077953/5e83f44c03067d258815058a441d6b1a/lenovo-laptop-l5-15-1-i7-32gb-512gb-w11,179829077953_7.webp","{'Ekran': '15,1 "",  2560 x 1600 pikseli 165 Hz', 'Procesor': 'Intel® Core™ i7 13gen 13650HX', 'Pamięć': '32 GB  DDR5 4800 Mhz RAM', 'Grafika': 'NVIDIA® GeForce RTX™ 5070 + Intel UHD Graphics', 'Dysk': '512 GB SSD', 'System operacyjny': 'Windows 11 Home Edition'}"
"Laptop Huawei MateBook 14s 14,2"" i7-11370H 16GB RAM 1TB Dysk SSD Win10 Szary",7 699.00 zł,"https://f00.esfr.pl/foto/6/91732927769/1f90f5c4137b91189d0542d4811661d9/huawei-laptop-mate-14s-i7-16gb-1tbssd-14-w10,91732927769_7.webp","{'Ekran': '14,2 "", ekran dotykowy 2520 x 1680 pikseli 90 Hz', 'Procesor': 'Intel® Core™ i7 11gen 11370H', 'Pamięć': '16 GB  LPDDR4X RAM', 'Grafika': 'Intel®  Iris Xe Graphics', 'Dysk': '1 TB SSD', 'System operacyjny': 'Windows 10 Home Edition'}"
"Laptop 2w1 Dell XPS 13 9315-9225 13,4"" i7-1250U 16GB RAM 512GB Dysk SSD Win11 Pro Niebieski",8 849.00 zł,"https://f00.esfr.pl/foto/8/112373009321/da689e0daa186925e704a34825e71f20/dell-laptop-9315-13-4-i7-16gb-512ssd-w11p_1,112373009321_7.webp","{'Ekran': '13,4 "", ekran dotykowy 3840 x 2400 pikseli 60 Hz', 'Procesor': 'Intel® Core™ i7 12gen 1250U', 'Pamięć': '16 GB  LPDDR5 5200 Mhz RAM', 'Grafika': 'Intel®  Iris Xe Graphics', 'Dysk': '512 GB', 'System operacyjny': 'Windows 11 Professional'}"
"Laptop Lenovo ThinkPad T14s Gen 6 14"" Snapdragon X Elite X1E-78-100 32GB RAM 1TB Dysk SSD Win11 Pro Czarny Funkcje AI",10 499.00 zł,"https://f00.esfr.pl/foto/1/150516413497/7db23da1ae4ac69879593a8f32e1fac5/lenovo-laptop-len-x1e-78-100-32gb-1tb-14-w11p_1,150516413497_7.webp","{'Ekran': '14 "",  1920 x 1200 pikseli 60 Hz', 'Procesor': 'Qualcomm® Snapdragon™ X Elite X1E-78-100', 'Pamięć': '32 GB  LPDDR5x 8448 Mhz RAM', 'Grafika': 'Qualcomm®  Adreno™', 'Dysk': '1 TB SSD', 'System operacyjny': 'Windows 11 Professional'}"
"Laptop gamingowy MSI Stealth 18 HX AI A2XWJG-033PL 18"" 120Hz Ultra 9 275HX 64GB RAM 2TB Dysk SSD RTX5090 DLSS4 Win11 Pro Czarny Funkcje AI",21 599.00 zł,"https://f00.esfr.pl/foto/9/159341286969/ca966b81f5c180a19177882667f94fed/msi-laptop-stealth-hx-18-u9-64-2tb-5090-w11,159341286969_7.webp","{'Ekran': '18 "",  3840 x 2400 pikseli 120 Hz', 'Procesor': 'Intel® Core™ Ultra 9 15gen 275HX', 'Pamięć': '64 GB  DDR5 6400 Mhz RAM', 'Grafika': 'NVIDIA® GeForce RTX™ 5090 + Intel Graphics', 'Dysk': '2 TB SSD', 'System operacyjny': 'Windows 11 Professional'}"
"Laptop Lenovo IdeaPad 3 15ALC6 15,6"" R5 5500U 8GB RAM 512GB Dysk SSD Win11 Szary",2 599.00 zł,"https://f00.esfr.pl/foto/3/109673527153/40b8f7e630dee15aa73e9749690f5af0/lenovo-laptop-ip3-r5-8gb-512ssd-w11,109673527153_7.webp","{'Ekran': '15,6 "",  1920 x 1080 pikseli', 'Procesor': 'AMD Ryzen™ 5 5500U', 'Pamięć': '8 GB  DDR4 3200 MHz RAM', 'Grafika': 'AMD  Radeon™ Graphics', 'Dysk': '512 GB SSD', 'System operacyjny': 'Windows 11 Home Edition'}"
"Laptop HP Pavilion 15-eh3412nw 15,6"" R5 7530U 16GB RAM 512GB Dysk SSD Win11 Srebrny",2 799.00 zł,"https://f00.esfr.pl/foto/1/144300572473/9318ad54b56201eee8e02bdd94db34b4/hp-laptop-pavilion-r5-7530-16gb-512ssd-w11,144300572473_7.webp","{'Ekran': '15,6 "",  1920 x 1080 pikseli 60 Hz', 'Procesor': 'AMD Ryzen™ 5 7530U', 'Pamięć': '16 GB  DDR4 3200 MHz RAM', 'Grafika': 'AMD  Radeon™ Graphics', 'Dysk': '512 GB SSD', 'System operacyjny': 'Windows 11 Home Edition'}"
"Laptop Lenovo IdeaPad 3 15ALC6 15,6"" R5 5500U 16GB RAM 512GB Dysk SSD Win11 Szary",2 799.00 zł,"https://f00.esfr.pl/foto/3/112373043297/40b8f7e630dee15aa73e9749690f5af0/lenovo-laptop-ip3-r5-16gb-512ssd-w11_1,112373043297_7.webp","{'Ekran': '15,6 "",  1920 x 1080 pikseli', 'Procesor': 'AMD Ryzen™ 5 5500U', 'Pamięć': '16 GB  DDR4 3200 MHz RAM', 'Grafika': 'AMD  Radeon™ Graphics', 'Dysk': '512 GB SSD', 'System operacyjny': 'Windows 11 Home Edition'}"
"Laptop ASUS Vivobook 16 M1605YA-MB160W 16"" R7 7730U 16GB RAM 512GB Dysk SSD Win11 Czarny Funkcje AI",2 899.00 zł,"https://f00.esfr.pl/foto/9/172164082193/5d87669c057bc5fad19dc95a9f9c0c1b/asus-vivobook-16-m1605ya-mb160w-16-r7-7730u-16gb-ram-512gb-dysk-ssd-win11-czarny,172164082193_7.webp","{'Ekran': '16 "",  1920 x 1200 pikseli 60 Hz', 'Procesor': 'AMD Ryzen™ 7 7730U', 'Pamięć': '16 GB  DDR4 RAM', 'Grafika': 'AMD  Radeon™ Graphics', 'Dysk': '512 GB SSD', 'System operacyjny': 'Windows 11 Home Edition'}"
"Laptop HP OmniBook 5 16-af1220nw 16"" Ultra 5 225U 16GB RAM 512GB Dysk SSD Win11 Srebrny Funkcje AI",2 999.00 zł,"https://f00.esfr.pl/foto/2/184148961161/5fa5d98fb4f50512b43fc3029149813f/hp-laptop-hp-ob-5-ai-16-u5-16-512gb-w11,184148961161_7.webp","{'Ekran': '16 "",  1920 x 1200 pikseli', 'Procesor': 'Intel® Core™ Ultra 5 15gen 225U', 'Pamięć': '16 GB  LPDDR5 7467 Mhz RAM', 'Grafika': 'Intel®  Graphics', 'Dysk': '512 GB SSD', 'System operacyjny': 'Windows 11 Home Edition'}"
"Laptop biznesowy Lenovo V14 G4 IRU 14"" i5-13420H 8GB RAM 512GB Dysk SSD Win11 Pro Czarny",3 049.00 zł,"https://f00.esfr.pl/foto/6/137443795985/59952fdf94b2e2e4df07433ff3185db2/lenovo-laptop-lenovo-i513420h-8gb-512gb-14-w11p,137443795985_7.webp","{'Ekran': '14 "",  1920 x 1080 pikseli 60 Hz', 'Procesor': 'Intel® Core™ i5 13gen 13420H', 'Pamięć': '8 GB  DDR4 3200 MHz RAM', 'Grafika': 'Intel®  UHD Graphics', 'Dysk': '512 GB SSD', 'System operacyjny': 'Windows 11 Professional'}"
"Laptop Huawei MateBook D 15 15,6"" i5-1135G7 8GB RAM 512GB Dysk SSD Win10 Srebrny",3 399.00 zł,"https://f00.esfr.pl/foto/4/88714222945/8f7fd040242de8b09ee3b0b615fa03cb/huawei-laptop-mb-d15-i5-8gb-512ssd-w10,88714222945_7.webp","{'Ekran': '15,6 "",  1920 x 1080 pikseli', 'Procesor': 'Intel® Core™ i5 11gen 1135G7', 'Pamięć': '8 GB  DDR4 RAM', 'Grafika': 'Intel®  Iris Xe Graphics', 'Dysk': '512 GB SSD', 'System operacyjny': 'Windows 10 Home Edition'}"
"Laptop Dell Latitude 3450 14"" Core i5-1335U 16GB RAM 512GB Dysk SSD Win11 Pro Szary",3 799.00 zł,"https://f00.esfr.pl/foto/1/149305708729/78e59931c49c527ac62e1d08ffcc48ad/dell-laptop-dell-i5-1335u-16gb-512gb-14-w11p_6,149305708729_7.webp","{'Ekran': '14 "",  1920 x 1080 pikseli 60 Hz', 'Procesor': 'Intel® Core™ i5 13gen 1335U', 'Pamięć': '16 GB  DDR5 5200 Mhz RAM', 'Grafika': 'Intel®  Iris Xe Graphics', 'Dysk': '512 GB SSD', 'System operacyjny': 'Windows 11 Professional'}"
"Laptop biznesowy Acer TravelMate P214-53-50PC 14"" i5-1145G7 8GB RAM 512GB Dysk SSD Win11 Pro Czarny",4 049.00 zł,"https://f00.esfr.pl/foto/7/123209832977/171ebc22599646ea149734362924cd37/acer-laptop-acer-i5-1145g7-8gb-512gb-14-w11p,123209832977_7.webp","{'Ekran': '14 "",  1920 x 1080 pikseli 60 Hz', 'Procesor': 'Intel® Core™ i5 11gen 1145G7', 'Pamięć': '8 GB  DDR4 RAM', 'Grafika': 'Intel®  UHD Graphics', 'Dysk': '512 GB SSD', 'System operacyjny': 'Windows 11 Professional'}"
"Laptop 2w1 Dell Inspiron 14 7440-7487 2w1 14"" Core 5 120U 16GB RAM 1TB Dysk SSD Win11 Pro Srebrno-niebieski Funkcje AI",4 499.00 zł,"https://f00.esfr.pl/foto/4/146349865561/e371c20f32ee4457d9d7d13bcc3f96ca/dell-laptop-inspiron-2in1-14-i5-16gb-1tb-w11p,146349865561_7.webp","{'Ekran': '14 "", ekran dotykowy 1920 x 1200 pikseli 60 Hz', 'Procesor': 'Intel® Core™ 5 14gen 120U', 'Pamięć': '16 GB  DDR5 5200 Mhz RAM', 'Grafika': 'Intel®  Graphics', 'Dysk': '1 TB SSD', 'System operacyjny': 'Windows 11 Professional'}"
"Laptop 2w1 Dell Latitude 3340 13,3"" Core i5-1335U 8GB RAM 256GB Dysk SSD Win11 Pro Szary",4 599.00 zł,"https://f00.esfr.pl/foto/5/126162884129/6987fa20bf98e91661da5e9b2a864e49/dell-laptop-dell-i51335u-8-256-2w1-13-3-w11p,126162884129_7.webp","{'Ekran': '13,3 "", ekran dotykowy 1920 x 1080 pikseli', 'Procesor': 'Intel® Core™ i5 13gen 1335U', 'Pamięć': '8 GB  LPDDR5 RAM', 'Grafika': 'Intel®  Iris Xe Graphics', 'Dysk': '256 GB SSD', 'System operacyjny': 'Windows 11 Professional'}"
"Laptop gamingowy MSI Katana 15 B13VFK-1437XPL 15,6"" 144Hz i7-13620H 16GB RAM 1TB Dysk SSD RTX4060 DLSS3 Czarny",4 899.00 zł,"https://f00.esfr.pl/foto/5/132484162065/86b1265ca92a71b8b36c302e887ce8b/msi-laptop-katana-b13vfk-i7-d5-16gb-1tb-4060,132484162065_7.webp","{'Ekran': '15,6 "",  1920 x 1080 pikseli 144 Hz', 'Procesor': 'Intel® Core™ i7 13gen 13620H', 'Pamięć': '16 GB  DDR5 5200 Mhz RAM', 'Grafika': 'NVIDIA® GeForce RTX™ 4060 + Intel UHD Graphics', 'Dysk': '1 TB SSD', 'System operacyjny': 'bez systemu'}"
"Laptop Lenovo IdeaPad 5 Pro 16ACH6 16"" 120Hz R7 5800H 16GB RAM 1TB Dysk SSD Win11 Szary",5 099.00 zł,"https://f00.esfr.pl/foto/8/105031330561/ea81fe8fd11b08e99d8cbcbfd9e8a5e6/lenovo-laptop-ip5-pro-16-r7-16gb-1tbssd-w11,105031330561_7.webp","{'Ekran': '16 "",  2560 x 1600 pikseli 120 Hz', 'Procesor': 'AMD Ryzen™ 7 5800H', 'Pamięć': '16 GB  DDR4 3200 MHz RAM', 'Grafika': 'AMD  Radeon™ Graphics', 'Dysk': '1 TB SSD', 'System operacyjny': 'Windows 11 Home Edition'}"
"Laptop gamingowy Lenovo LOQ 17IRX10 17,3"" 165Hz i5-13450HX 16GB RAM 1TB Dysk SSD RTX5050 DLSS4 Win11 Szary Funkcje AI",5 199.00 zł,"https://f00.esfr.pl/foto/1/173301550465/4046bce19e32b3fa31ef5ff7e5acb661/lenovo-laptop-lenovo-loq-i5-16gb-1tb-5050-w11,173301550465_7.webp","{'Ekran': '17,3 "",  1920 x 1080 pikseli 165 Hz', 'Procesor': 'Intel® Core™ i5 13gen 13450HX', 'Pamięć': '16 GB  DDR5 4800 Mhz RAM', 'Grafika': 'NVIDIA® GeForce RTX™ 5050 + Intel UHD Graphics', 'Dysk': '1 TB SSD', 'System operacyjny': 'Windows 11 Home Edition'}"
"Laptop Lenovo ThinkPad L14 Gen 4 14"" i5-1335U 16GB RAM 512GB Dysk SSD Win11 Pro Czarny",6 149.00 zł,"https://f00.esfr.pl/foto/2/137443773577/a3190d46632b46d8bdc4dcedebce2536/lenovo-laptop-lenovo-i51335u-16gb-512gb-14-w11p_1,137443773577_7.webp","{'Ekran': '14 "",  1920 x 1080 pikseli', 'Procesor': 'Intel® Core™ i5 13gen 1335U', 'Pamięć': '16 GB  DDR4 3200 MHz RAM', 'Grafika': 'Intel®  UHD Graphics', 'Dysk': '512 GB SSD', 'System operacyjny': 'Windows 11 Professional'}"
"Laptop gamingowy HIRO 15,6"" Intel® Core™ i7-10750H 16GB RAM 512GB Dysk SSD RTX3060 Win10 Szary",6 499.00 zł,"https://f00.esfr.pl/foto/9/84371380249/dac3616b460516e5d499a413e250bd62/hiro-laptop-hiro-i7-16gb-512ssd-rtx3060-w10,84371380249_7.webp","{'Ekran': '15,6 "",  1920 x 1080 pikseli', 'Procesor': 'Intel® Core™ i7 10gen 10750H', 'Pamięć': '16 GB  DDR4 2666 MHz RAM', 'Grafika': 'NVIDIA® NVIDIA GeForce RTX™ 3060 + Intel UHD Graphics', 'Dysk': '512 GB SSD', 'System operacyjny': 'Windows 10 Home Edition'}"
"Laptop 2w1 Microsoft Surface Laptop Copilot+ PC 13,8"" Snapdragon X Plus 16GB RAM 512GB Dysk SSD Win11 Platynowy Funkcje AI",6 499.00 zł,"https://f00.esfr.pl/foto/7/144695830953/e786d2c9d5b48afeed9b43e717ad5953/microsoft-laptop-surface-7-13-c10-16-512gb-w11,144695830953_7.webp","{'Ekran': '13,8"", ekran dotykowy 2304 x 1536 pikseli 120 Hz', 'Procesor': 'Qualcomm® Snapdragon® X Plus', 'Pamięć': '16 GB  LPDDR5X RAM', 'Grafika': 'Qualcomm®  Adreno™ Graphics', 'Dysk': '512 GB SSD', 'System operacyjny': 'Windows 11 Home Edition'}"
"Laptop gamingowy Lenovo Legion 5 17ACH6H 17,3"" 144Hz R7 5800H 16GB RAM 1TB Dysk SSD RTX3060 Czarny",6 699.00 zł,"https://f00.esfr.pl/foto/3/99438161241/43be22e11bc713c6c4809912f8303f20/lenovo-laptop-l5-17-16gb-1tbssd-3060-no-os,99438161241_7.webp","{'Ekran': '17,3 "",  1920 x 1080 pikseli 144 Hz', 'Procesor': 'AMD Ryzen™ 7 5800H', 'Pamięć': '16 GB  DDR4 3200 MHz RAM', 'Grafika': 'NVIDIA® GeForce RTX™ 3060 + AMD Radeon™  Graphics', 'Dysk': '1 TB SSD', 'System operacyjny': 'bez systemu'}"
"Laptop Acer Swift Go 16 AI SFG16-74 OLED 16"" Core Ultra 9 288V 32GB RAM 2TB Dysk SSD Win11 Czarny Funkcje AI",6 999.00 zł,"https://f00.esfr.pl/foto/1/185283020585/3c96e956d829fce32ab36ed563c5ea91/acer-laptop-acer-sfg16-oled-cu9-32gb-2tb-w11,185283020585_7.webp","{'Ekran': '16 "",  2048 x 1280 pikseli 120 Hz', 'Procesor': 'Intel® Core™ Ultra 9 15gen 288V', 'Pamięć': '32 GB  LPDDR5x 8000 Mhz RAM', 'Grafika': 'Intel®  Arc™ 140V Graphics', 'Dysk': '2 TB SSD', 'System operacyjny': 'Windows 11 Home Edition'}"
"Laptop gamingowy Lenovo Legion 5 16IRX9 16"" 240Hz i7-14650HX 16GB RAM 512GB Dysk SSD RTX4070 DLSS3 Win11 Szary",8 199.00 zł,"https://f00.esfr.pl/foto/1/148859467897/d86370475719b5f2ee6d377aa94f7edc/lenovo-laptop-l5-i7-16gb-512gb-4070-w11,148859467897_7.webp","{'Ekran': '16 "",  2560 x 1600 pikseli 240 Hz', 'Procesor': 'Intel® Core™ i7 14gen 14650HX', 'Pamięć': '16 GB  DDR5 4800 Mhz RAM', 'Grafika': 'NVIDIA® GeForce RTX™ 4070 + Intel UHD Graphics', 'Dysk': '512 GB SSD', 'System operacyjny': 'Windows 11 Home Edition'}"
"Laptop biznesowy Lenovo ThinkPad P16v Gen 1 16"" R7 7840HS 32GB RAM 1TB Dysk SSD Win11 Pro Czarny",9 549.00 zł,"https://f00.esfr.pl/foto/5/153673031393/da33b1d00236967a5ebe758b07b7f7d4/lenovo-laptop-lenovo-r7-7840hs-32gb-1tb-16-w11p,153673031393_7.webp","{'Ekran': '16 "",  1920 x 1200 pikseli 60 Hz', 'Procesor': 'AMD Ryzen™ 7 7840HS', 'Pamięć': '32 GB  DDR5 5600 Mhz RAM', 'Grafika': 'AMD  Radeon™ 780M', 'Dysk': '1 TB SSD', 'System operacyjny': 'Windows 11 Professional'}"
"Laptop 2w1 Dell XPS 13 Plus 9320-8648 OLED 13,4"" i7-1260P 16GB RAM 1TB Dysk SSD Win11 Grafitowy",10 499.00 zł,"https://f00.esfr.pl/foto/9/105860319401/5f2c3dd48b983037ba523d034e4636e3/dell-laptop-xps-13-9320-i7-16gb-1tbssd-w11,105860319401_7.webp","{'Ekran': '13,4 "", ekran dotykowy 3546 x 2160 pikseli 60 Hz', 'Procesor': 'Intel® Core™ i7 1260P', 'Pamięć': '16 GB  LPDDR5 5200 Mhz RAM', 'Grafika': 'Intel®  UHD Graphics', 'Dysk': '1 TB SSD', 'System operacyjny': 'Windows 11 Home Edition'}"
"Laptop biznesowy Lenovo ThinkPad X1 Carbon Gen 13 Aura Edition 14"" Ultra 5 225U 16GB RAM 512GB Dysk SSD Win11 Pro Czarny Funkcje AI",11 499.00 zł,"https://f00.esfr.pl/foto/8/174091876113/42868cdab23885ce101462912b0eb983/lenovo-laptop-lenovo-tp-14-u5-16gb-512gb-w11p,174091876113_7.webp","{'Ekran': '14 "",  1920 x 1200 pikseli 60 Hz', 'Procesor': 'Intel® Core™ Ultra 5 15gen 225U', 'Pamięć': '16 GB  LPDDR5x 8400 Mhz RAM', 'Grafika': 'Intel®  Graphics', 'Dysk': '512 GB SSD', 'System operacyjny': 'Windows 11 Professional'}"
"Laptop ASUS ZenBook Duo UX8406CA-PZ068X OLED 14"" 120Hz Ultra 9 285H 32GB RAM 2TB Dysk SSD Win11 Pro Szary Funkcje AI",12 999.00 zł,"https://f00.esfr.pl/foto/8/156379258561/1c199d74d36af7b28c0d45edcbd27b60/asus-laptop-asus-zenbook-duo-u9-32gb-2tb-w11p,156379258561_7.webp","{'Ekran': '14 "", ekran dotykowy 2880 x 1800 pikseli 120 Hz', 'Procesor': 'Intel® Core™ Ultra 9 15gen 285H', 'Pamięć': '32 GB  LPDDR5X RAM', 'Grafika': 'Intel®  Arc 140T', 'Dysk': '2 TB SSD', 'System operacyjny': 'Windows 11 Professional'}"
"Laptop biznesowy HP EliteBook X G1i B9ZY3ET 14"" Ultra 7 268V 32GB RAM 1TB Dysk SSD Win11 Pro Srebrny Funkcje AI",14 799.00 zł,"https://f00.esfr.pl/foto/5/164160501433/a24dcc72e056b1125c8f943d9b638a5a/hp-laptop-hp-u7-268v-32gb-1tb-14-w11p,164160501433_7.webp","{'Ekran': '14 "",  1920 x 1200 pikseli', 'Procesor': 'Intel® Core™ Ultra 7 15gen 268V', 'Pamięć': '32 GB  LPDDR5x 8533 Mhz RAM', 'Grafika': 'Intel®  Arc 140V', 'Dysk': '1 TB SSD', 'System operacyjny': 'Windows 11 Professional'}"
"Laptop gamingowy MSI Titan 18 HX AI A2XWJG-477PL 18"" 120Hz Ultra 9 285HX 64GB RAM 6TB Dysk SSD RTX5090 DLSS4 Win11 Pro Czarny Funkcje AI",26 599.00 zł,"https://f00.esfr.pl/foto/2/168752069201/7dc71ea174b8f5ef3867a53519cdffd1/msi-laptop-msi-titan-18-u9-64-6tb-5090-w11p,168752069201_7.webp","{'Ekran': '18 "",  3840 x 2400 pikseli 120 Hz', 'Procesor': 'Intel® Core™ Ultra 9 15gen 285HX', 'Pamięć': '64 GB  DDR5 6400 Mhz RAM', 'Grafika': 'NVIDIA® GeForce RTX™ 5090 + Intel Graphics', 'Dysk': '6 TB SSD', 'System operacyjny': 'Windows 11 Professional'}"
"Laptop HP 15s-fq2222nw 15,6"" i5-1135G7 8GB RAM 512GB Dysk SSD Win11 Czarny",2 599.00 zł,"https://f00.esfr.pl/foto/4/106187122193/1375843be277b2200f42d5ec263c7456/hp-laptop-hp-15s-i5-1135-8gb-512ssd-w11,106187122193_7.webp","{'Ekran': '15,6 "",  1920 x 1080 pikseli', 'Procesor': 'Intel® Core™ i5 11gen 1135G7', 'Pamięć': '8 GB  DDR4 2666 MHz RAM', 'Grafika': 'Intel®  Iris Xe Graphics', 'Dysk': '512 GB SSD', 'System operacyjny': 'Windows 11 Home Edition'}"
"Laptop MSI Modern 15 B12MO-686PL 15,6"" i7-1255U 16GB RAM 512GB Dysk SSD Win11 Czarny",2 699.00 zł,"https://f00.esfr.pl/foto/3/139409050025/6825ac52c7af5026475a882ab9d1067/msi-laptop-modern-15-b12mo-i7-16-512gb-w11,139409050025_7.webp","{'Ekran': '15,6 "",  1920 x 1080 pikseli 60 Hz', 'Procesor': 'Intel® Core™ i7 12gen 1255U', 'Pamięć': '16 GB  DDR4 3200 MHz RAM', 'Grafika': 'Intel®  Iris Xe Graphics', 'Dysk': '512 GB SSD', 'System operacyjny': 'Windows 11 Home Edition'}"
"Laptop Lenovo IdeaPad 5 14ARE05 14"" R7 4700U 8GB RAM 512GB Dysk Szary",2 899.00 zł,"https://f00.esfr.pl/foto/2/82316391913/663340a63944ab1ef11ad57d8f57be45/lenovo-laptop-ip5-14-r7-8gb-512ssd-no-os,82316391913_7.webp","{'Ekran': '14 "",  1920 x 1080 pikseli', 'Procesor': 'AMD Ryzen™ 7 4700U', 'Pamięć': '8 GB  DDR4 3200 MHz RAM', 'Grafika': 'AMD  Radeon™ Graphics', 'Dysk': '512 GB SSD', 'System operacyjny': 'bez systemu'}"
"Laptop ASUS Vivobook S14 S3407CA-LY042W 14"" Ultra 5 225H 16GB RAM 512GB Dysk SSD Win11 Szary Funkcje AI",3 499.00 zł,"https://f00.esfr.pl/foto/5/162043382121/b09e687450271db16a7b7d2dc8c75e75/asus-laptop-vivobook-s-14-u5-16-512gb-w11_1,162043382121_7.webp","{'Ekran': '14 "",  1920 x 1200 pikseli 60 Hz', 'Procesor': 'Intel® Core™ Ultra 5 15gen 225H', 'Pamięć': '16 GB  DDR5 RAM', 'Grafika': 'Intel®  Arc™ Graphics (działający jako Intel® Graphics)', 'Dysk': '512 GB SSD', 'System operacyjny': 'Windows 11 Home Edition'}"
"Laptop ultrabook Dell Inspiron 14 5420-5521 14"" i5-1235U 16GB RAM 512GB Dysk SSD Win11 Srebrny",3 499.00 zł,"https://f00.esfr.pl/foto/4/112373102105/e98f905f93b954094652a4fb7a42b14a/dell-laptop-5420-14-i5-16gb-512ssd-w11,112373102105_7.webp","{'Ekran': '14 "",  1920 x 1200 pikseli 60 Hz', 'Procesor': 'Intel® Core™ i5 12gen 1235U', 'Pamięć': '16 GB  DDR4 3200 MHz RAM', 'Grafika': 'Intel®  Iris Xe Graphics', 'Dysk': '512 GB SSD', 'System operacyjny': 'Windows 11 Home Edition'}"
Laptop biznesowy Dell Inspiron 16 5620-5613 16'' i7-1255U 16GB RAM 1TB Dysk SSD Win11 Srebrny,3 499.00 zł,"https://f00.esfr.pl/foto/6/112373002145/b0e773614bda83535e97514574821c37/dell-laptop-5620-16-i7-16gb-1tbssd-w11,112373002145_7.webp","{'Ekran': '16 "",  1920 x 1200 pikseli 60 Hz', 'Procesor': 'Intel® Core™ i7 12gen 1255U', 'Pamięć': '16 GB  DDR4 3200 MHz RAM', 'Grafika': 'Intel®  Iris Xe Graphics', 'Dysk': '1 TB SSD', 'System operacyjny': 'Windows 11 Home Edition'}"
"Laptop ASUS Vivobook S16 M3607HA-RP033W 16"" 144Hz R7 260 16GB RAM 512GB Dysk SSD Win11 Srebrny Funkcje AI",3 799.00 zł,"https://f00.esfr.pl/foto/8/162043424225/78f607a4365dddf5b1ee0b47e1e66952/asus-laptop-vivobook-s-16-r7-16-512gb-w11,162043424225_7.webp","{'Ekran': '16 "",  1920 x 1200 pikseli 144 Hz', 'Procesor': 'AMD Ryzen™ 7 260', 'Pamięć': '16 GB  DDR5 RAM', 'Grafika': 'AMD  Radeon™ 780M', 'Dysk': '512 GB SSD', 'System operacyjny': 'Windows 11 Home Edition'}"
"Laptop ultrabook Lenovo IdeaPad 5 14ITL05 14"" i7-1165G7 8GB RAM 1TB Dysk SSD Win11 Platynowy",3 999.00 zł,"https://f00.esfr.pl/foto/4/99378302401/ebede1518b32a0a6c84fe9be0e482a14/lenovo-laptop-ip5-14-i7-8gb-1tbssd-w11,99378302401_7.webp","{'Ekran': '14 "",  1920 x 1080 pikseli 60 Hz', 'Procesor': 'Intel® Core™ i7 11gen 1165G7', 'Pamięć': '8 GB  DDR4 3200 MHz RAM', 'Grafika': 'Intel®  Iris Xe Graphics', 'Dysk': '1 TB SSD', 'System operacyjny': 'Windows 11 Home Edition'}"
"Laptop biznesowy Lenovo ThinkBook 16 G6 ABP 16"" R5 7530U 8GB RAM 512GB Dysk SSD Win11 Pro Szary",3 999.00 zł,"https://f00.esfr.pl/foto/3/130776314433/8b1f8851227ffe287aee01cf1c6d14bc/lenovo-laptop-lenovo-r57530u-8gb-512-16-w11p,130776314433_7.webp","{'Ekran': '16 "",  1920 x 1200 pikseli 60 Hz', 'Procesor': 'AMD Ryzen™ 5 7530U', 'Pamięć': '8 GB  DDR4 3200 MHz RAM', 'Grafika': 'AMD  Radeon™ Graphics', 'Dysk': '512 GB SSD', 'System operacyjny': 'Windows 11 Professional'}"
"Laptop MSI Modern 14 A10M-1062PL 14"" i7-10510U 8GB RAM 512GB Dysk SSD Win10 Szary",4 599.00 zł,"https://f00.esfr.pl/foto/1/65621412873/aac108dcddd9cc836575b315f83bf0ce/msi-laptop-m14-i7-1051u-8gb-512ssd-w10,65621412873_7.webp","{'Ekran': '14 "",  1920 x 1080 pikseli 60 Hz', 'Procesor': 'Intel® Core™ i7 10gen 10510U', 'Pamięć': '8 GB  DDR4 2666 MHz RAM', 'Grafika': 'Intel®  UHD Graphics', 'Dysk': '512 GB SSD', 'System operacyjny': 'Windows 10 Home Edition'}"
"Laptop Lenovo ThinkBook 16 G7 IML 16"" Ultra 5 125U 16GB RAM 512GB Dysk SSD Win11 Pro Szary",4 649.00 zł,"https://f00.esfr.pl/foto/1/145618441337/9c34c02f1613746bf73d4cc3bb49ef05/lenovo-laptop-len-ultra5-125u-16-512gb-16-w11p,145618441337_7.webp","{'Ekran': '16 "",  1920 x 1200 pikseli 60 Hz', 'Procesor': 'Intel® Core™ Ultra 5 14gen 125U', 'Pamięć': '16 GB  DDR5 5600 Mhz RAM', 'Grafika': 'Intel®  Graphics', 'Dysk': '512 GB SSD', 'System operacyjny': 'Windows 11 Professional'}"
"Laptop gamingowy Lenovo Legion 5 15ITH6 15,6"" 165Hz i5-11400H 16GB RAM 512GB Dysk SSD RTX3050Ti Czarno-niebieski",4 699.00 zł,"https://f00.esfr.pl/foto/1/99378443769/3296d5d5168984576404c758e902e3ec/lenovo-laptop-l5-i5-16gb-512ssd-3050ti-no-os,99378443769_7.webp","{'Ekran': '15,6 "",  1920 x 1080 pikseli 165 Hz', 'Procesor': 'Intel® Core™ i5 11gen 11400H', 'Pamięć': '16 GB  DDR4 3200 MHz RAM', 'Grafika': 'NVIDIA® GeForce RTX™ 3050 Ti+ Intel UHD Graphics', 'Dysk': '512 GB SSD', 'System operacyjny': 'bez systemu'}"
"Laptop Lenovo V17 G4 IRU 17,3"" i7-1355U 16GB RAM 512GB Dysk SSD Win11 Pro Szary",4 749.00 zł,"https://f00.esfr.pl/foto/4/131773348721/7fb3f4a5cba0ff19ac4508323fbe8cda/lenovo-laptop-leno-i7-1355u-16gb-512-17-3-w11p,131773348721_7.webp","{'Ekran': '17,3 "",  1920 x 1080 pikseli 60 Hz', 'Procesor': 'Intel® Core™ i7 13gen 1355U', 'Pamięć': '16 GB  DDR4 3200 MHz RAM', 'Grafika': 'Intel®  Iris Xe Graphics', 'Dysk': '512 GB SSD', 'System operacyjny': 'Windows 11 Professional'}"
"Laptop ultrabook Lenovo IdeaPad 5 Pro 14ITL6 14"" i7-1165G7 16GB RAM 1TB Dysk SSD Win11 Szary",4 799.00 zł,"https://f00.esfr.pl/foto/8/99378320513/3a70074bcbab994a79fa47c7502da73c/lenovo-laptop-ip5-pro-14-i7-16gb-1tbssd-w11,99378320513_7.webp","{'Ekran': '14 "",  2240 x 1400 pikseli 60 Hz', 'Procesor': 'Intel® Core™ i7 11gen 1165G7', 'Pamięć': '16 GB  DDR4 3200 MHz RAM', 'Grafika': 'Intel®  Iris Xe Graphics', 'Dysk': '1 TB SSD', 'System operacyjny': 'Windows 11 Home Edition'}"
"Laptop gamingowy Dell G15 5511-9199 15,6"" 360Hz i7-11800H 16GB RAM 512GB Dysk SSD RTX3060 Win11 Czarny",4 999.00 zł,"https://f00.esfr.pl/foto/8/94563434505/2e710e9b85bb5442bb504bc88f28f60d/dell-laptop-5511-i7-16gb-512ssd-3060-w11,94563434505_7.webp","{'Ekran': '15,6 "",  1920 x 1080 pikseli 360 Hz', 'Procesor': 'Intel® Core™ i7 11gen 11800H', 'Pamięć': '16 GB  DDR4 3200 MHz RAM', 'Grafika': 'NVIDIA® GeForce RTX™ 3060 + Intel UHD Graphics', 'Dysk': '512 GB SSD', 'System operacyjny': 'Windows 11 Home Edition'}"
"Laptop gamingowy Lenovo Legion 5 15IAH7 15,6"" 165Hz i5-12500H 16GB RAM 512GB Dysk SSD RTX3050Ti Szary",5 099.00 zł,"https://f00.esfr.pl/foto/1/131282600457/fe1f9e02bb1bd917bf0c149276291707/lenovo-laptop-l5-i5-16gb-512gb-3050ti-no-os,131282600457_7.webp","{'Ekran': '15,6 "",  1920 x 1080 pikseli 165 Hz', 'Procesor': 'Intel® Core™ i5 12gen 12500H', 'Pamięć': '16 GB  DDR5 4800 Mhz RAM', 'Grafika': 'NVIDIA® GeForce RTX™ 3050 Ti + Intel Iris Xe Graphics', 'Dysk': '512 GB SSD', 'System operacyjny': 'bez systemu'}"
"Laptop Huawei MateBook 16 16"" R5 5600H 16GB RAM 512GB Dysk SSD Win11 Szary",5 199.00 zł,"https://f00.esfr.pl/foto/2/102309536585/c46ece6d5d2cc9501966d3ff35e8d697/huawei-laptop-mb16-r5-16gb-512ssd-w11,102309536585_7.webp","{'Ekran': '16 "",  2520 x 1680 pikseli', 'Procesor': 'AMD Ryzen™ 5 5600H', 'Pamięć': '16 GB  DDR4 RAM', 'Grafika': 'AMD  Radeon™ Graphics', 'Dysk': '512 GB SSD', 'System operacyjny': 'Windows 11 Home Edition'}"
"Laptop gamingowy Dell G15 5525-8380 15,6"" 165Hz R7 6800H 16GB RAM 1TB Dysk SSD RTX3070Ti Win11 Szary",5 999.00 zł,"https://f00.esfr.pl/foto/2/105860343241/c5554296a95b463c904bffd86ebe2d18/dell-laptop-g5-r7-16gb-1tbssd-3070ti-w11,105860343241_7.webp","{'Ekran': '15,6 "",  1920 x 1080 pikseli 165 Hz', 'Procesor': 'AMD Ryzen™ 7 6800H', 'Pamięć': '16 GB  DDR5 4800 Mhz RAM', 'Grafika': 'NVIDIA® GeForce RTX™ 3070 Ti + AMD Radeon™ 660M', 'Dysk': '1 TB SSD', 'System operacyjny': 'Windows 11 Home Edition'}"
"Laptop biznesowy Dell XPS 9315-9171 13,4"" i7-1250U 16GB RAM 512GB Dysk SSD Win11 Pro Srebrny",5 999.00 zł,"https://f00.esfr.pl/foto/8/135805896577/b8fcf616c1b4b481ce5826c3493c6bd7/dell-xps-9315-9171-13-4-i7-1250u-16gb-ram-512gb-dysk-ssd-win11-pro,135805896577_7.webp","{'Ekran': '13,4 "",  1920 x 1200 pikseli 60 Hz', 'Procesor': 'Intel® Core™ i7 12gen 1250U', 'Pamięć': '16 GB  LPDDR5 5200 Mhz RAM', 'Grafika': 'Intel®  Iris Xe Graphics', 'Dysk': '512 GB', 'System operacyjny': 'Windows 11 Professional'}"
"Laptop gamingowy Lenovo Legion Slim 5 16AHP9 16"" 165Hz R7 8845HS 16GB RAM 512GB Dysk SSD RTX4060 DLSS3 Szary Funkcje AI",5 999.00 zł,"https://f00.esfr.pl/foto/1/158672870369/c853c36ea6b628db243bb5ff20824a57/lenovo-laptop-legion-r7-16-16gb-512gb-4060-nos,158672870369_7.webp","{'Ekran': '16 "",  2560 x 1600 pikseli 165 Hz', 'Procesor': 'AMD Ryzen™ 7 8845HS', 'Pamięć': '16 GB  DDR5 5600 Mhz RAM', 'Grafika': 'NVIDIA® GeForce RTX™ 4060 + AMD Radeon™ 780M', 'Dysk': '512 GB SSD', 'System operacyjny': 'bez systemu'}"
"Laptop biznesowy Lenovo ThinkBook 15p IMH 15,6"" i5-10300H 16GB RAM 512GB Dysk SSD GTX1650TiMQ Win10 Pro Szary",5 999.00 zł,"https://f00.esfr.pl/foto/2/73583613785/df1882ba88cc6821c59658295a6f02ac/lenovo-laptop-thinkb-i5-16gb-512ssd-gtx1650tiw1,73583613785_7.webp","{'Ekran': '15,6 "",  3840 x 2160 pikseli 60 Hz', 'Procesor': 'Intel® Core™ i5 10gen 10300H', 'Pamięć': '16 GB  DDR4 2933 MHz RAM', 'Grafika': 'NVIDIA® GeForce GTX™ 1650Ti Max-Q + Intel UHD Graphics', 'Dysk': '512 GB SSD', 'System operacyjny': 'Windows 10 Professional'}"
"Laptop gamingowy Lenovo Legion 5 15ACH6H 15,6"" 120Hz R7 5800H 16GB RAM 1TB Dysk SSD RTX3060 Win10 Czarny",6 799.00 zł,"https://f00.esfr.pl/foto/6/90347130121/e04618286be17b43724164b9934b16c3/lenovo-laptop-l5-r7-16gb-1tbssd-3060-w10_2,90347130121_7.webp","{'Ekran': '15,6 "",  1920 x 1080 pikseli 120 Hz', 'Procesor': 'AMD Ryzen™ 7 5800H', 'Pamięć': '16 GB  DDR4 3200 MHz RAM', 'Grafika': 'NVIDIA® GeForce RTX™ 3060 + AMD Radeon™  Graphics', 'Dysk': '1 TB SSD', 'System operacyjny': 'Windows 10 Home Edition'}"
"Laptop 2w1 Microsoft Surface Laptop 5 13,5"" i5-1235U 16GB RAM 512GB Dysk SSD Win11 Platynowy Alcantara",8 349.00 zł,"https://f00.esfr.pl/foto/1/114380272009/e0b88eee812b203d3e68bf8475e2d330/microsoft-laptop-surface-lap-5-i5-16gb-512ssd-w11,114380272009_7.webp","{'Ekran': '13,5 "", ekran dotykowy 2256 x 1504 pikseli', 'Procesor': 'Intel® Core™ i5 12gen 1235U', 'Pamięć': '16 GB  LPDDR5X RAM', 'Grafika': 'Intel®  Iris Xe Graphics', 'Dysk': '512 GB SSD', 'System operacyjny': 'Windows 11 Home Edition'}"
"Laptop Dell XPS 13 Plus 9320-8662 13,4"" i7-1260P 16GB RAM 1TB Dysk SSD Win11 Grafitowy",8 499.00 zł,"https://f00.esfr.pl/foto/3/105860382281/5f2c3dd48b983037ba523d034e4636e3/dell-laptop-xps-13-9320-i7-16gb-1tbssd-w11_1,105860382281_7.webp","{'Ekran': '13,4 "",  1920 x 1200 pikseli 60 Hz', 'Procesor': 'Intel® Core™ i7 1260P', 'Pamięć': '16 GB  LPDDR5 5200 Mhz RAM', 'Grafika': 'Intel®  UHD Graphics', 'Dysk': '1 TB SSD', 'System operacyjny': 'Windows 11 Home Edition'}"
"Laptop biznesowy Lenovo ThinkPad P16s Gen 3 OLED 16"" Ultra 7 165H 32GB RAM 1TB Dysk SSD RTX500 Win11 Pro Czarny Funkcje AI",13 199.00 zł,"https://f00.esfr.pl/foto/6/153672911137/d37954636a922d37eea5925070664698/lenovo-laptop-lenovo-7-165h-32gb-1tb-16-w11p,153672911137_7.webp","{'Ekran': '16 "",  3840 x 2400 pikseli', 'Procesor': 'Intel® Core™ Ultra 7 14gen 165H', 'Pamięć': '32 GB  DDR5 5600 Mhz RAM', 'Grafika': 'NVIDIA® GeForce RTX 500 + Intel Arc Graphics', 'Dysk': '1 TB SSD', 'System operacyjny': 'Windows 11 Professional'}"
"Apple MacBook Pro 2024 16,2"" M4 Pro 48GB RAM 512GB Dysk macOS Srebrny Funkcje AI",13 499.00 zł,"https://f00.esfr.pl/foto/5/152647173961/6831d62838dcd9baf4ab905daf1f4bfc/apple-laptop-mbp-16-m4p-14-20-48-512gb-silver,152647173961_7.webp","{'Ekran': '16,2 "",  3456 x 2234 pikseli 120 Hz', 'Procesor': 'Apple M4 Pro', 'Pamięć': '48 GB  zunifikowana RAM', 'Grafika': 'Apple  M4 Pro (20-rdzeni)', 'Dysk': '512 GB SSD', 'System operacyjny': 'macOS Sequoia lub nowszy'}"
"Laptop biznesowy Lenovo ThinkPad X1 Carbon Gen 12 14"" Ultra 7 155U 32GB RAM 1TB Dysk SSD Win11 Pro Czarny Funkcje AI",14 799.00 zł,"https://f00.esfr.pl/foto/6/149827891545/cad8708a1ac94132931677c213393197/lenovo-laptop-lenovo-tp-14-x1-u7-32gb-1tb-w11p,149827891545_7.webp","{'Ekran': '14 "",  1920 x 1200 pikseli 60 Hz', 'Procesor': 'Intel® Core™ Ultra 7 14gen 155U', 'Pamięć': '32 GB   LPDDR5x 6400 Mhz RAM', 'Grafika': 'Intel®  Graphics', 'Dysk': '1 TB SSD', 'System operacyjny': 'Windows 11 Professional'}"
"Laptop Lenovo ThinkPad X1 Carbon Gen 12 OLED 14"" Ultra 7 155U 32GB RAM 1TB Dysk SSD Win11 Pro Czarny Funkcje AI",15 099.00 zł,"https://f00.esfr.pl/foto/6/149828024961/cad8708a1ac94132931677c213393197/lenovo-laptop-lenovo-tp-14-x1-u7-32gb-1tb-w11p_1,149828024961_7.webp","{'Ekran': '14 "", ekran dotykowy 2880 x 1800 pikseli 120 Hz', 'Procesor': 'Intel® Core™ Ultra 7 14gen 155U', 'Pamięć': '32 GB   LPDDR5x 6400 Mhz RAM', 'Grafika': 'Intel®  Graphics', 'Dysk': '1 TB SSD', 'System operacyjny': 'Windows 11 Professional'}"
"Laptop gamingowy Dell Alienware x15 R2 15R2-4698 15,6"" 360Hz i7-12700H 32GB RAM 2TB Dysk SSD RTX3080Ti Win11 Szary",15 999.00 zł,"https://f00.esfr.pl/foto/1/101686890449/7c63efcaa51092632e2cffa12f6023f/dell-laptop-x15-i7-32gb-2tbssd-3080ti-w11,101686890449_7.webp","{'Ekran': '15,6 "",  1920 x 1080 pikseli 360 Hz', 'Procesor': 'Intel® Core™ i7 12gen 12700H', 'Pamięć': '32 GB  LPDDR5 5200 Mhz RAM', 'Grafika': 'NVIDIA® GeForce RTX™ 3080 Ti + Intel Iris Xe Graphics', 'Dysk': '2 TB SSD', 'System operacyjny': 'Windows 11 Home Edition'}"
"Laptop Lenovo V15 IML 15,6"" i3-10110U 8GB RAM 256GB Dysk Szary",1 799.00 zł,"https://f00.esfr.pl/foto/6/106125720809/8575d6b8eebe8d7cb4138080acb87152/lenovo-laptop-v15-i3-8gb-256ssd-no-os,106125720809_7.webp","{'Ekran': '15,6 "",  1920 x 1080 pikseli', 'Procesor': 'Intel® Core™ i3 10gen 10110U', 'Pamięć': '8 GB  DDR4 2666 MHz RAM', 'Grafika': 'Intel®  UHD Graphics', 'Dysk': '256 GB SSD', 'System operacyjny': 'bez systemu'}"
"Laptop Huawei MateBook D 15 15,6"" i3-1115G4 8GB RAM 256GB Dysk SSD Win11 Srebrny",2 499.00 zł,"https://f00.esfr.pl/foto/7/106125719577/92f8e30dade027e06bddf09baa8aa36c/huawei-matebook-d-15-15-6-intel-core-i3-1115g4-8gb-ram-256gb-dysk-win11,106125719577_7.webp","{'Ekran': '15,6 "",  1920 x 1080 pikseli', 'Procesor': 'Intel® Core™ i3 11gen 1115G4', 'Pamięć': '8 GB  DDR4 RAM', 'Grafika': 'Intel®  UHD Graphics', 'Dysk': '256 GB SSD', 'System operacyjny': 'Windows 11 Home Edition'}"
"Laptop biznesowy Dell Vostro 3440 14"" i5-1334U 16GB RAM 512GB Dysk SSD Win11 Pro Szary",2 719.00 zł,"https://f00.esfr.pl/foto/1/145618747641/289c7b930790702c5c250d0578b92769/dell-laptop-dell-i5-1334u-16gb-512gb-14-w11p,145618747641_7.webp","{'Ekran': '14 "",  1920 x 1200 pikseli 60 Hz', 'Procesor': 'Intel® Core™ i5 13gen 1334U', 'Pamięć': '16 GB  DDR5 4400 Mhz RAM', 'Grafika': 'Intel®  Iris Xe Graphics', 'Dysk': '512 GB SSD', 'System operacyjny': 'Windows 11 Professional'}"
"Laptop ASUS Vivobook S14 S3407VA-LY014 14"" i5-13420H 16GB RAM 512GB Dysk SSD Szary",2 799.00 zł,"https://f00.esfr.pl/foto/4/162043346897/b09e687450271db16a7b7d2dc8c75e75/asus-laptop-vivobook-s-14-i5-16-512gb-nos,162043346897_7.webp","{'Ekran': '14 "",  1920 x 1200 pikseli 60 Hz', 'Procesor': 'Intel® Core™ i5 13gen 13420H', 'Pamięć': '16 GB  DDR5 RAM', 'Grafika': 'Intel®  UHD Graphics', 'Dysk': '512 GB SSD', 'System operacyjny': 'bez systemu'}"
"Laptop Dell Inspiron 3525-6549 15,6"" 120Hz R7 5825U 16GB RAM 512GB Dysk SSD Win11 Czarny",2 999.00 zł,"https://f00.esfr.pl/foto/1/100781836729/f977c64e441580462ef28d2a3794a788/dell-laptop-3525-r7-16gb-512ssd-w11,100781836729_7.webp","{'Ekran': '15,6 "",  1920 x 1080 pikseli 120 Hz', 'Procesor': 'AMD Ryzen™ 7 5825U', 'Pamięć': '16 GB  DDR4 3200 MHz RAM', 'Grafika': 'AMD  Radeon™ Graphics', 'Dysk': '512 GB SSD', 'System operacyjny': 'Windows 11 Home Edition'}"
"Laptop Huawei MateBook D 15 15,6"" i5-1135G7 8GB RAM 512GB Dysk SSD Win11 Srebrny",2 999.00 zł,"https://f00.esfr.pl/foto/9/102052585161/92f8e30dade027e06bddf09baa8aa36c/huawei-laptop-d15-i5-8gb-512ssd-w11,102052585161_7.webp","{'Ekran': '15,6 "",  1920 x 1080 pikseli', 'Procesor': 'Intel® Core™ i5 11gen 1135G7', 'Pamięć': '8 GB  DDR4 RAM', 'Grafika': 'Intel®  Iris Xe Graphics', 'Dysk': '512 GB SSD', 'System operacyjny': 'Windows 11 Home Edition'}"
"Laptop Lenovo IdeaPad Slim 3 15AMN8 15,6"" R5 7520U 16GB RAM 512GB Dysk SSD Win11 Szary",2 999.00 zł,"https://f00.esfr.pl/foto/8/128745201489/33871f5cd5f7379d2b3c2500cef1e7c3/lenovo-laptop-ip3-r5-16gb-512gb-w11_1,128745201489_7.webp","{'Ekran': '15,6 "",  1920 x 1080 pikseli 60 Hz', 'Procesor': 'AMD Ryzen™ 5 7520U', 'Pamięć': '16 GB  LPDDR5 5500 Mhz RAM', 'Grafika': 'AMD  Radeon™ 610M', 'Dysk': '512 GB SSD', 'System operacyjny': 'Windows 11 Home Edition'}"
"Laptop MSI Modern 15 H C13M-202PL 15,6"" i5-13420H 16GB RAM 512GB Dysk SSD Win11 Czarny",2 999.00 zł,"https://f00.esfr.pl/foto/7/143132374353/84885ca895b356185f54bedee3eb8ef9/msi-laptop-modern-15-h-c13m-i5-16-512gb-w11,143132374353_7.webp","{'Ekran': '15,6 "",  1920 x 1080 pikseli 60 Hz', 'Procesor': 'Intel® Core™ i5 13gen 13420H', 'Pamięć': '16 GB  DDR4 3200 MHz RAM', 'Grafika': 'Intel®  UHD Graphics', 'Dysk': '512 GB SSD', 'System operacyjny': 'Windows 11 Home Edition'}"
"Laptop Huawei MateBook D14 14"" i5-1135G7 8GB RAM 512GB Dysk SSD Win11 Srebrny",3 199.00 zł,"https://f00.esfr.pl/foto/1/102052583505/cc37814865d4ec04e75f335e371e6922/huawei-laptop-d14-14-i5-8gb-512ssd-w11,102052583505_7.webp","{'Ekran': '14 "",  1920 x 1080 pikseli', 'Procesor': 'Intel® Core™ i5 11gen 1135G7', 'Pamięć': '8 GB  DDR4 RAM', 'Grafika': 'Intel®  Iris Xe Graphics', 'Dysk': '512 GB SSD', 'System operacyjny': 'Windows 11 Home Edition'}"
Laptop biznesowy Dell Inspiron 16 5620-3493 16'' i5-1235U 16GB RAM 512GB Dysk SSD Win11 Srebrny,3 499.00 zł,"https://f00.esfr.pl/foto/4/112373180169/b0e773614bda83535e97514574821c37/dell-laptop-5620-16-i5-16gb-512ssd-w11,112373180169_7.webp","{'Ekran': '16 "",  1920 x 1200 pikseli', 'Procesor': 'Intel® Core™ i5 12gen 1235U', 'Pamięć': '16 GB  DDR4 3200 MHz RAM', 'Grafika': 'Intel®  Iris Xe Graphics', 'Dysk': '512 GB SSD', 'System operacyjny': 'Windows 11 Home Edition'}"
"Laptop gamingowy Dell G15 5511-6204 15,6"" 120Hz i5-11260H 16GB RAM 512GB Dysk SSD RTX3050 Win11 Czarny",3 999.00 zł,"https://f00.esfr.pl/foto/1/100781819745/a7ac94278dd65725443308d8582a0e60/dell-laptop-g15-i5-16gb-512ssd-3050-w11_1,100781819745_7.webp","{'Ekran': '15,6 "",  1920 x 1080 pikseli 120 Hz', 'Procesor': 'Intel® Core™ i5 11gen 11260H', 'Pamięć': '16 GB  DDR4 3200 MHz RAM', 'Grafika': 'NVIDIA® GeForce RTX™ 3050 + Intel UHD Graphics', 'Dysk': '512 GB SSD', 'System operacyjny': 'Windows 11 Home Edition'}"
"Laptop gamingowy Lenovo IdeaPad Gaming 3 15IAH7 15,6"" 165Hz i5-12450H 16GB RAM 512GB Dysk SSD RTX3050 Szary",3 999.00 zł,"https://f00.esfr.pl/foto/5/120484842249/ebff61b234f13b64c03f4e9f9796dea9/lenovo-laptop-g3-i5-16gb-512ssd-3050-dos,120484842249_7.webp","{'Ekran': '15,6 "",  1920 x 1080 pikseli 165 Hz', 'Procesor': 'Intel® Core™ i5 12gen 12450H', 'Pamięć': '16 GB  DDR4 3200 MHz RAM', 'Grafika': 'NVIDIA® GeForce RTX™ 3050 + Intel UHD Graphics', 'Dysk': '512 GB SSD', 'System operacyjny': 'bez systemu'}"
"Laptop Lenovo IdeaPad 5 2-in-1 14Q8X9 OLED 14"" Snapdragon X Plus X1P-42-100 16GB RAM 512GB Dysk SSD Win11 Szary Funkcje AI",4 199.00 zł,"https://f00.esfr.pl/foto/6/165847161449/132cec274f8395c6cebc0a9a69b3ede8/lenovo-laptop-lenovo-ip5-x1p421-16gb-512gb-w11,165847161449_7.webp","{'Ekran': '14 "", ekran dotykowy 1920 x 1200 pikseli 60 Hz', 'Procesor': 'Qualcomm® Snapdragon® X Plus X1P-42-100', 'Pamięć': '16 GB  LPDDR5x 8448 Mhz RAM', 'Grafika': 'Qualcomm®  Adreno™ Graphics', 'Dysk': '512 GB SSD', 'System operacyjny': 'Windows 11 Home Edition'}"
"Laptop ultrabook Dell XPS 13 9315-9195 13,4"" i5-1230U 16GB RAM 512GB Dysk SSD Win11 Pro Niebieski",4 499.00 zł,"https://f00.esfr.pl/foto/6/112373188897/da689e0daa186925e704a34825e71f20/dell-laptop-9315-13-4-i5-16gb-512ssd-w11p,112373188897_7.webp","{'Ekran': '13,4 "",  1920 x 1200 pikseli 60 Hz', 'Procesor': 'Intel® Core™ i5 12gen 1230U', 'Pamięć': '16 GB  LPDDR5 5200 Mhz RAM', 'Grafika': 'Intel®  Iris Xe Graphics', 'Dysk': '512 GB', 'System operacyjny': 'Windows 11 Professional'}"
"Laptop biznesowy Lenovo ThinkBook 14 G7 IML 14"" Ultra 5 125U 16GB RAM 512GB Dysk SSD Win11 Pro Szary",4 549.00 zł,"https://f00.esfr.pl/foto/5/145618836521/2d72ea13896ad843f67239152dc896c9/lenovo-laptop-len-ultra5125u-16gb-512gb-14-w11p_1,145618836521_7.webp","{'Ekran': '14 "",  1920 x 1200 pikseli 60 Hz', 'Procesor': 'Intel® Core™ Ultra 5 14gen 125U', 'Pamięć': '16 GB  DDR5 5600 Mhz RAM', 'Grafika': 'Intel®  Graphics', 'Dysk': '512 GB SSD', 'System operacyjny': 'Windows 11 Professional'}"
"Laptop gamingowy Lenovo Legion 5 15ACH6 15,6"" 165Hz R7 5800H 16GB RAM 512GB Dysk SSD RTX3050 Czarno-niebieski",4 999.00 zł,"https://f00.esfr.pl/foto/5/101887836329/43be22e11bc713c6c4809912f8303f20/lenovo-laptop-l5-r7-16gb-512ssd-3050-no-os,101887836329_7.webp","{'Ekran': '15,6 "",  2560 x 1440 pikseli 165 Hz', 'Procesor': 'AMD Ryzen™ 7 5800H', 'Pamięć': '16 GB  DDR4 3200 MHz RAM', 'Grafika': 'NVIDIA® GeForce RTX™ 3050 + AMD Radeon™  Graphics', 'Dysk': '512 GB SSD', 'System operacyjny': 'bez systemu'}"
"Laptop Lenovo ThinkPad E16 Gen 1 16"" i5-1335U 16GB RAM 512GB Dysk SSD MX550 Win11 Pro Czarny",5 499.00 zł,"https://f00.esfr.pl/foto/7/130776316921/f091a10f5cf04eeb6c17662ed19faeef/lenovo-laptop-leno-i51335u-16-512-mx550-16-w11p,130776316921_7.webp","{'Ekran': '16 "",  1920 x 1200 pikseli 60 Hz', 'Procesor': 'Intel® Core™ i5 13gen 1335U', 'Pamięć': '16 GB  DDR4 3200 MHz RAM', 'Grafika': 'NVIDIA® GeForce MX550 + Intel Iris Xe Graphics', 'Dysk': '512 GB SSD', 'System operacyjny': 'Windows 11 Professional'}"
"Laptop gamingowy Lenovo Legion 5 15IAH7H 15,6"" 165Hz i5-12500H 16GB RAM 512GB Dysk SSD RTX3060 Szary",6 099.00 zł,"https://f00.esfr.pl/foto/6/131607458793/70220cb8f93f82cae5ce62ff2d8bc5f2/lenovo-laptop-l5-i5-16gb-512gb-3060-no-os,131607458793_7.webp","{'Ekran': '15,6 "",  1920 x 1080 pikseli 165 Hz', 'Procesor': 'Intel® Core™ i5 12gen 12500H', 'Pamięć': '16 GB  DDR5 4800 Mhz RAM', 'Grafika': 'NVIDIA® GeForce RTX™ 3060 + Intel Iris Xe Graphics', 'Dysk': '512 GB SSD', 'System operacyjny': 'bez systemu'}"
"Laptop gamingowy Lenovo Legion 5 16IRX9 16"" 240Hz i7-14650HX 16GB RAM 512GB Dysk SSD RTX4070 DLSS3 Szary Funkcje AI",7 699.00 zł,"https://f00.esfr.pl/foto/4/161702355561/d86370475719b5f2ee6d377aa94f7edc/lenovo-laptop-legion-i7-16-16-512gb-4070-no-os,161702355561_7.webp","{'Ekran': '16 "",  2560 x 1600 pikseli 240 Hz', 'Procesor': 'Intel® Core™ i7 14gen 14650HX', 'Pamięć': '16 GB  DDR5 5600 Mhz RAM', 'Grafika': 'NVIDIA® GeForce RTX™ 4070 + Intel UHD Graphics', 'Dysk': '512 GB SSD', 'System operacyjny': 'bez systemu'}"
"Laptop gamingowy Lenovo Legion 5 15ACH6H 15,6"" 165Hz R5 5600H 16GB RAM 1TB Dysk SSD RTX3070 Win11 Czarno-niebieski",7 999.00 zł,"https://f00.esfr.pl/foto/2/102366425657/ffcc720715baa88cb79b9c21f6495d69/lenovo-laptop-l5-r5-16gb-1tbssd-3070-w11,102366425657_7.webp","{'Ekran': '15,6 "",  2560 x 1440 pikseli 165 Hz', 'Procesor': 'AMD Ryzen™ 5 5600H', 'Pamięć': '16 GB  DDR4 3200 MHz RAM', 'Grafika': 'NVIDIA® GeForce RTX™ 3070 + AMD Radeon™  Graphics', 'Dysk': '1 TB SSD', 'System operacyjny': 'Windows 11 Home Edition'}"
"Laptop gamingowy MSI Katana 17 B13VGK-856XPL 17,3"" 144Hz i7-13620H 16GB RAM 1TB Dysk SSD RTX4070 DLSS3 Czarny",8 199.00 zł,"https://f00.esfr.pl/foto/9/134010638433/7c03b84cdd9910ebf4040cda7a4e0990/msi-laptop-katana-17-b13vgk-i7-16gb-1tb-4070,134010638433_7.webp","{'Ekran': '17,3 "",  1920 x 1080 pikseli 144 Hz', 'Procesor': 'Intel® Core™ i7 13gen 13620H', 'Pamięć': '16 GB  DDR5 5200 Mhz RAM', 'Grafika': 'NVIDIA® GeForce RTX™ 4070 + Intel UHD Graphics', 'Dysk': '1 TB SSD', 'System operacyjny': 'bez systemu'}"
Laptop gamingowy HP OMEN 14-fb0422nw OLED 14'' 120Hz Ultra 7 155H 16GB RAM 1TB Dysk SSD RTX4060 DLSS3 Win11 Czarny Funkcje AI,9 169.00 zł,"https://f00.esfr.pl/foto/1/141045106833/8f99e7e3fa7ee776b7b24961dcf75957/hp-laptop-omen-i7u-16gb-1tb-rtx4060-14-w11,141045106833_7.webp","{'Ekran': '14 "",  2880 x 1800 pikseli 120 Hz', 'Procesor': 'Intel® Core™ Ultra 7 14gen 155H', 'Pamięć': '16 GB  LPDDR5x 7467 Mhz RAM', 'Grafika': 'NVIDIA® GeForce RTX™ 4060 + Intel Arc Graphics', 'Dysk': '1 TB SSD', 'System operacyjny': 'Windows 11 Home Edition'}"
"Laptop biznesowy Dell Vostro 3440 14"" i3-1305U 8GB RAM 512GB Dysk SSD Win11 Pro Szary",2 199.00 zł,"https://f00.esfr.pl/foto/9/145618807865/289c7b930790702c5c250d0578b92769/dell-laptop-dell-i3-1305u-8gb-512gb-14-w11p,145618807865_7.webp","{'Ekran': '14 "",  1920 x 1200 pikseli 60 Hz', 'Procesor': 'Intel® Core™ i3 13gen 1305U', 'Pamięć': '8 GB  DDR5 4400 Mhz RAM', 'Grafika': 'Intel®  UHD Graphics', 'Dysk': '512 GB SSD', 'System operacyjny': 'Windows 11 Professional'}"
"Laptop Lenovo IdeaPad 3 15IIL05 15,6"" i5-1035G1 8GB RAM 512GB Dysk Szary",2 399.00 zł,"https://f00.esfr.pl/foto/8/89465458657/8a13ab4009ee400442a4214108bcfebb/lenovo-laptop-ip3-i5-8gb-512ssd-no-os_1,89465458657_7.webp","{'Ekran': '15,6 "",  1920 x 1080 pikseli 60 Hz', 'Procesor': 'Intel® Core™ i5 10gen 1035G1', 'Pamięć': '8 GB  DDR4 2666 MHz RAM', 'Grafika': 'Intel®  UHD Graphics', 'Dysk': '512 GB SSD', 'System operacyjny': 'bez systemu'}"
"Laptop biznesowy Dell Pro 14 Essential PV14250 14"" Core 3 100U 8GB RAM 512GB Dysk SSD Win11 Pro Srebrny Funkcje AI",2 649.00 zł,"https://f00.esfr.pl/foto/7/183280227873/aa45391b386c701564ae8fc02918e725/dell-laptop-dell-p14-c3100u-8-512gb-14-w11p,183280227873_7.webp","{'Ekran': '14 "",  1920 x 1200 pikseli 60 Hz', 'Procesor': 'Intel® Core™ 3 100U', 'Pamięć': '8 GB  DDR5 5200 Mhz RAM', 'Grafika': 'Intel®  Graphics', 'Dysk': '512 GB SSD', 'System operacyjny': 'Windows 11 Professional'}"
"Laptop Dell Inspiron 5625-6440 16""' R5 5625U 16GB RAM 512GB Dysk SSD Win11 Srebrny",2 999.00 zł,"https://f00.esfr.pl/foto/9/122813450401/e50145cbe0b8cb174e5018139ffdd5fa/dell-laptop-5625-16-r5-16gb-512ssd-w11_1,122813450401_7.webp","{'Ekran': '16 "",  1920 x 1200 pikseli', 'Procesor': 'AMD Ryzen™ 5 5625U', 'Pamięć': '16 GB  DDR4 3200 MHz RAM', 'Grafika': 'AMD  Radeon™ Graphics', 'Dysk': '512 GB SSD', 'System operacyjny': 'Windows 11 Home Edition'}"
"Laptop biznesowy Dell Vostro 3530 15,6"" i7-1355U 16GB RAM 512GB Dysk SSD Win11 Pro Czarny",3 449.00 zł,"https://f00.esfr.pl/foto/9/140427423361/bc73dcc52d58311ca3f83128be2964c9/dell-laptop-dell-i7-1355u-16gb-512gb-w11p_1,140427423361_7.webp","{'Ekran': '15,6 "",  1920 x 1080 pikseli 120 Hz', 'Procesor': 'Intel® Core™ i7 13gen 1355U', 'Pamięć': '16 GB  DDR4 3200 MHz RAM', 'Grafika': 'Intel®  Iris Xe Graphics', 'Dysk': '512 GB SSD', 'System operacyjny': 'Windows 11 Professional'}"
"Laptop Dell Inspiron 15 5510-5917 15,6"" i5-11320H 16GB RAM 512GB Dysk SSD Win11 Srebrny",3 499.00 zł,"https://f00.esfr.pl/foto/6/105860395017/557f15026877c304012cac6bd7ed1b6/dell-laptop-5510-i5-16gb-512ssd-w11,105860395017_7.webp","{'Ekran': '15,6 "",  1920 x 1080 pikseli', 'Procesor': 'Intel® Core™ i5 11gen 11320H', 'Pamięć': '16 GB  DDR4 3200 MHz RAM', 'Grafika': 'Intel®  Iris Xe Graphics', 'Dysk': '512 GB SSD', 'System operacyjny': 'Windows 11 Home Edition'}"
"Laptop gamingowy MSI Cyborg 15 A13VF-1484XPL 15,6""144Hz  i7-13620H 16GB RAM 512GB Dysk SSD RTX4060 DLSS3 Czarny",4 365.82 zł,"https://f00.esfr.pl/foto/3/155996777321/9b1142b5fb1dbeba3739e0d322f02ae4/msi-cyborg-15-a13vf-1484xpl-15-6-144hz-i7-13620h-16gb-ram-512gb-dysk-ssd-rtx4060-dlss3-czarny,155996777321_7.webp","{'Ekran': '15,6 "",  1920 x 1080 pikseli 144 Hz', 'Procesor': 'Intel® Core™ i7 13gen 13620H', 'Pamięć': '16 GB  DDR5 5200 Mhz RAM', 'Grafika': 'NVIDIA® GeForce RTX™ 4060 + Intel UHD Graphics', 'Dysk': '512 GB SSD', 'System operacyjny': 'bez systemu'}"
"Laptop Acer TravelMate P4 16 TMP416-53-TCO 16"" Ulta 5 125U 16GB RAM 512GB Dysk SSD Win11 Pro Czarno-niebieski Funkcje AI",4 699.00 zł,"https://f00.esfr.pl/foto/6/151822515129/7b0191ef1883329a641bde2c55a589cf/acer-laptop-acer-u5-16gb-512gb-w11p_3,151822515129_7.webp","{'Ekran': '16 "",  1920 x 1200 pikseli 60 Hz', 'Procesor': 'Intel® Core™ Ultra 5 14gen 125U', 'Pamięć': '16 GB  DDR5 RAM', 'Grafika': 'Intel®  Graphics', 'Dysk': '512 GB SSD', 'System operacyjny': 'Windows 11 Professional'}"
"Laptop gamingowy HIRO 7165 15,6"" i7-9750H 8GB RAM 512GB Dysk SSD GTX1650 Win11 Szary",4 699.00 zł,"https://f00.esfr.pl/foto/2/93418447121/5b255860bf7583227aae674d5244d047/hiro-laptop-hiro-i7-9-8gb-512ssd-gtx1650-w11,93418447121_7.webp","{'Ekran': '15,6 "",  1920 x 1080 pikseli 60 Hz', 'Procesor': 'Intel® Core™ i7 9gen 9750H', 'Pamięć': '8 GB  DDR4 2666 MHz RAM', 'Grafika': 'NVIDIA® GeForce GTX 1650 + Intel UHD Graphics 630', 'Dysk': '512 GB', 'System operacyjny': 'Windows 11 Home Edition'}"
"Laptop Lenovo IdeaPad 5 Pro 16ACH6 16"" 120Hz R5 5600H 16GB RAM 512GB Dysk SSD GTX1650 Win11 Szary",4 849.00 zł,"https://f00.esfr.pl/foto/1/105031343329/ea81fe8fd11b08e99d8cbcbfd9e8a5e6/lenovo-laptop-ip5-pro-16-r5-16g-512ssd-1650-w11_1,105031343329_7.webp","{'Ekran': '16 "",  2560 x 1600 pikseli 120 Hz', 'Procesor': 'AMD Ryzen™ 5 5600H', 'Pamięć': '16 GB  DDR4 3200 MHz RAM', 'Grafika': 'NVIDIA® GeForce GTX 1650 + AMD Radeon™ Graphics', 'Dysk': '512 GB SSD', 'System operacyjny': 'Windows 11 Home Edition'}"
"Laptop gamingowy Dell G15 5511-6365 15,6"" 165Hz i7-11800H 16GB RAM 512GB Dysk SSD RTX3060 Win11 Czarny",5 499.00 zł,"https://f00.esfr.pl/foto/4/100781837881/a7ac94278dd65725443308d8582a0e60/dell-laptop-g15-i7-16gb-512ssd-3060-w11_1,100781837881_7.webp","{'Ekran': '15,6 "",  1920 x 1080 pikseli 165 Hz', 'Procesor': 'Intel® Core™ i7 11gen 11800H', 'Pamięć': '16 GB  DDR4 3200 MHz RAM', 'Grafika': 'NVIDIA® GeForce RTX™ 3060 + Intel UHD Graphics', 'Dysk': '512 GB SSD', 'System operacyjny': 'Windows 11 Home Edition'}"
"Laptop gamingowy Gigabyte AORUS 15 2024 BKG-13EE754SH 15,6"" 165Hz Ultra 7 155H 16GB RAM 1TB Dysk SSD RTX4060 DLSS3 Win11 Czarny",5 799.00 zł,"https://f00.esfr.pl/foto/9/139246791673/31d1acaf35c30897565b10e2fd28afac/gigabyte-laptop-aorus-15-u7-16gb-1tb-4060-w11,139246791673_7.webp","{'Ekran': '15,6 "",  2560 x 1440 pikseli 165 Hz', 'Procesor': 'Intel® Core™ Ultra 7 14gen 155H', 'Pamięć': '16 GB  DDR5 5600 Mhz RAM', 'Grafika': 'NVIDIA® GeForce RTX 4060 + Intel Arc Graphics', 'Dysk': '1 TB SSD', 'System operacyjny': 'Windows 11 Home Edition'}"
"Laptop Lenovo ThinkPad E14 Gen 6 14"" Ultra 7 155H 16GB RAM 512GB Dysk SSD Win11 Pro Czarny",5 899.00 zł,"https://f00.esfr.pl/foto/6/145618995057/79270af8e3a6dee86634b6b77a05c195/lenovo-laptop-len-ultra7155h-16gb-512gb-14-w11p,145618995057_7.webp","{'Ekran': '14 "",  1920 x 1200 pikseli', 'Procesor': 'Intel® Core™ Ultra 7 14gen 155H', 'Pamięć': '16 GB  DDR5 5600 Mhz RAM', 'Grafika': 'Intel®  Arc™ Graphics', 'Dysk': '512 GB SSD', 'System operacyjny': 'Windows 11 Professional'}"
"Laptop biznesowy Dell Latitude 7350 13,3"" Ultra 5 135U 16GB RAM 512GB Dysk SSD Win11 Pro Srebrny Funkcje AI",6 449.00 zł,"https://f00.esfr.pl/foto/2/155338401513/bc52ba6e402db085757e8c9ea0dc8913/dell-laptop-dell-ultra-5135u-16-512-13-3-w11p_1,155338401513_7.webp","{'Ekran': '13,3 "",  1920 x 1200 pikseli 60 Hz', 'Procesor': 'Intel® Core™ Ultra 5 14gen 135U', 'Pamięć': '16 GB   LPDDR5x 6400 Mhz RAM', 'Grafika': 'Intel®  Graphics', 'Dysk': '512 GB SSD', 'System operacyjny': 'Windows 11 Professional'}"
"Laptop gamingowy HIRO 15,6"" Intel® Core™ i7-9750H 16GB RAM 512GB Dysk SSD GTX1660Ti Win10 Szary",6 549.00 zł,"https://f00.esfr.pl/foto/1/84371357393/dac3616b460516e5d499a413e250bd62/hiro-laptop-hiro-i7-16gb-512ssd-gtx1660ti-w10,84371357393_7.webp","{'Ekran': '15,6 "",  1920 x 1080 pikseli', 'Procesor': 'Intel® Core™ i7 9gen 9750H', 'Pamięć': '16 GB  DDR4 2666 MHz RAM', 'Grafika': 'NVIDIA® NVIDIA GeForce GTX™ 1660 Ti + Intel UHD Graphics', 'Dysk': '512 GB SSD', 'System operacyjny': 'Windows 10 Home Edition'}"
"Laptop gamingowy Lenovo Legion 7 15IMH05 15,6"" 144Hz i7-10750H 16GB RAM 1TB Dysk SSD RTX2080SMQ Szary",9 399.00 zł,"https://f00.esfr.pl/foto/5/72522230465/b2c88d896b32366e5d203264f4b33507/lenovo-laptop-l7-i7-16gb-1tbssd-2080s-no-os,72522230465_7.webp","{'Ekran': '15,6 "",  1920 x 1080 pikseli 144 Hz', 'Procesor': 'Intel® Core™ i7 10gen 10750H', 'Pamięć': '16 GB  DDR4 2933 MHz RAM', 'Grafika': 'NVIDIA® GeForce RTX™ 2080 Super Max-Q + Intel UHD Graphics', 'Dysk': '1 TB SSD', 'System operacyjny': 'bez systemu'}"
"Laptop gamingowy HIRO X570T 15,6"" 144Hz i7-12700H 16GB RAM 1TB Dysk SSD RTX3070Ti Win11 Czarny",9 949.00 zł,"https://f00.esfr.pl/foto/9/106709321129/f8aca5132511ab9e732748a70a506b47/hiro-laptop-x570t-i7-16gb-1tbssd-3070ti-w11,106709321129_7.webp","{'Ekran': '15,6 "",  1920 x 1080 pikseli 144 Hz', 'Procesor': 'Intel® Core™ i7 12gen 12700H', 'Pamięć': '16 GB  DDR4 3200 MHz RAM', 'Grafika': 'NVIDIA® GeForce RTX™ 3070 Ti + Intel Iris Xe Graphics', 'Dysk': '1 TB SSD', 'System operacyjny': 'Windows 11 Home Edition'}"
"Laptop Dell XPS 13 9320-3912 OLED 13,4"" i7-1260P 16GB RAM 1TB Dysk SSD Win11 Platynowy",11 499.00 zł,"https://f00.esfr.pl/foto/9/120043511521/a4a133f7c57496f0f9f75081e477d600/dell-laptop-xps-13-i7-16gb-1tbssd-w11_1,120043511521_7.webp","{'Ekran': '13,4 "", ekran dotykowy 3456 x 2160 pikseli 60 Hz', 'Procesor': 'Intel® Core™ i7 1260P', 'Pamięć': '16 GB  LPDDR5 5200 Mhz RAM', 'Grafika': 'Intel®  UHD Graphics', 'Dysk': '1 TB SSD', 'System operacyjny': 'Windows 11 Home Edition'}"
"Laptop gamingowy Razer Blade 15 15,6"" 360Hz i7-12800H -16GB RAM 1TB Dysk SSD RTX3070Ti Win11 Czarny",12 560.00 zł,"https://f00.esfr.pl/foto/5/104226150569/e15dc3cfeb415542b79983ec45729034/razer-laptop-blade15-i7-16gb-1tb-3070ti-w11_1,104226150569_7.webp","{'Ekran': '15,6 "",  1920 x 1080 pikseli 360 Hz', 'Procesor': 'Intel® Core™ i7 12800H', 'Pamięć': '16 GB  DDR5 4800 Mhz RAM', 'Grafika': 'NVIDIA® GeForce RTX 3070 Ti + Intel Iris Xe Graphics', 'Dysk': '1 TB SSD', 'System operacyjny': 'Windows 11 Home Edition'}"
Laptop Dell Inspiron 5625-6426 16' R5 5625U 16GB RAM 512GB Dysk SSD Win11 Srebrny,3 150.00 zł,"https://f00.esfr.pl/foto/5/100781804489/e50145cbe0b8cb174e5018139ffdd5fa/dell-laptop-5625-16-r5-16gb-512ssd-w11,100781804489_7.webp","{'Ekran': '16 "",  1920 x 1200 pikseli', 'Procesor': 'AMD Ryzen™ 5 5625U', 'Pamięć': '16 GB  DDR4 3200 MHz RAM', 'Grafika': 'AMD  Radeon™ Graphics', 'Dysk': '512 GB SSD', 'System operacyjny': 'Windows 11 Home Edition'}"
"Laptop gamingowy Dell Alienware x16 AX16-6603 16"" 240Hz i9-13900HK 32GB RAM 2TB Dysk SSD RTX4080 DLSS3 Win11 Srebrny",17 000.00 zł,"https://f00.esfr.pl/foto/7/133671200553/80af323e74e522cfeb873528c7916a4c/dell-laptop-aw-16-i9-32gb-2tb-4080-w11_1,133671200553_7.webp","{'Ekran': '16 "",  2560 x 1600 pikseli 240 Hz', 'Procesor': 'Intel® Core™ i9 13gen 13900HK', 'Pamięć': '32 GB  LPDDR5 6000 Mhz RAM', 'Grafika': 'NVIDIA® GeForce RTX™ 4080 + Intel Iris Xe Graphics', 'Dysk': '2 TB SSD', 'System operacyjny': 'Windows 11 Home Edition'}"
"Laptop ASUS Vivobook S14 S3407QA-KP003W 14"" Snapdragon X X1-26-100 16GB RAM 512GB Dysk SSD Win11 Szary Funkcje AI",3 330.00 zł,"https://f00.esfr.pl/foto/2/162043570489/237378ecbaf5a071ea156c92370ee3f1/asus-laptop-vivobook-s-14-x1-16-512gb-w11,162043570489_7.webp","{'Ekran': '14 "",  2560 x 1600 pikseli 60 Hz', 'Procesor': 'Qualcomm® Snapdragon® X X1-26-100', 'Pamięć': '16 GB  LPDDR5X RAM', 'Grafika': 'Qualcomm®  Adreno™', 'Dysk': '512 GB SSD', 'System operacyjny': 'Windows 11 Home Edition'}"
"Laptop 2w1 Lenovo ThinkPad X1 Titanium Yoga Gen1 13,5"" i7-1160G7 16GB RAM 512GB Dysk SSD Win10 Pro Tytanowy",6 375.00 zł,"https://f00.esfr.pl/foto/4/92043477353/6cc21f197656b262ac330cdc624f956f/lenovo-laptop-x1-i7-1160-16gb-512ssd-w10p,92043477353_7.webp","{'Ekran': '13,5 "", ekran dotykowy 2256 x 1504 pikseli', 'Procesor': 'Intel® Core™ i7 11gen 1160G7', 'Pamięć': '16 GB  LPDDR4X RAM', 'Grafika': 'Intel®  Iris Xe Graphics', 'Dysk': '512 GB SSD', 'System operacyjny': 'Windows 10 Professional'}"
"Laptop gamingowy Dell G15 5521-4353 SE 15,6"" 165Hz i7-12700H 16GB RAM 1TB Dysk SSD RTX3070Ti Win11 Czarny",6 800.00 zł,"https://f00.esfr.pl/foto/6/100781821961/e5a850eab3de83e7e551dc2d26653b88/dell-laptop-g15-i7-16gb-1tbssd-3070ti-w11,100781821961_7.webp","{'Ekran': '15,6 "",  1920 x 1080 pikseli 165 Hz', 'Procesor': 'Intel® Core™ i7 12gen 12700H', 'Pamięć': '16 GB  DDR5 4800 Mhz RAM', 'Grafika': 'NVIDIA® GeForce RTX™ 3070 Ti + Intel Iris Xe Graphics', 'Dysk': '1 TB SSD', 'System operacyjny': 'Windows 11 Home Edition'}"
"Laptop gamingowy ASUS TUF Dash F15 FX516PR-AZ024 15,6"" 240Hz Intel® Core™ i7-11370H 16GB RAM 1TB SSD Dysk RTX3070 Grafika Biały",6 885.00 zł,"https://f00.esfr.pl/foto/8/78062851921/e6aa0328c08c43eded4f49cd90f36bd2/asus-laptop-fx516-i7-16gb-1tbssd-3070-no-os_1,78062851921_7.webp","{'Ekran': '15,6 "",  1920 x 1080 pikseli 240 Hz', 'Procesor': 'Intel® Core™ i7 11gen 11370H', 'Pamięć': '16 GB  DDR4 3200 MHz RAM', 'Grafika': 'NVIDIA® GeForce RTX™ 3070 + Intel Iris Xe Graphics', 'Dysk': '1 TB SSD', 'System operacyjny': 'bez systemu'}"
"Laptop Dell Latitude 7440 14"" i7-1365U 16GB RAM 512GB Dysk SSD Win11 Pro Srebrny",7 650.00 zł,"https://f00.esfr.pl/foto/1/133344370273/31134742240c3a7efd868e0f155124d5/dell-laptop-dell-i7-1365u-16gb-512gb-14-w11p,133344370273_7.webp","{'Ekran': '14 "",  1920 x 1200 pikseli 60 Hz', 'Procesor': 'Intel® Core™ i7 13gen 1365U', 'Pamięć': '16 GB  LPDDR5 RAM', 'Grafika': 'Intel®  Iris Xe Graphics', 'Dysk': '512 GB SSD', 'System operacyjny': 'Windows 11 Professional'}"
"Laptop biznesowy Lenovo ThinkPad X1 Fold 16 Gen 1 OLED 16,3"" i7-1260U 32GB RAM 1TB Dysk SSD Win11 Pro Czarny",16 575.00 zł,"https://f00.esfr.pl/foto/3/143257123049/8e514e9f938c0c21fb21560e12f6ca92/lenovo-laptop-lenovo-x1-i7-1260u-32g-1tb-w11p,143257123049_7.webp","{'Ekran': '16,3"", ekran dotykowy 2560 x 2024 pikseli', 'Procesor': 'Intel® Core™ i7 12gen 1260U', 'Pamięć': '32 GB  LPDDR5 5200 Mhz RAM', 'Grafika': 'Intel®  UHD Graphics', 'Dysk': '1 TB SSD', 'System operacyjny': 'Windows 11 Professional'}"
"Laptop 2w1 Lenovo Yoga C930-13IKB 13,9"" i5-8250U 8GB RAM 512GB Dysk SSD Win10 Szary",5 490.00 zł,"https://f00.esfr.pl/foto/1/41085915001/1f79e9e290e119654d33f298c2e4263e/lenovo-yoga-c930-13ikb-13-9-intel-core-i5-8250u-8gb-ram-512gb-dysk-win10-,41085915001_7.webp","{'Ekran': '13,9 "", ekran dotykowy 1920 x 1080 pikseli 60 Hz', 'Procesor': 'Intel® Core™ i5 8gen 8250U', 'Pamięć': '8 GB  DDR4 2400 MHz RAM', 'Grafika': 'Intel®  UHD Graphics 620', 'Dysk': '512 GB SSD', 'System operacyjny': 'Windows 10 Home Edition'}"
"Laptop biznesowy Dell Latitude 7640 16"" i7-1355U 16GB RAM 512GB Dysk SSD Win11 Pro Szary",7 395.00 zł,"https://f00.esfr.pl/foto/5/133344658353/d0c1e476f58e8b8a43accdadc7842c46/dell-laptop-dell-i7-1355u-16gb-512gb-16-w11p,133344658353_7.webp","{'Ekran': '16 "",  1920 x 1200 pikseli 60 Hz', 'Procesor': 'Intel® Core™ i7 13gen 1355U', 'Pamięć': '16 GB  LPDDR5 4800 Mhz RAM', 'Grafika': 'Intel®  Iris Xe Graphics', 'Dysk': '512 GB SSD', 'System operacyjny': 'Windows 11 Professional'}"
Laptop gamingowy Dell XPS 17 9720-8458 17'' i7-12700H 16GB RAM 1TB Dysk SSD RTX3060 Win11 Pro Srebrny,12 400.00 zł,"https://f00.esfr.pl/foto/8/105860330777/ebeb27a0dfc2390573cb42268f1e7ff3/dell-laptop-xps-17-i7-16gb-1tbssd-3060-w11p,105860330777_7.webp","{'Ekran': '17 "", ekran dotykowy 3840 x 2400 pikseli', 'Procesor': 'Intel® Core™ i7 12gen 12700H', 'Pamięć': '16 GB  DDR5 4800 Mhz RAM', 'Grafika': 'NVIDIA® GeForce RTX™ 3060 + Intel Iris Xe Graphics', 'Dysk': '1 TB SSD', 'System operacyjny': 'Windows 11 Professional'}"
"Laptop gamingowy Lenovo Legion S7 15ACH6 15,6"" 165Hz R7 5800H 16GB RAM 512GB Dysk SSD RTX3050Ti Win10 Szary",5 865.00 zł,"https://f00.esfr.pl/foto/3/102722293953/d7e1e58302e5b06241f5c236c3ce6642/lenovo-laptop-l7-r5-16gb-512ssds-rtx-w10,102722293953_7.webp","{'Ekran': '15,6 "",  1920 x 1080 pikseli 165 Hz', 'Procesor': 'AMD Ryzen™ 7 5800H', 'Pamięć': '16 GB  DDR4 3200 MHz RAM', 'Grafika': 'NVIDIA® GeForce RTX™ 3050 Ti + AMD Radeon™  Graphics', 'Dysk': '512 GB SSD', 'System operacyjny': 'Windows 10 Home Edition'}"
"Laptop MSI Creator 15 A10UET-201PL 15,6"" i7-10875H 16GB RAM 1TB Dysk SSD RTX3060 Win10 Pro Szary",10 080.00 zł,"https://f00.esfr.pl/foto/5/79972761057/69845ad7442869867f87cb9109308c3c/msi-laptop-c15-i7-16gb-3060-w10p,79972761057_7.webp","{'Ekran': '15,6 "", ekran dotykowy 1920 x 1080 pikseli 60 Hz', 'Procesor': 'Intel® Core™ i7 10gen 10875H', 'Pamięć': '16 GB  DDR4 3200 MHz RAM', 'Grafika': 'NVIDIA® GeForce RTX™ 3060 + Intel UHD Graphics', 'Dysk': '1 TB SSD', 'System operacyjny': 'Windows 10 Professional'}"
"Laptop gamingowy Lenovo Legion Pro 5 16IAX10 OLED 16"" 165Hz Ultra 9 275HX 32GB RAM 1TB Dysk SSD RTX5060 DLSS4 Czarny Funkcje AI",,"https://f00.esfr.pl/foto/6/187619370057/144499779069ec08dad639de0f5751d7/lenovo-laptop-lp7-u9-32gb-1tb-nos-rtx5060,187619370057_7.webp","{'Ekran': '16 "",  2560 x 1600 pikseli 165 Hz', 'Procesor': 'Intel® Core™ Ultra 9 15gen 275HX', 'Pamięć': '32 GB  DDR5 5600 Mhz RAM', 'Grafika': 'NVIDIA® GeForce RTX™ 5060 + Intel Graphics', 'Dysk': '1 TB SSD', 'System operacyjny': 'bez systemu'}"
"Laptop gamingowy Gigabyte Gaming A16 3THK3EE893SH 16"" 165Hz R7 260 16GB RAM 512GB Dysk SSD RTX5050 DLSS4 Win11 Czarny Funkcje AI",,"https://f00.esfr.pl/foto/6/173811870289/f5110a78a761155af4ba745c6ace3356/gigabyte-laptop-giga-a16-r7-16gb-512gb-5050-w11,173811870289_7.webp","{'Ekran': '16 "",  1920 x 1200 pikseli 165 Hz', 'Procesor': 'AMD Ryzen™ 7 260', 'Pamięć': '16 GB  DDR5 5600 Mhz RAM', 'Grafika': 'NVIDIA® GeForce RTX 5050 + AMD Radeon™ 780M', 'Dysk': '512 GB SSD', 'System operacyjny': 'Windows 11 Home Edition'}"
Laptop 2w1 HP OmniBook Ultra Flip 14-fh0216nw OLED 14'' 120Hz Ultra 9 288V 32GB RAM 1TB Dysk SSD Win11 Szary Funkcje AI,,"https://f00.esfr.pl/foto/3/184148947905/cfd7ffbcc160733b3a1d7d063a8f74a5/hp-laptop-hp-ob-ufai-14-u9-32-1tb-w11,184148947905_7.webp","{'Ekran': '14 "", ekran dotykowy 2880 x 1800 pikseli 120 Hz', 'Procesor': 'Intel® Core™ Ultra 9 15gen 288V', 'Pamięć': '32 GB  LPDDR5x 8533 Mhz RAM', 'Grafika': 'Intel®  Arc Graphics 140V', 'Dysk': '1 TB SSD', 'System operacyjny': 'Windows 11 Home Edition'}"
"Laptop gamingowy MSI Titan 18 HX Dragon Edition Draco Epic 18""240Hz Ultra 9 290HX 96GB RAM 4TB Dysk SSD RTX5090 DLSS4 Win11 Pro Czarny AI",,"https://f00.esfr.pl/foto/7/192277966257/974670b086867188f4289db5cf611625/msi-laptop-msi-titan-18-u9-96-4-5090-w11p,192277966257_7.webp","{'Ekran': '18 "",  3840 x 2400 pikseli 240 Hz', 'Procesor': 'Intel® Core™ Ultra 9 15gen 290HX Plus', 'Pamięć': '96 GB  DDR5 6400 Mhz RAM', 'Grafika': 'NVIDIA® GeForce RTX™ 5090 + Intel Graphics', 'Dysk': '4 TB SSD', 'System operacyjny': 'Windows 11 Professional'}"
"Laptop gamingowy HP Victus 15-fb3078nw 15,6"" 144Hz R7 260 24GB RAM 512GB Dysk SSD RTX5050 DLSS4 Win11 Czarno-srebrny Funkcje AI",,"https://f00.esfr.pl/foto/5/184148874433/93b35aff826d47220dfbce8f43669719/hp-laptop-hp-vic-15-r7-24-512gb-5050-w11,184148874433_7.webp","{'Ekran': '15,6 "",  1920 x 1080 pikseli 144 Hz', 'Procesor': 'AMD Ryzen™ 7 260', 'Pamięć': '24 GB  DDR5 5600 Mhz RAM', 'Grafika': 'NVIDIA® GeForce RTX™ 5050 + AMD Radeon™ 780M', 'Dysk': '512 GB SSD', 'System operacyjny': 'Windows 11 Home Edition'}"
"Apple MacBook Air 2025 15,3"" M4 16GB RAM 512GB Dysk macOS Błękitny 70W Funkcje AI",,"https://f00.esfr.pl/foto/5/165147977201/1cydbuzrz2ogz/apple-laptop-mba-15-m4-10-10-16gb-512gb-sb-70w,165147977201_7.webp","{'Ekran': '15,3"",  2880 x 1864 pikseli', 'Procesor': 'Apple M4', 'Pamięć': '16 GB  zunifikowana RAM', 'Grafika': 'Apple  M4 (10-rdzeni)', 'Dysk': '512 GB SSD', 'System operacyjny': 'macOS Sequoia lub nowszy'}"
"Laptop gamingowy Gigabyte Gaming A18 3VHK3EEF93SD 18"" 165Hz R7 260 16GB RAM 512GB Dysk SSD RTX5060 DLSS4 Czarny Funkcje AI",,"https://f00.esfr.pl/foto/1/173812021065/4ba17aa7aa545ee8ca40ffcfee37393d/gigabyte-laptop-giga-a18-r7-16gb-512gb-5060-dos_1,173812021065_7.webp","{'Ekran': '18 "",  1920 x 1200 pikseli 165 Hz', 'Procesor': 'AMD Ryzen™ 7 260', 'Pamięć': '16 GB  DDR5 5600 Mhz RAM', 'Grafika': 'NVIDIA® GeForce RTX 5060 + AMD Radeon™ 780M', 'Dysk': '512 GB SSD', 'System operacyjny': 'bez systemu'}"
"Apple MacBook Air 2025 15,3"" M4 16GB RAM 512GB Dysk macOS Srebrny 70W Funkcje AI",,"https://f00.esfr.pl/foto/9/165147820657/4tivv8d40s16/apple-laptop-mba-15-m4-10-10-16gb-512gb-s-70w,165147820657_7.webp","{'Ekran': '15,3"",  2880 x 1864 pikseli', 'Procesor': 'Apple M4', 'Pamięć': '16 GB  zunifikowana RAM', 'Grafika': 'Apple  M4 (10-rdzeni)', 'Dysk': '512 GB SSD', 'System operacyjny': 'macOS Sequoia lub nowszy'}"
"Apple MacBook Air 2025 15,3"" M4 24GB RAM 512GB Dysk macOS Srebrny 70W Funkcje AI",,"https://f00.esfr.pl/foto/7/165147723473/1dv93ff06hcy7/apple-laptop-mba-15-m4-10-10-24gb-512gb-s-70w,165147723473_7.webp","{'Ekran': '15,3"",  2880 x 1864 pikseli', 'Procesor': 'Apple M4', 'Pamięć': '24 GB  zunifikowana RAM', 'Grafika': 'Apple  M4 (10-rdzeni)', 'Dysk': '512 GB SSD', 'System operacyjny': 'macOS Sequoia lub nowszy'}"
"Apple MacBook Air 2025 13,6"" M4 24GB RAM 512GB Dysk macOS Błękitny Funkcje AI",,"https://f00.esfr.pl/foto/2/159937723345/10qx7ycmu4lw4/apple-laptop-mba-13-m4-10-10-24gb-512gb-sb,159937723345_7.webp","{'Ekran': '13,6 "",  2560 x 1664 pikseli', 'Procesor': 'Apple M4', 'Pamięć': '24 GB  zunifikowana RAM', 'Grafika': 'Apple  M4 (10-rdzeni)', 'Dysk': '512 GB SSD', 'System operacyjny': 'macOS Sequoia lub nowszy'}"
"Laptop gamingowy MSI Cyborg 17 B13WFKG-267XPL 17,3"" 144Hz i7-13620H 16GB RAM 512GB Dysk SSD RTX5060 DLSS4 Czarny Funkcje AI",,"https://f00.esfr.pl/foto/2/190295115185/e885a9b7400cf5f8ac4fc164864208b4/msi-laptop-msi-cyborg-17-i7-16-512-5060-nos,190295115185_7.webp","{'Ekran': '17,3 "",  1920 x 1080 pikseli 144 Hz', 'Procesor': 'Intel® Core™ i7 13gen 13620H', 'Pamięć': '16 GB  DDR5 5200 Mhz RAM', 'Grafika': 'NVIDIA® GeForce RTX™ 5060 + Intel UHD Graphics', 'Dysk': '512 GB SSD', 'System operacyjny': 'bez systemu'}"
"Apple MacBook Air 2023 15,3"" M2 8GB RAM 256GB Dysk macOS Północ",,"https://f00.esfr.pl/foto/3/126652669377/303c3793ec3379dac1abde3c694be473/apple-macbook-air-2023-15-3-m2-8gb-ram-256gb-dysk-macos-polnoc,126652669377_7.webp","{'Ekran': '15,3"",  2880 x 1864 pikseli', 'Procesor': 'Apple M2', 'Pamięć': '8 GB  zunifikowana RAM', 'Grafika': 'Apple  M2 (10-rdzeni)', 'Dysk': '256 GB SSD', 'System operacyjny': 'macOS Ventura lub nowszy'}"
"Laptop ASUS ROG Flow Z13 GZ302EA-RU126W 13,4"" 180Hz Ryzen AI MAX+ 395 64GB RAM 1TB Dysk SSD Win11 Home Czarny Funkcje AI",,"https://f00.esfr.pl/foto/1/170731081641/2d59cf41c0b1a663933661d3268c2ea1/asus-rog-flow-z13-2025-gz302ea-ru126w,170731081641_7.webp","{'Ekran': '13,4 "", ekran dotykowy 2560 x 1600 pikseli 180 Hz', 'Procesor': 'AMD Ryzen™ Al Max+ 395', 'Pamięć': '64 GB  LPDDR5x 8000 Mhz RAM', 'Grafika': 'AMD  Radeon™ 8060S Graphics', 'Dysk': '1 TB SSD', 'System operacyjny': 'Windows 11 Home Edition'}"
"Apple MacBook Air 2025 15,3"" M4 16GB RAM 512GB Dysk macOS Księżycowa poświata 70W Funkcje AI",,"https://f00.esfr.pl/foto/7/165147775361/ykicyhrazoy4/apple-laptop-mba-15-m4-10-10-16gb-512gb-sl-70w,165147775361_7.webp","{'Ekran': '15,3"",  2880 x 1864 pikseli', 'Procesor': 'Apple M4', 'Pamięć': '16 GB  zunifikowana RAM', 'Grafika': 'Apple  M4 (10-rdzeni)', 'Dysk': '512 GB SSD', 'System operacyjny': 'macOS Sequoia lub nowszy'}"
Laptop gamingowy HP OMEN MAX 16-ak0010nw 16'' 240Hz Ryzen AI 9 HX 375 32GB RAM 1TB Dysk SSD RTX5080 DLSS4 Win11 Czarny Funkcje AI,,"https://f00.esfr.pl/foto/6/184149146889/2be150459d9bbdf749614a878dce9ac0/hp-laptop-hp-om-r9ai-16-32-1tb-5080-w11,184149146889_7.webp","{'Ekran': '16 "",  2560 x 1600 pikseli 240 Hz', 'Procesor': 'AMD Ryzen™ AI 9 375', 'Pamięć': '32 GB  DDR5 5600 Mhz RAM', 'Grafika': 'NVIDIA® GeForce RTX™ 5080 + AMD Radeon™ 890M', 'Dysk': '1 TB SSD', 'System operacyjny': 'Windows 11 Home Edition'}"
"Apple MacBook Air 2025 15,3"" M4 16GB RAM 512GB Dysk macOS Północ 70W Funkcje AI",,"https://f00.esfr.pl/foto/8/165147835177/1s1wuzkr0k4rv/apple-laptop-mba-15-m4-10-10-16gb-512gb-m-70w,165147835177_7.webp","{'Ekran': '15,3"",  2880 x 1864 pikseli', 'Procesor': 'Apple M4', 'Pamięć': '16 GB  zunifikowana RAM', 'Grafika': 'Apple  M4 (10-rdzeni)', 'Dysk': '512 GB SSD', 'System operacyjny': 'macOS Sequoia lub nowszy'}"
"Laptop biznesowy HP EliteBook 6 G1i 14"" Ultra 5 225U 24GB RAM 512GB Dysk SSD Win11 Pro Srebrny Funkcje AI",,"https://f00.esfr.pl/foto/7/181421786649/51363d0af5e7a5e61d7941eeec2f31e6/hp-laptop-hp-eb6-14-u5-24-512-w11,181421786649_7.webp","{'Ekran': '14 "",  1920 x 1200 pikseli', 'Procesor': 'Intel® Core™ Ultra 5 15gen 225U', 'Pamięć': '24 GB  DDR5 5600 Mhz RAM', 'Grafika': 'Intel®  Graphics', 'Dysk': '512 GB SSD', 'System operacyjny': 'Windows 11 Professional'}"
"Apple MacBook Air 2025 13,6"" M4 16GB RAM 512GB Dysk macOS Srebrny Funkcje AI",,"https://f00.esfr.pl/foto/7/159937831753/7tjv83stz50c/apple-laptop-mba-13-m4-10-10-16gb-512gb-s,159937831753_7.webp","{'Ekran': '13,6 "",  2560 x 1664 pikseli', 'Procesor': 'Apple M4', 'Pamięć': '16 GB  zunifikowana RAM', 'Grafika': 'Apple  M4 (10-rdzeni)', 'Dysk': '512 GB SSD', 'System operacyjny': 'macOS Sequoia lub nowszy'}"
"Laptop ASUS Vivobook 16 X1605VA-MB2825W 16"" Core 9 270H 24GB RAM 512GB Dysk SSD Win11 Srebrny Funkcje AI",,"https://f00.esfr.pl/foto/2/185048882561/3801b50ee8e30f174d8579dcf89c8c89/asus-laptop-as-vb-16-c9-24-512-w11-825w,185048882561_7.webp","{'Ekran': '16 "",  1920 x 1200 pikseli 60 Hz', 'Procesor': 'Intel® Core™ 9 Series 2 270H', 'Pamięć': '24 GB  DDR5 RAM', 'Grafika': 'Intel®  Graphics', 'Dysk': '512 GB SSD', 'System operacyjny': 'Windows 11 Home Edition'}"
"Laptop gamingowy MSI Katana 15 HX B14WGK-061XPL 15,6"" 165Hz i7-14650HX 16GB RAM 1TB Dysk SSD RTX5070 DLSS4 Czarny",,"https://f00.esfr.pl/foto/3/168751887393/43674c9d523679cf7655be1bdbb265b3/msi-laptop-msi-katana-15-i7-16-1tb-5070-nos,168751887393_7.webp","{'Ekran': '15,6 "",  2560 x 1440 pikseli 165 Hz', 'Procesor': 'Intel® Core™ i7 14gen 14650HX', 'Pamięć': '16 GB  DDR5 5600 Mhz RAM', 'Grafika': 'NVIDIA® GeForce RTX™ 5070 + Intel UHD Graphics', 'Dysk': '1 TB SSD', 'System operacyjny': 'bez systemu'}"
"Apple MacBook Air 2025 15,3"" M4 24GB RAM 512GB Dysk macOS Północ 70W Funkcje AI",,"https://f00.esfr.pl/foto/2/165147631129/v98z6vojhpxg/apple-laptop-mba-15-m4-10-10-24gb-512gb-m-70w,165147631129_7.webp","{'Ekran': '15,3"",  2880 x 1864 pikseli', 'Procesor': 'Apple M4', 'Pamięć': '24 GB  zunifikowana RAM', 'Grafika': 'Apple  M4 (10-rdzeni)', 'Dysk': '512 GB SSD', 'System operacyjny': 'macOS Sequoia lub nowszy'}"
"Laptop gamingowy Lenovo Legion Pro 5 16IAX10 OLED 16"" 165Hz Ultra 7 255HX 32GB RAM 1TB Dysk SSD RTX5070 DLSS4 Win11 Czarny Funkcje AI",,"https://f00.esfr.pl/foto/6/179829216953/144499779069ec08dad639de0f5751d7/lenovo-laptop-l5-pro-16-u7-32gb-1tb-5070-w11,179829216953_7.webp","{'Ekran': '16 "",  2560 x 1600 pikseli 165 Hz', 'Procesor': 'Intel® Core™ Ultra 7 15gen 255HX', 'Pamięć': '32 GB  DDR5 5600 Mhz RAM', 'Grafika': 'NVIDIA® GeForce RTX™ 5070 + Intel Graphics', 'Dysk': '1 TB SSD', 'System operacyjny': 'Windows 11 Home Edition'}"
"Apple MacBook Air 2026 13,6"" M5 10/8 16GB RAM 512GB Dysk macOS Srebrny Funkcje AI",,"https://f00.esfr.pl/foto/4/187426543801/c1beeffdc9aeb2be573cfbeece50d15f/apple-macbook-air-2026-13-6-m5-10-8-16gb-ram-512gb-dysk-macos-srebrny-funkcje-ai,187426543801_7.webp","{'Ekran': '13,6 "",  2560 x 1664 pikseli', 'Procesor': 'Apple M5', 'Pamięć': '16 GB  zunifikowana RAM', 'Grafika': 'Apple  M5 (8-rdzeni)', 'Dysk': '512 GB SSD', 'System operacyjny': 'macOS'}"
"Laptop gamingowy Acer Nitro 5 AN515-58-720R 15,6"" 144Hz i7-12650H 16GB RAM 512GB Dysk SSD RTX4050 DLSS3 Win11 Czarny",,"https://f00.esfr.pl/foto/8/128745113033/a1aee5bccbf69203427d4b7566325d2b/acer-laptop-nitro-5-i7-16gb-512gb-4050-w11,128745113033_7.webp","{'Ekran': '15,6 "",  1920 x 1080 pikseli 144 Hz', 'Procesor': 'Intel® Core™ i7 12gen 12650H', 'Pamięć': '16 GB  DDR5 4800 Mhz RAM', 'Grafika': 'NVIDIA® GeForce RTX™ 4050 + Intel UHD Graphics', 'Dysk': '512 GB SSD', 'System operacyjny': 'Windows 11 Home Edition'}"
"Laptop Dell Alienware 16X Aurora AC16251 16"" 240Hz Ultra 9 275HX 32GB RAM 2TB Dysk SSD RTX5070 DLSS4 Win11 Granatowy Funkcje AI",,"https://f00.esfr.pl/foto/9/172392648257/1c8482edd47bf5bcd48906c5c51bb557/dell-laptop-aw-16xaurora-u9-32gb-2tb-5070-w11,172392648257_7.webp","{'Ekran': '16 "",  2560 x 1600 pikseli 240 Hz', 'Procesor': 'Intel® Core™ Ultra 9 15gen 275HX', 'Pamięć': '32 GB  DDR5 5600 Mhz RAM', 'Grafika': 'NVIDIA® GeForce RTX™ 5070 + Intel Graphics', 'Dysk': '2 TB SSD', 'System operacyjny': 'Windows 11 Home Edition'}"
"Laptop biznesowy Lenovo ThinkBook 16 G9 IRL 16"" Core 5 210H 16GB RAM 512GB Dysk SSD Win11 Pro Szary Funkcje AI",,"https://f00.esfr.pl/foto/6/181421900465/bd4e37254057c4dddc082a1955f5afb/lenovo-laptop-tb16-16-i5-16gb-512gb-w11p,181421900465_7.webp","{'Ekran': '16 "",  1920 x 1200 pikseli 60 Hz', 'Procesor': 'Intel® Core™ 5 15gen 210H', 'Pamięć': '16 GB  DDR5 5600 Mhz RAM', 'Grafika': 'Intel®  Graphics', 'Dysk': '512 GB SSD', 'System operacyjny': 'Windows 11 Professional'}"
"Laptop biznesowy HP ProBook 4 G1i 14"" Ultra 7 255U 16GB RAM 512GB Dysk SSD Win11 Pro Srebrny Funkcje AI",,"https://f00.esfr.pl/foto/2/184605328137/a1e15c1c621ecd53db1c5b722020abf5/hp-laptop-hp-4g1i-u7-255u-16-512gb-14-w11p,184605328137_7.webp","{'Ekran': '14 "",  1920 x 1200 pikseli 60 Hz', 'Procesor': 'Intel® Core™ Ultra 7 15gen 255U', 'Pamięć': '16 GB  DDR5 5600 Mhz RAM', 'Grafika': 'Intel®  Graphics', 'Dysk': '512 GB SSD', 'System operacyjny': 'Windows 11 Professional'}"
"Laptop ASUS TUF Gaming F15 FX507VV-LP142W 15,6"" 144Hz i7-13620H 16GB RAM 1TB Dysk SSD RTX4060 DLSS3 Win11 Szary",,"https://f00.esfr.pl/foto/3/138605728177/3038d595fbaf2856f5bb55b57feb315a/asus-laptop-fx507-i7-16gb-1tb-4060-w11,138605728177_7.webp","{'Ekran': '15,6 "",  1920 x 1080 pikseli 144 Hz', 'Procesor': 'Intel® Core™ i7 13gen 13620H', 'Pamięć': '16 GB  DDR5 4800 Mhz RAM', 'Grafika': 'NVIDIA® GeForce RTX™ 4060 + Intel UHD Graphics', 'Dysk': '1 TB SSD', 'System operacyjny': 'Windows 11 Home Edition'}"
"Laptop biznesowy HP EliteBook 8 G1i 14"" Ultra 7 255U 32GB RAM 1TB Dysk SSD Win11 Pro Srebrny Funkcje AI",,"https://f00.esfr.pl/foto/7/183280696209/896ec06196548c23bbe54563c2265d8d/hp-laptop-hp-eb8-u7255u-32gb-1tb-14-w11p,183280696209_7.webp","{'Ekran': '14 "",  1920 x 1200 pikseli', 'Procesor': 'Intel® Core™ Ultra 7 15gen 255U', 'Pamięć': '32 GB  DDR5 5600 Mhz RAM', 'Grafika': 'Intel®  Graphics', 'Dysk': '1 TB SSD', 'System operacyjny': 'Windows 11 Professional'}"
"Laptop Acer Swift X 14 SFX14-73G OLED 14,5"" Ultra 9 285H 32GB RAM 1TB Dysk SSD RTX5060 DLSS4 Win11 Szary Funkcje AI",,"https://f00.esfr.pl/foto/4/185282934001/c78ee6162548c6519224879b1c9948db/acer-laptop-acer-sfx14-u9-32gb-1tb-5060-w11-t,185282934001_7.webp","{'Ekran': '14,5 "", ekran dotykowy 2880 x 1800 pikseli 120 Hz', 'Procesor': 'Intel® Core™ Ultra 9 15gen 285H', 'Pamięć': '32 GB  LPDDR5X RAM', 'Grafika': 'NVIDIA® GeForce RTX 5060 + Intel Arc Graphics 140T', 'Dysk': '1 TB SSD', 'System operacyjny': 'Windows 11 Home Edition'}"
"Apple MacBook Air 2025 13,6"" M4 16GB RAM 512GB Dysk macOS Północ Funkcje AI",,"https://f00.esfr.pl/foto/9/159937640593/ixr5xlteinoq/apple-laptop-mba-13-m4-10-10-16gb-512gb-m,159937640593_7.webp","{'Ekran': '13,6 "",  2560 x 1664 pikseli', 'Procesor': 'Apple M4', 'Pamięć': '16 GB  zunifikowana RAM', 'Grafika': 'Apple  M4 (10-rdzeni)', 'Dysk': '512 GB SSD', 'System operacyjny': 'macOS Sequoia lub nowszy'}"
"Laptop biznesowy Lenovo ThinkBook 14 G8 IAL 14"" Ultra 5 225U 16GB RAM 512GB Dysk SSD Win11 Pro Szary Funkcje AI",,"https://f00.esfr.pl/foto/8/164170219385/9e63c42f02c72e809cff20f13c397a00/lenovo-laptop-lenovo-ultra5225u16-512gb-14-w11p,164170219385_7.webp","{'Ekran': '14 "",  1920 x 1200 pikseli 60 Hz', 'Procesor': 'Intel® Core™ Ultra 5 15gen 225U', 'Pamięć': '16 GB  DDR5 5600 Mhz RAM', 'Grafika': 'Intel®  Graphics', 'Dysk': '512 GB SSD', 'System operacyjny': 'Windows 11 Professional'}"
"Laptop HP OmniBook 7 17-dc0217nw 17,3"" Ultra 7 258V 32GB RAM 1TB Dysk SSD Win11 Srebrny Funkcje AI",,"https://f00.esfr.pl/foto/3/181421830377/be017bc3351dbcf4bfbe1b39ca0ef04c/hp-laptop-hp-ob7-17-3-u7-32-1-w11,181421830377_7.webp","{'Ekran': '17,3 "", ekran dotykowy 1920 x 1080 pikseli', 'Procesor': 'Intel® Core™ Ultra 7 15gen 258V', 'Pamięć': '32 GB  LPDDR5x 8533 Mhz RAM', 'Grafika': 'Intel®  Arc 140V', 'Dysk': '1 TB SSD', 'System operacyjny': 'Windows 11 Home Edition'}"
"Apple MacBook Air 2025 13,6"" M4 24GB RAM 512GB Dysk macOS Północ Funkcje AI",,"https://f00.esfr.pl/foto/2/159937708977/1ub7irh3q45k2/apple-laptop-mba-13-m4-10-10-24gb-512gb-m,159937708977_7.webp","{'Ekran': '13,6 "",  2560 x 1664 pikseli', 'Procesor': 'Apple M4', 'Pamięć': '24 GB  zunifikowana RAM', 'Grafika': 'Apple  M4 (10-rdzeni)', 'Dysk': '512 GB SSD', 'System operacyjny': 'macOS Sequoia lub nowszy'}"
Laptop ASUS Zenbook 14 UX3405CA-PP009W OLED 14'' 120Hz Ultra 9 285H 32GB RAM 1TB Dysk SSD Win11 Srebrny Funkcje AI,,"https://f00.esfr.pl/foto/9/185048513769/2f2e6915179734b9192cfc7d6ff9a72a/asus-laptop-asus-zb-14-u9-32-1tb-w11,185048513769_7.webp","{'Ekran': '14 "",  2880 x 1800 pikseli 120 Hz', 'Procesor': 'Intel® Core™ Ultra 9 15gen 285H', 'Pamięć': '32 GB  LPDDR5X RAM', 'Grafika': 'Intel®   Arc™ 140T', 'Dysk': '1 TB SSD', 'System operacyjny': 'Windows 11 Home Edition'}"
"Laptop biznesowy HP EliteBook 8 G1a 14"" Ryzen AI 7 Pro 350 32GB RAM 1TB Dysk SSD Win11 Pro Srebrny Funkcje AI",,"https://f00.esfr.pl/foto/7/183279347289/e8390ca747fe5601d770a63fb0d04230/hp-laptop-hp-eb8-r7pro350-32gb-1tb-14-w11p,183279347289_7.webp","{'Ekran': '14 "",  1920 x 1200 pikseli', 'Procesor': 'AMD Ryzen™ AI 7 Pro 350', 'Pamięć': '32 GB  DDR5 5600 Mhz RAM', 'Grafika': 'AMD  Radeon™ 860M Graphics', 'Dysk': '1 TB SSD', 'System operacyjny': 'Windows 11 Professional'}"
"Apple MacBook Air M1 13,3"" M1 8GB RAM 256GB Dysk macOS Gwiezdna Szarość US",,"https://f00.esfr.pl/foto/5/96504040073/79c342bb6c51c3bdec99266a26137bee/apple-laptop-mba-m1-8gb-256ssd-grey-us,96504040073_7.webp","{'Ekran': '13,3 "",  2560 x 1600 pikseli', 'Procesor': 'Apple M1', 'Pamięć': '8 GB  DDR4 RAM', 'Grafika': 'Apple  M1 (7-rdzeni)', 'Dysk': '256 GB SSD', 'System operacyjny': 'macOS Big Sur lub nowszy'}"
"Apple MacBook Air 2026 15,3"" M5 10/10 24GB RAM 1TB Dysk macOS Błękitny Funkcje AI",,"https://f00.esfr.pl/foto/8/187427219577/fef283a68d3bae799e0c90eeb7c41d58/apple-macbook-air-2026-15-3-m5-10-10-24gb-ram-1tb-dysk-macos-blekitny-funkcje-ai,187427219577_7.webp","{'Ekran': '15,3"",  2880 x 1864 pikseli', 'Procesor': 'Apple M5', 'Pamięć': '24 GB  zunifikowana RAM', 'Grafika': 'Apple  M5 (10-rdzeni)', 'Dysk': '1 TB SSD', 'System operacyjny': 'macOS'}"
"Laptop gamingowy ASUS ROG Zephyrus G14 GA403UP-QS005W OLED 14"" 120Hz R9 270 32GB RAM 1TB Dysk SSD RTX5070 DLSS4 Win11 Szary AI",,"https://f00.esfr.pl/foto/3/185048870265/bc1c66ac6aae5d5d83ec20d9ac985d48/asus-laptop-asus-rog-z14-r9-32-1t-5070-w11,185048870265_7.webp","{'Ekran': '14 "",  2880 x 1800 pikseli 120 Hz', 'Procesor': 'AMD Ryzen™ 9 270', 'Pamięć': '32 GB  LPDDR5x 7500 Mhz RAM', 'Grafika': 'NVIDIA® GeForce RTX 5070 + AMD Radeon™ 780M', 'Dysk': '1 TB SSD', 'System operacyjny': 'Windows 11 Home Edition'}"
"Apple MacBook Air 13,6"" M2 8GB RAM 512GB Dysk macOS Gwiezdna Szarość US",,"https://f00.esfr.pl/foto/3/109371317649/640edebe3286e2543518d193c0a6f637/apple-laptop-mba-z15t0006w-m2-8gb-512-grey-us,109371317649_7.webp","{'Ekran': '13,6 "",  2560 x 1664 pikseli', 'Procesor': 'Apple M2', 'Pamięć': '8 GB  zunifikowana RAM', 'Grafika': 'Apple  M2 (8-rdzeni)', 'Dysk': '512 GB SSD', 'System operacyjny': 'macOS Monterey lub nowszy'}"
"Apple MacBook Air 2025 15,3"" M4 16GB RAM 512GB Dysk macOS Księżycowa poświata Funkcje AI",,"https://f00.esfr.pl/foto/9/159937790353/jap4egezfozd/apple-laptop-mba-15-m4-10-10-16gb-512gb-sl,159937790353_7.webp","{'Ekran': '15,3"",  2880 x 1864 pikseli', 'Procesor': 'Apple M4', 'Pamięć': '16 GB  zunifikowana RAM', 'Grafika': 'Apple  M4 (10-rdzeni)', 'Dysk': '512 GB SSD', 'System operacyjny': 'macOS Sequoia lub nowszy'}"
"Apple MacBook Air M1 13,3"" M1 8GB RAM 256GB Dysk macOS Srebrny US",,"https://f00.esfr.pl/foto/6/96504071865/a5df3104c4722e1f6ae99699f097ea42/apple-laptop-mba-m1-8gb-256ssd-silver-us,96504071865_7.webp","{'Ekran': '13,3 "",  2560 x 1600 pikseli', 'Procesor': 'Apple M1', 'Pamięć': '8 GB  DDR4 RAM', 'Grafika': 'Apple  M1 (7-rdzeni)', 'Dysk': '256 GB SSD', 'System operacyjny': 'macOS Big Sur lub nowszy'}"
"Laptop biznesowy HP EliteBook 6 G1i 14"" Ultra 5 225U 16GB RAM 512GB Dysk SSD Win11 Pro Srebrny Funkcje AI",,"https://f00.esfr.pl/foto/6/183280693569/51363d0af5e7a5e61d7941eeec2f31e6/hp-laptop-hp-eb6-u5225u-16gb-512gb-14-w11p,183280693569_7.webp","{'Ekran': '14 "",  1920 x 1200 pikseli', 'Procesor': 'Intel® Core™ Ultra 5 15gen 225U', 'Pamięć': '16 GB  DDR5 5600 Mhz RAM', 'Grafika': 'Intel®  Graphics', 'Dysk': '512 GB SSD', 'System operacyjny': 'Windows 11 Professional'}"
"Apple MacBook Air 2025 15,3"" M4 24GB RAM 512GB Dysk macOS Północ Funkcje AI",,"https://f00.esfr.pl/foto/3/159937762449/k1a1lncz9ni2/apple-laptop-mba-15-m4-10-10-24gb-512gb-m,159937762449_7.webp","{'Ekran': '15,3"",  2880 x 1864 pikseli', 'Procesor': 'Apple M4', 'Pamięć': '24 GB  zunifikowana RAM', 'Grafika': 'Apple  M4 (10-rdzeni)', 'Dysk': '512 GB SSD', 'System operacyjny': 'macOS Sequoia lub nowszy'}"
"Laptop gamingowy Lenovo Legion Pro 5 16IAX10 OLED 16"" 165Hz Ultra 7 255HX 32GB RAM 1TB Dysk SSD RTX5060 DLSS4 Win11 Czarny Funkcje AI",,"https://f00.esfr.pl/foto/8/179829199497/144499779069ec08dad639de0f5751d7/lenovo-laptop-l5-pro-16-u7-32gb-1tb-5060-w11,179829199497_7.webp","{'Ekran': '16 "",  2560 x 1600 pikseli 165 Hz', 'Procesor': 'Intel® Core™ Ultra 7 15gen 255HX', 'Pamięć': '32 GB  DDR5 5600 Mhz RAM', 'Grafika': 'NVIDIA® GeForce RTX™ 5060 + Intel Graphics', 'Dysk': '1 TB SSD', 'System operacyjny': 'Windows 11 Home Edition'}"
"Apple MacBook Pro 2024 14,2"" M4 16GB RAM 1TB Dysk macOS Gwiezdna Czerń Funkcje AI",,"https://f00.esfr.pl/foto/7/152647155609/21381f01165be06d502492274ddf47f8/apple-laptop-mbp-14-m4-10-10-16gb-1tb-sb,152647155609_7.webp","{'Ekran': '14,2 "",  3024 x 1964 pikseli 120 Hz', 'Procesor': 'Apple M4', 'Pamięć': '16 GB  zunifikowana RAM', 'Grafika': 'Apple  M4 (10-rdzeni)', 'Dysk': '1 TB SSD', 'System operacyjny': 'macOS Sequoia lub nowszy'}"
"Laptop gamingowy MSI Vector 16 HX AI A2XWIG-093PL 16"" 240Hz Ultra 9 275HX 32GB RAM 1TB Dysk SSD RTX5080 DLSS4 Win11 Szary Funkcje AI",,"https://f00.esfr.pl/foto/3/159341252593/3c969f0d73f7ed40d283dae5aa32cbb8/msi-laptop-vector-hx-16-u9-32-1tb-5080-w11,159341252593_7.webp","{'Ekran': '16 "",  2560 x 1600 pikseli 240 Hz', 'Procesor': 'Intel® Core™ Ultra 9 15gen 275HX', 'Pamięć': '32 GB  DDR5 5600 Mhz RAM', 'Grafika': 'NVIDIA® GeForce RTX™ 5080 + Intel Graphics', 'Dysk': '1 TB SSD', 'System operacyjny': 'Windows 11 Home Edition'}"
"Laptop biznesowy Dell Pro 14 Premium PA14250 14"" Ultra 5 236V 16GB RAM 512GB Dysk SSD Win11 Pro Czarny Funkcje AI",,"https://f00.esfr.pl/foto/6/184605713305/ed353f93bda5c23fe38b7c164d45e/dell-laptop-dell-u5-236v-16-512gb-14-w11p,184605713305_7.webp","{'Ekran': '14 "",  1920 x 1200 pikseli 60 Hz', 'Procesor': 'Intel® Core™ Ultra 5 15gen 236V', 'Pamięć': '16 GB  LPDDR5x 8533 Mhz RAM', 'Grafika': 'Intel®  Arc Graphics 130V', 'Dysk': '512 GB SSD', 'System operacyjny': 'Windows 11 Professional'}"
"Laptop HP 15-fc0029nw 15,6"" AMD Ryzen 5 7520U 16GB RAM 512GB Dysk SSD Win11 Srebrny",,"https://f00.esfr.pl/foto/9/157014352777/7214cc32253a6c103287985a5e44c6e/hp-laptop-15-fc0029nw-r5-16-512gb-w11h,157014352777_7.webp","{'Ekran': '15,6 "",  1920 x 1080 pikseli', 'Procesor': 'AMD Ryzen™ 5 7520U', 'Pamięć': '16 GB  LPDDR5 5500 Mhz RAM', 'Grafika': 'AMD  Radeon™ 610M', 'Dysk': '512 GB', 'System operacyjny': 'Windows 11 Home Edition'}"
"Laptop biznesowy ASUS ExpertBook PM3 PM3606CKA-MB0197X 16"" 144Hz Ryzen AI 5 330 16GB RAM 512GB Dysk SSD Win11 Pro Szary Funkcje AI",,"https://f00.esfr.pl/foto/5/188482142457/c1dc245aaa5a24ebbc84bbb07a2b62e2/asus-laptop-asus-eb-16-ai-r5-16-512-w11p,188482142457_7.webp","{'Ekran': '16 "",  1920 x 1200 pikseli 144 Hz', 'Procesor': 'AMD Ryzen™ AI 5 330', 'Pamięć': '16 GB  DDR5 RAM', 'Grafika': 'AMD  Radeon™ 820M', 'Dysk': '512 GB SSD', 'System operacyjny': 'Windows 11 Professional'}"
"Laptop gamingowy HP Victus 15-fb0122nw 15,6"" 144Hz R5 5600H 16GB RAM 512GB Dysk SSD GTX1650 Win11 Czarno-srebrny",,"https://f00.esfr.pl/foto/9/112216597233/d9d028ed740f45dd8c252ac50538e4ca/hp-laptop-victus-r5-16gb-512ssd-1650-w11,112216597233_7.webp","{'Ekran': '15,6 "",  1920 x 1080 pikseli 144 Hz', 'Procesor': 'AMD Ryzen™ 5 5600H', 'Pamięć': '16 GB  DDR4 3200 MHz RAM', 'Grafika': 'NVIDIA® GeForce GTX™ 1650 + AMD Radeon™  Graphics', 'Dysk': '512 GB SSD', 'System operacyjny': 'Windows 11 Home Edition'}"
"Apple MacBook Air 2025 13,6"" M4 24GB RAM 512GB Dysk macOS Srebrny Funkcje AI",,"https://f00.esfr.pl/foto/4/159937598545/1y2eyg4nflbkj/apple-laptop-mba-13-m4-10-10-24gb-512gb-s,159937598545_7.webp","{'Ekran': '13,6 "",  2560 x 1664 pikseli', 'Procesor': 'Apple M4', 'Pamięć': '24 GB  zunifikowana RAM', 'Grafika': 'Apple  M4 (10-rdzeni)', 'Dysk': '512 GB SSD', 'System operacyjny': 'macOS Sequoia lub nowszy'}"
"Apple MacBook Pro 2025 14,2"" M5 24GB RAM 1TB Dysk macOS Srebrny Funkcje AI",,"https://f00.esfr.pl/foto/1/176011643745/9288b3a59d927499f1a893ad98208073/apple-macbook-pro-2025-14-2-m5-16gb-ram-1tb-dysk-macos-srebrny,176011643745_7.webp","{'Ekran': '14,2 "",  3024 x 1964 pikseli 120 Hz', 'Procesor': 'Apple M5', 'Pamięć': '24 GB  zunifikowana RAM', 'Grafika': 'Apple  M5 (10-rdzeni)', 'Dysk': '1 TB SSD', 'System operacyjny': 'macOS Spotlight lub nowszy'}"
"Laptop gamingowy ASUS TUF Gaming A15 FA507NUR-LP016W 15,6'' 144Hz R7 7435HS 16GB RAM 512GB Dysk SSD RTX4050 DLSS3 Win11 Szary",,"https://f00.esfr.pl/foto/5/154271753297/78b5f6bfeb7b51abc2cae5468b158ec3/asus-laptop-asus-tuf-r7-16gb-512gb-4050-w11,154271753297_7.webp","{'Ekran': '15,6 "",  1920 x 1080 pikseli 144 Hz', 'Procesor': 'AMD Ryzen™ 7 7435HS', 'Pamięć': '16 GB  DDR5 4800 Mhz RAM', 'Grafika': 'NVIDIA® GeForce RTX™ 4050', 'Dysk': '512 GB SSD', 'System operacyjny': 'Windows 11 Home Edition'}"
"Laptop biznesowy Lenovo ThinkPad T14s Gen 6 14"" Ryzen AI 7 Pro 360 32GB RAM 512GB Dysk SSD Win11 Pro Czarny Funkcje AI",,"https://f00.esfr.pl/foto/6/158549461529/78c9cb28122f9ee6007ab981dd453196/lenovo-laptop-leno-r-ai-7pro-360-32-512-14-w11p,158549461529_7.webp","{'Ekran': '14 "",  1920 x 1200 pikseli 60 Hz', 'Procesor': 'AMD Ryzen™ AI 7 360', 'Pamięć': '32 GB  LPDDR5x 7500 Mhz RAM', 'Grafika': 'AMD  Radeon™ 880M', 'Dysk': '512 GB SSD', 'System operacyjny': 'Windows 11 Professional'}"
"Laptop gamingowy HP Victus 15-fa2114nw 15,6"" 144Hz Core 7 240H 24GB RAM 1TB Dysk SSD RTX5060 DLSS4 Win11 Czarno-srebrny Funkcje AI",,"https://f00.esfr.pl/foto/1/184149133985/27e4f63ecdbfaababbb2453870a37bfc/hp-laptop-hp-vic-15-c7-24-1tb-5060-w11,184149133985_7.webp","{'Ekran': '15,6 "",  1920 x 1080 pikseli 144 Hz', 'Procesor': 'Intel® Core™ 7 15gen 240H', 'Pamięć': '24 GB  DDR5 5600 Mhz RAM', 'Grafika': 'NVIDIA® GeForce RTX™ 5060 + Intel Graphics', 'Dysk': '1 TB SSD', 'System operacyjny': 'Windows 11 Home Edition'}"
"Laptop gamingowy MSI Thin 15 B12VE-2431PL 15,6"" 144Hz i5-12450H 16GB RAM 512GB Dysk SSD RTX4050 Win11 Szary",,"https://f00.esfr.pl/foto/1/152308953953/6ee6d8cc1ef53b125df72680f715f450/msi-laptop-thin-15-i5-16-512gb-4050-w11,152308953953_7.webp","{'Ekran': '15,6 "",  1920 x 1080 pikseli 144 Hz', 'Procesor': 'Intel® Core™ i5 12gen 12450H', 'Pamięć': '16 GB  DDR4 3200 MHz RAM', 'Grafika': 'NVIDIA® GeForce RTX™ 4050 + Intel UHD Graphics', 'Dysk': '512 GB SSD', 'System operacyjny': 'Windows 11 Home Edition'}"
"Laptop biznesowy HP EliteBook 8 G1i 16"" Ultra 7 255U 32GB RAM 512GB Dysk SSD Win11 Pro Srebrny Funkcje AI",,"https://f00.esfr.pl/foto/8/183279201529/321e07eee3848023062ff862715c5d14/hp-laptop-hp-eb8-u7255u-32gb-512gb-16-w11p,183279201529_7.webp","{'Ekran': '16 "",  1920 x 1200 pikseli', 'Procesor': 'Intel® Core™ Ultra 7 15gen 255U', 'Pamięć': '32 GB  DDR5 5600 Mhz RAM', 'Grafika': 'Intel®  Graphics', 'Dysk': '512 GB SSD', 'System operacyjny': 'Windows 11 Professional'}"
"Laptop biznesowy Dell Pro 13 Plus PB13250 13,3"" Ultra 7 266V 16GB RAM 512GB Dysk SSD Win11 Pro Srebrny Funkcje AI",,"https://f00.esfr.pl/foto/3/172660162361/67271d3d53ab3a8d9d4cabdee1042d60/dell-laptop-dell-ultra7-266v-16-512-13-3-w11p,172660162361_7.webp","{'Ekran': '13,3 "",  1920 x 1200 pikseli 60 Hz', 'Procesor': 'Intel® Core™ Ultra 7 15gen 266V', 'Pamięć': '16 GB  LPDDR5x 8533 Mhz RAM', 'Grafika': 'Intel®  Arc Graphics', 'Dysk': '512 GB SSD', 'System operacyjny': 'Windows 11 Professional'}"
"Laptop biznesowy HP ProBook 4 G1ah 16"" R5 220 24GB RAM 512GB Dysk SSD Win11 Pro Srebrny Funkcje AI",,"https://f00.esfr.pl/foto/9/181421874409/a5aaf984146b5086177175393eae166a/hp-laptop-hp-pb4-16-r5-24-512-w11,181421874409_7.webp","{'Ekran': '16 "",  1920 x 1200 pikseli', 'Procesor': 'AMD Ryzen™ 5 220', 'Pamięć': '24 GB  DDR5 5600 Mhz RAM', 'Grafika': 'AMD  Radeon™ 740M', 'Dysk': '512 GB SSD', 'System operacyjny': 'Windows 11 Professional'}"
"Laptop biznesowy Dell Pro 16 PC16250 16"" Core 3 100U 8GB RAM 512GB Dysk SSD Win11 Pro Czarny Funkcje AI",,"https://f00.esfr.pl/foto/2/183279360577/6d80a18e1507940220f2e194fd532e10/dell-laptop-dell-p16-c3100u-16-512gb-16-w11p,183279360577_7.webp","{'Ekran': '16 "",  1920 x 1200 pikseli 60 Hz', 'Procesor': 'Intel® Core™ 3 14gen 100U', 'Pamięć': '8 GB  DDR5 5200 Mhz RAM', 'Grafika': 'Intel®  Graphics', 'Dysk': '512 GB SSD', 'System operacyjny': 'Windows 11 Professional'}"
"Apple MacBook Air 2025 15,3"" M4 24GB RAM 512GB Dysk macOS Srebrny Funkcje AI",,"https://f00.esfr.pl/foto/1/159937817689/1hpwbsswr2xfb/apple-laptop-mba-15-m4-10-10-24gb-512gb-s,159937817689_7.webp","{'Ekran': '15,3"",  2880 x 1864 pikseli', 'Procesor': 'Apple M4', 'Pamięć': '24 GB  zunifikowana RAM', 'Grafika': 'Apple  M4 (10-rdzeni)', 'Dysk': '512 GB SSD', 'System operacyjny': 'macOS Sequoia lub nowszy'}"
"Laptop biznesowy HP EliteBook 8 G1a 16"" Ryzen AI 5 Pro 340 16GB RAM 512GB Dysk SSD Win11 Pro Srebrny Funkcje AI",,"https://f00.esfr.pl/foto/9/183280547641/61bf7eedaeeb529e60264ab9dee759d9/hp-laptop-hp-eb8-r5pro340-16gb-1tb-16-w11p,183280547641_7.webp","{'Ekran': '16 "",  1920 x 1200 pikseli', 'Procesor': 'AMD Ryzen™ AI 5 Pro 340', 'Pamięć': '16 GB  DDR5 5600 Mhz RAM', 'Grafika': 'AMD  Radeon™ 840M Graphics', 'Dysk': '512 GB SSD', 'System operacyjny': 'Windows 11 Professional'}"
"Laptop HP 17-cp3002nw 17,3"" R7 7730U 16GB RAM 1TB Dysk SSD Win11 Srebrny",,"https://f00.esfr.pl/foto/9/186932900033/c2f3455980eb5048f092ee0da54420a4/hp-laptop-hp17-17-r7-16-1tb-w11,186932900033_7.webp","{'Ekran': '17,3 "",  1920 x 1080 pikseli 60 Hz', 'Procesor': 'AMD Ryzen™ 7 7730U', 'Pamięć': '16 GB  DDR4 3200 MHz RAM', 'Grafika': 'AMD  Radeon™ Graphics', 'Dysk': '1 TB SSD', 'System operacyjny': 'Windows 11 Home Edition'}"
"Laptop gamingowy MSI Thin A15 B7UC-623PL 15,6"" 144Hz R5 7535HS 16GB RAM 512GB Dysk SSD RTX3050 Win11 Szary",,"https://f00.esfr.pl/foto/8/174092028537/71997463c4b7fde38ddfb4428bf7bfce/msi-laptop-msi-thin-15-r5-16-512gb-3050-w11,174092028537_7.webp","{'Ekran': '15,6 "",  1920 x 1080 pikseli 144 Hz', 'Procesor': 'AMD Ryzen™ 5 7535HS', 'Pamięć': '16 GB  DDR5 4800 Mhz RAM', 'Grafika': 'NVIDIA® GeForce RTX™ 3050 +  AMD Radeon™ 660M', 'Dysk': '512 GB SSD', 'System operacyjny': 'Windows 11 Home Edition'}"
Laptop ASUS Zenbook 14 OLED UX3405CA-PZ091W 14'' 120Hz Ultra 9 285H 32GB RAM 1TB Dysk SSD Win11 Funkcje AI,,"https://f00.esfr.pl/foto/9/163024413225/d992743339baa5c43d9f8541de071781/asus-zenbook-14-oled-ux3405ca-pz091w-14-120hz-ultra-9-225h-32gb-ram-1tb-dysk-ssd-win11,163024413225_7.webp","{'Ekran': '14 "", ekran dotykowy 2880 x 1800 pikseli 120 Hz', 'Procesor': 'Intel® Core™ Ultra 9 15gen 285H', 'Pamięć': '32 GB  LPDDR5X RAM', 'Grafika': 'Intel®   Arc™ 140T', 'Dysk': '1 TB SSD', 'System operacyjny': 'Windows 11 Home Edition'}"
"Laptop biznesowy HP EliteBook 8 G1i 14"" Ultra 7 255U 32GB RAM 1TB Dysk SSD Win11 Pro Srebrny Funkcje AI",,"https://f00.esfr.pl/foto/8/184605859481/896ec06196548c23bbe54563c2265d8d/hp-laptop-hp-8-g1i-u7-255u-32-1tb-14-w11p_2,184605859481_7.webp","{'Ekran': '14 "",  1920 x 1200 pikseli', 'Procesor': 'Intel® Core™ Ultra 7 15gen 255U', 'Pamięć': '32 GB  DDR5 5600 Mhz RAM', 'Grafika': 'Intel®  Graphics', 'Dysk': '1 TB SSD', 'System operacyjny': 'Windows 11 Professional'}"
"Laptop biznesowy Lenovo ThinkPad T16 Gen 4 16"" Ryzen AI 7 Pro 350 32GB RAM 1TB Dysk SSD Win11 Pro Czarny Funkcje AI",,"https://f00.esfr.pl/foto/3/174091997753/dec084746fde95b9b2f37738c88a105a/lenovo-laptop-lenovo-tp-16-r7-ai-32gb-1tb-w11p,174091997753_7.webp","{'Ekran': '16 "",  1920 x 1200 pikseli 60 Hz', 'Procesor': 'AMD Ryzen™ AI 7 Pro 350', 'Pamięć': '32 GB  DDR5 5600 Mhz RAM', 'Grafika': 'AMD  Radeon™ 860M Graphics', 'Dysk': '1 TB SSD', 'System operacyjny': 'Windows 11 Professional'}"
"Apple MacBook Pro 2024 14,2"" M4 Pro 24GB RAM 1TB Dysk macOS Srebrny Funkcje AI",,"https://f00.esfr.pl/foto/3/152647147985/c78b7f76ba8bd9e5469818e3a8477faf/apple-laptop-mbp-14-m4p-14-20-24gb-1tb-silver,152647147985_7.webp","{'Ekran': '14,2 "",  3024 x 1964 pikseli 120 Hz', 'Procesor': 'Apple M4 Pro', 'Pamięć': '24 GB  zunifikowana RAM', 'Grafika': 'Apple  M4 Pro (20-rdzeni)', 'Dysk': '1 TB SSD', 'System operacyjny': 'macOS Sequoia lub nowszy'}"
"Laptop biznesowy Dell Pro 15 Essential PV15250 15,6"" i5-1334U 8GB RAM 512GB Dysk SSD Win11 Pro Czarny",,"https://f00.esfr.pl/foto/2/183280859473/63b516f4f76a238a3b7637229a310825/dell-laptop-dell-p-i51334u-8-512gb-15-6-w11p,183280859473_7.webp","{'Ekran': '15,6 "",  1920 x 1080 pikseli 120 Hz', 'Procesor': 'Intel® Core™ i5 13gen 1334U', 'Pamięć': '8 GB  DDR5 4400 Mhz RAM', 'Grafika': 'Intel®  Iris Xe Graphics (działający jako Intel® UHD Graphics)', 'Dysk': '512 GB SSD', 'System operacyjny': 'Windows 11 Professional'}"
"Laptop ASUS VivoBook 15 A1504ZA-BQ739W 15,6"" i5-1235U 16GB RAM 512GB Dysk SSD Win11 Niebieski",,"https://f00.esfr.pl/foto/2/131442458721/855b32104ea47ed5be87acce814fb6f9/asus-laptop-a1504-i5-16gb-512gb-w11,131442458721_7.webp","{'Ekran': '15,6 "",  1920 x 1080 pikseli 60 Hz', 'Procesor': 'Intel® Core™ i5 12gen 1235U', 'Pamięć': '16 GB  DDR4 RAM', 'Grafika': 'Intel®  Iris Xe Graphics', 'Dysk': '512 GB SSD', 'System operacyjny': 'Windows 11 Home Edition'}"
"Laptop ASUS Vivobook 15 D1502YA-BQ316W 15,6"" R7 7730U 16GB RAM 512GB Dysk SSD Win11 Niebieski",,"https://f00.esfr.pl/foto/5/138709588857/cf68a4e0913895d68d19b762912f3a9e/asus-laptop-d1502-r7-16gb-512gb-w11,138709588857_7.webp","{'Ekran': '15,6 "",  1920 x 1080 pikseli 60 Hz', 'Procesor': 'AMD Ryzen™ 7 7730U', 'Pamięć': '16 GB  DDR4 RAM', 'Grafika': 'AMD  Radeon™ Graphics', 'Dysk': '512 GB SSD', 'System operacyjny': 'Windows 11 Home Edition'}"
"Laptop HP Pavilion 15-eg0312nw 15,6"" i5-1135G7 8GB RAM 512GB Dysk SSD Win11 Srebrny",,"https://f00.esfr.pl/foto/4/91732948305/dbc194e3cdb4c4671a6e78db585632ff/hp-laptop-pavilion-i5-1135-8gb-512ssd-w10_3,91732948305_7.webp","{'Ekran': '15,6 "",  1920 x 1080 pikseli', 'Procesor': 'Intel® Core™ i5 11gen 1135G7', 'Pamięć': '8 GB  DDR4 3200 MHz RAM', 'Grafika': 'Intel®  Iris Xe Graphics', 'Dysk': '512 GB SSD', 'System operacyjny': 'Windows 11 Home Edition'}"
"Apple MacBook Air 2025 15,3"" M4 16GB RAM 256GB Dysk macOS Srebrny 70W Funkcje AI",,"https://f00.esfr.pl/foto/4/165147870401/1iacto0g5dwgf/apple-laptop-mba-15-m4-10-10-16gb-256gb-s-70w,165147870401_7.webp","{'Ekran': '15,3"",  2880 x 1864 pikseli', 'Procesor': 'Apple M4', 'Pamięć': '16 GB  zunifikowana RAM', 'Grafika': 'Apple  M4 (10-rdzeni)', 'Dysk': '256 GB SSD', 'System operacyjny': 'macOS Sequoia lub nowszy'}"
"Laptop ASUS TUF Gaming A16 FA608UP-R7165W 16"" 165Hz Ryzen 7 260 16GB RAM 512GB Dysk SSD RTX5070 DLSS4 Win11 Szary Funkcje AI",,"https://f00.esfr.pl/foto/9/172237338497/5d72d7b2181df5719bd2d13d782f2304/asus-laptop-asus-tuf-a16-r7-64-512-5070-w11,172237338497_7.webp","{'Ekran': '16 "",  1920 x 1200 pikseli 165 Hz', 'Procesor': 'AMD Ryzen™ 7 260', 'Pamięć': '16 GB  DDR5 5600 Mhz RAM', 'Grafika': 'NVIDIA® GeForce RTX™ 5070 + \tAMD Radeon™ 780M', 'Dysk': '512 GB SSD', 'System operacyjny': 'Windows 11 Home Edition'}"
"Laptop gamingowy Acer Nitro 16S AI AN16S-61 16"" 180Hz Ryzen AI 9 365 32GB RAM 1TB Dysk SSD RTX5070Ti DLSS4 Czarny Funkcje AI",,"https://f00.esfr.pl/foto/7/176109442009/1cd5e6294e399629454455a777e8b09a/acer-laptop-nitro-16-r9ai-32gb-1tb-5070ti-nos,176109442009_7.webp","{'Ekran': '16 "",  2560 x 1600 pikseli 180 Hz', 'Procesor': 'AMD Ryzen™ AI 9 365', 'Pamięć': '32 GB  DDR5 5600 Mhz RAM', 'Grafika': 'NVIDIA® GeForce RTX™ 5070 Ti + AMD Radeon™ 880M', 'Dysk': '1 TB SSD', 'System operacyjny': 'bez systemu'}"
"Laptop Acer Aspire 3 A315-44P-R2KQ 15,6"" R7 5700U 16GB RAM 512GB Dysk SSD Win11 Srebrny",,"https://f00.esfr.pl/foto/9/136445458033/99355d7618afc2c64361e890ff38a5e1/acer-laptop-aspire-3-r7-16gb-512gb-w11,136445458033_7.webp","{'Ekran': '15,6 "",  1920 x 1080 pikseli 60 Hz', 'Procesor': 'AMD Ryzen™ 7 5700U', 'Pamięć': '16 GB  DDR4 RAM', 'Grafika': 'AMD  Radeon™ Graphics', 'Dysk': '512 GB SSD', 'System operacyjny': 'Windows 11 Home Edition'}"
"Apple MacBook Pro 2021 16,2"" M1 Pro 16GB RAM 512GB Dysk macOS Gwiezdna Szarość",,"https://f00.esfr.pl/foto/3/93774426737/db362956efe0a1fb4dcdc2766d53b7fd/apple-laptop-mbp-16-m1-pro-512ssd-grey-2021,93774426737_7.webp","{'Ekran': '16,2 "",  3456 x 2234 pikseli 120 Hz', 'Procesor': 'Apple M1 Pro', 'Pamięć': '16 GB  zunifikowana RAM', 'Grafika': 'Apple  M1 Pro (16-rdzeni)', 'Dysk': '512 GB SSD', 'System operacyjny': 'macOS Monterey lub nowszy'}"
"Laptop HP ProBook 460 G11 16"" Ultra 5 125U 16GB RAM 512GB Dysk SSD Win11 Pro Srebrny Funkcje AI",,"https://f00.esfr.pl/foto/6/150509817465/bce220a8678d014bf2efcabc29b6cca9/hp-laptop-hp-ultra-5-125u-16gb-512-16-w11p,150509817465_7.webp","{'Ekran': '16 "",  1920 x 1200 pikseli 60 Hz', 'Procesor': 'Intel® Core™ Ultra 5 14gen 125U', 'Pamięć': '16 GB  DDR5 5600 Mhz RAM', 'Grafika': 'Intel®  Graphics', 'Dysk': '512 GB SSD', 'System operacyjny': 'Windows 11 Professional'}"
"Laptop gamingowy ASUS TUF Gaming F15 FX507ZC4-HN018W 15,6"" 144Hz i5-12500H 16GB RAM 512GB Dysk SSD RTX3050 Win11 Szary",,"https://f00.esfr.pl/foto/2/121728225929/35053148e50a8cdfa6d8aacd32c4de80/asus-laptop-fx507-i5-16gb-512ssd-3050-w11,121728225929_7.webp","{'Ekran': '15,6 "",  1920 x 1080 pikseli 144 Hz', 'Procesor': 'Intel® Core™ i5 12gen 12500H', 'Pamięć': '16 GB  DDR4 3200 MHz RAM', 'Grafika': 'NVIDIA® GeForce RTX™ 3050 + Intel UHD Graphics', 'Dysk': '512 GB SSD', 'System operacyjny': 'Windows 11 Home Edition'}"
"Laptop Lenovo IdeaPad Slim 5 16IRH10 16"" i7-13620H 16GB RAM 512GB Dysk SSD Win11 Szary",,"https://f00.esfr.pl/foto/1/183197093825/d5cac014e507aeb79d7b356aef736e83/lenovo-laptop-ips-16-i7-16gb-512gb-w11,183197093825_7.webp","{'Ekran': '16 "",  1920 x 1200 pikseli 60 Hz', 'Procesor': 'Intel® Core™ i7 13gen 13620H', 'Pamięć': '16 GB  DDR5 5600 Mhz RAM', 'Grafika': 'Intel®  UHD Graphics', 'Dysk': '512 GB SSD', 'System operacyjny': 'Windows 11 Home Edition'}"
"Apple MacBook Air 2025 15,3"" M4 16GB RAM 256GB Dysk macOS Błękitny 70W Funkcje AI",,"https://f00.esfr.pl/foto/4/165147854049/1cydbuzrz2ogz/apple-laptop-mba-15-m4-10-10-16gb-256gb-sb-70w,165147854049_7.webp","{'Ekran': '15,3"",  2880 x 1864 pikseli', 'Procesor': 'Apple M4', 'Pamięć': '16 GB  zunifikowana RAM', 'Grafika': 'Apple  M4 (10-rdzeni)', 'Dysk': '256 GB SSD', 'System operacyjny': 'macOS Sequoia lub nowszy'}"
"Apple MacBook Air 2024 13,6"" M3 24GB RAM 512GB Dysk macOS Srebrny",,"https://f00.esfr.pl/foto/9/152946107161/3f2987bf57a2b2f7b1e460ad6b9a7b60/apple-laptop-mba-13-m3-8-10-24gb-512gb-silver,152946107161_7.webp","{'Ekran': '13,6 "",  2560 x 1664 pikseli', 'Procesor': 'Apple M3', 'Pamięć': '24 GB  zunifikowana RAM', 'Grafika': 'Apple  M3 (10-rdzeni)', 'Dysk': '512 GB SSD', 'System operacyjny': 'macOS Sonoma lub nowszy'}"
"Laptop biznesowy Dell Pro 14 PC14255 14"" R5 220 16GB RAM 512GB Dysk SSD Win11 Pro Czarny Funkcje AI",,"https://f00.esfr.pl/foto/5/183280411913/281ec555f3e33015a5f5efe4e47302d0/dell-laptop-dell-p14-r5220-16-512gb-14-w11p_1,183280411913_7.webp","{'Ekran': '14 "",  1920 x 1200 pikseli 60 Hz', 'Procesor': 'AMD Ryzen™ 5 220', 'Pamięć': '16 GB  DDR5 5600 Mhz RAM', 'Grafika': 'AMD  Radeon™ 740M', 'Dysk': '512 GB SSD', 'System operacyjny': 'Windows 11 Professional'}"
"Laptop biznesowy HP EliteBook 6 G1a 14"" Ryzen AI 5 340 16GB RAM 512GB Dysk SSD Win11 Pro Srebrny Funkcje AI",,"https://f00.esfr.pl/foto/8/183279942681/e1eba34d047689110c5a6142ec35de03/hp-laptop-hp-eb6-r5340-16gb-512gb-14-w11p,183279942681_7.webp","{'Ekran': '14 "",  1920 x 1200 pikseli', 'Procesor': 'AMD Ryzen™ AI 5 340', 'Pamięć': '16 GB  DDR5 5600 Mhz RAM', 'Grafika': 'AMD  Radeon™ 840M', 'Dysk': '512 GB SSD', 'System operacyjny': 'Windows 11 Professional'}"
"Laptop gamingowy MSI Katana 15 B13VFK-2041PL 15,6"" 144Hz i7-13620H 16GB RAM 1TB Dysk SSD RTX4060 DLSS3 Win11 Czarny",,"https://f00.esfr.pl/foto/6/144972990345/510f996332aaab6fa46b45640fcbdccb/msi-laptop-katana-15-i7-16gb-1tb-4060-w11,144972990345_7.webp","{'Ekran': '15,6 "",  1920 x 1080 pikseli 144 Hz', 'Procesor': 'Intel® Core™ i7 13gen 13620H', 'Pamięć': '16 GB  DDR5 5200 Mhz RAM', 'Grafika': 'NVIDIA® GeForce RTX™ 4060 + Intel UHD Graphics', 'Dysk': '1 TB SSD', 'System operacyjny': 'Windows 11 Home Edition'}"
"Laptop biznesowy Lenovo ThinkBook 16 G8 IAL 16"" Ultra 7 255H 32GB RAM 1TB Dysk SSD Win11 Pro Szary Funkcje AI",,"https://f00.esfr.pl/foto/2/164170217137/a1606400a4174d5979c0dbe67619ae75/lenovo-laptop-lenovo-ultra-7-255h-32gb-1tb-w11p,164170217137_7.webp","{'Ekran': '16 "",  1920 x 1200 pikseli 60 Hz', 'Procesor': 'Intel® Core™ Ultra 7 15gen 255H', 'Pamięć': '32 GB  DDR5 5600 Mhz RAM', 'Grafika': 'Intel®  Arc Graphics 140V', 'Dysk': '1 TB SSD', 'System operacyjny': 'Windows 11 Professional'}"
"Laptop MSI Prestige 16 AI+ C3MG-068PL OLED 16"" 120Hz Core Ultra 7 355 32GB RAM 1TB Dysk SSD Win11 Pro Szary Funkcje AI",,"https://f00.esfr.pl/foto/8/187619354065/a94ee1d45457d3dc60d773730dfc409a/msi-laptop-msi-pre-16-u7-32-1-w11p,187619354065_7.webp","{'Ekran': '16 "",  2880 x 1800 pikseli 120 Hz', 'Procesor': 'Intel® Core™ Ultra 7 Series 3 355', 'Pamięć': '32 GB  LPDDR5X RAM', 'Grafika': 'Intel®  Graphics', 'Dysk': '1 TB SSD', 'System operacyjny': 'Windows 11 Professional'}"
"Laptop gamingowy HP OMEN 17-db1218nw 17,3"" 240Hz Ryzen AI 7 350 32GB RAM 1TB Dysk SSD RTX5070 Win11 Czarny Funkcje AI",,"https://f00.esfr.pl/foto/8/173883197825/c60005c914271f90ab2716c295b2331f/hp-laptop-hp-om-17-r7-ai-32-1tb-5070-w11,173883197825_7.webp","{'Ekran': '17,3 "",  2560 x 1440 pikseli 240 Hz', 'Procesor': 'AMD Ryzen™ AI 7 350', 'Pamięć': '32 GB  DDR5 5600 Mhz RAM', 'Grafika': 'NVIDIA® GeForce RTX 5070 + AMD Radeon™ 860M', 'Dysk': '1 TB SSD', 'System operacyjny': 'Windows 11 Home Edition'}"
"Laptop gamingowy ASUS ROG Strix G16 G614FR-R9321W 16"" 240Hz R9 9955HX3D 32GB RAM 1TB Dysk SSD RTX5070Ti DLSS4 Win11 Szary Funkcje AI",,"https://f00.esfr.pl/foto/9/172237425017/d5677345687fd1c645d8b4d25f682dbb/asus-laptop-as-r-g16-r9-64-1tb-5070ti-w11,172237425017_7.webp","{'Ekran': '16 "",  2560 x 1600 pikseli 240 Hz', 'Procesor': 'AMD Ryzen™ 9 9955HX3D', 'Pamięć': '32 GB  DDR5 5200 Mhz RAM', 'Grafika': 'NVIDIA® GeForce RTX™ 5070 Ti + AMD Radeon™ 610M', 'Dysk': '1 TB SSD', 'System operacyjny': 'Windows 11 Home Edition'}"
"Laptop Acer Extensa 15 EX215-55-58VV 15,6"" i5-1235U 16GB RAM 1TB Dysk SSD Win11 Szary",,"https://f00.esfr.pl/foto/5/131046602481/a840a3b86d1ddc623ca852f8f7d6ec30/acer-laptop-extensa-215-i5-16gb-1tb-w11,131046602481_7.webp","{'Ekran': '15,6 "",  1920 x 1080 pikseli 60 Hz', 'Procesor': 'Intel® Core™ i5 12gen 1235U', 'Pamięć': '16 GB  DDR4 RAM', 'Grafika': 'Intel®  Iris Xe Graphics', 'Dysk': '1 TB SSD', 'System operacyjny': 'Windows 11 Home Edition'}"
"Laptop ASUS VivoBook 15 A1504VA-BQ905W 15,6"" i5-1335U 16GB RAM 512GB Dysk SSD Win11 Niebieski",,"https://f00.esfr.pl/foto/6/152465717961/855b32104ea47ed5be87acce814fb6f9/asus-laptop-asus-vb-i5-16gb-512gb-w11p,152465717961_7.webp","{'Ekran': '15,6 "",  1920 x 1080 pikseli 60 Hz', 'Procesor': 'Intel® Core™ i5 13gen 1335U', 'Pamięć': '16 GB  DDR4 RAM', 'Grafika': 'Intel®  Iris Xe Graphics', 'Dysk': '512 GB SSD', 'System operacyjny': 'Windows 11 Home Edition'}"
"Laptop gamingowy Acer Nitro V 16 AI ANV16-61 16"" 165Hz Ryzen AI 5 340 16GB RAM 1TB Dysk SSD RTX4050 DLSS3 Czarny Funkcje AI",,"https://f00.esfr.pl/foto/8/176109222385/6a5dcb476ccab51346602738f38ffc3a/acer-laptop-nitro-v-16-r5ai-16gb-1tb-4050-nos,176109222385_7.webp","{'Ekran': '16 "",  1920 x 1200 pikseli 165 Hz', 'Procesor': 'AMD Ryzen™ AI 5 340', 'Pamięć': '16 GB  DDR5 5600 Mhz RAM', 'Grafika': 'NVIDIA® GeForce RTX™ 4050 + AMD Radeon™ 840M', 'Dysk': '1 TB SSD', 'System operacyjny': 'bez systemu'}"
"Laptop HP 15-fd1062nw 15,6"" Ultra 7 155H 24GB RAM 1TB Dysk SSD Win11 Srebrny Funkcje AI",,"https://f00.esfr.pl/foto/9/184149249729/a155728192d291b5fda4b94a64a29d59/hp-laptop-hp-15-u7-24-1tb-w11,184149249729_7.webp","{'Ekran': '15,6 "",  1920 x 1080 pikseli', 'Procesor': 'Intel® Core™ Ultra 7 14gen 155H', 'Pamięć': '24 GB  DDR5 5600 Mhz RAM', 'Grafika': 'Intel®  Arc™ Graphics', 'Dysk': '1 TB SSD', 'System operacyjny': 'Windows 11 Home Edition'}"
"Laptop gamingowy MSI Thin GF63 12VE-264PL 15,6"" 144Hz i5-12450H 16GB RAM 512GB Dysk SSD RTX4050 DLSS3 Win11 Czarny",,"https://f00.esfr.pl/foto/2/131490500529/cd1a8550d548bfa4370f225878d7bafd/msi-laptop-thin-gf63-i5-16gb-512gb-4050-w11,131490500529_7.webp","{'Ekran': '15,6 "",  1920 x 1080 pikseli 144 Hz', 'Procesor': 'Intel® Core™ i5 12gen 12450H', 'Pamięć': '16 GB  DDR4 3200 MHz RAM', 'Grafika': 'NVIDIA® GeForce RTX™ 4050 + Intel UHD Graphics', 'Dysk': '512 GB SSD', 'System operacyjny': 'Windows 11 Home Edition'}"
"Laptop ultrabook ASUS ZenBook 13 UX325EA-KG649W OLED 13,3"" i5-1135G7 16GB RAM 512GB Dysk SSD Win11 Szary",,"https://f00.esfr.pl/foto/8/103098394361/d8d8c3e88725ec79b21e61c407e29b2f/asus-laptop-ux325-13-i5-16gb-512ssd-w11,103098394361_7.webp","{'Ekran': '13,3 "",  1920 x 1080 pikseli', 'Procesor': 'Intel® Core™ i5 11gen 1135G7', 'Pamięć': '16 GB  LPDDR4X RAM', 'Grafika': 'Intel®  Iris Xe Graphics', 'Dysk': '512 GB SSD', 'System operacyjny': 'Windows 11 Home Edition'}"
"Laptop gamingowy HP Pavilion 15-ec2196nw 15,6"" R5 5600H 16GB RAM 512GB Dysk SSD RTX3050 Win11 Czarny",,"https://f00.esfr.pl/foto/8/99260082681/ce06da7727896dd3c06a63eef5302881/hp-laptop-pav-r5-56-16gb-512ssd-rtx3050-w11,99260082681_7.webp","{'Ekran': '15,6 "",  1920 x 1080 pikseli 60 Hz', 'Procesor': 'AMD Ryzen™ 5 5600H', 'Pamięć': '16 GB  DDR4 3200 MHz RAM', 'Grafika': 'NVIDIA® GeForce RTX™ 3050 + AMD Radeon™  Graphics', 'Dysk': '512 GB SSD', 'System operacyjny': 'Windows 11 Home Edition'}"
"Laptop ultrabook ASUS Vivobook Pro 15 K3500PC-KJ428W 15,6"" i7-11370H 16GB RAM 1TB Dysk SSD RTX3050 Win11 Niebieski",,"https://f00.esfr.pl/foto/6/111110474345/6da286e6c16176ac317343ffac15961d/asus-laptop-k3500-i7-16gb-1tbssd-3050-w11,111110474345_7.webp","{'Ekran': '15,6 "",  1920 x 1080 pikseli', 'Procesor': 'Intel® Core™ i7 11gen 11370H', 'Pamięć': '16 GB  DDR4 RAM', 'Grafika': 'NVIDIA® GeForce RTX 3050 + Intel Iris Xe Graphics', 'Dysk': '1 TB SSD', 'System operacyjny': 'Windows 11 Home Edition'}"
"Apple MacBook Air 2025 13,6"" M4 24GB RAM 512GB Dysk macOS Północ 70W Funkcje AI",,"https://f00.esfr.pl/foto/6/165147592577/10kk8qm3k5ni/apple-laptop-mba-13-m4-10-10-24gb-512gb-m-70w,165147592577_7.webp","{'Ekran': '13,6 "",  2560 x 1664 pikseli', 'Procesor': 'Apple M4', 'Pamięć': '24 GB  zunifikowana RAM', 'Grafika': 'Apple  M4 (10-rdzeni)', 'Dysk': '512 GB SSD', 'System operacyjny': 'macOS Sequoia lub nowszy'}"
"Apple MacBook Air 2025 15,3"" M4 24GB RAM 512GB Dysk macOS Księżycowa poświata 70W Funkcje AI",,"https://f00.esfr.pl/foto/9/165147622033/uqvq78s6yzyv/apple-laptop-mba-15-m4-10-10-24gb-512gb-sl-70w,165147622033_7.webp","{'Ekran': '15,3"",  2880 x 1864 pikseli', 'Procesor': 'Apple M4', 'Pamięć': '24 GB  zunifikowana RAM', 'Grafika': 'Apple  M4 (10-rdzeni)', 'Dysk': '512 GB SSD', 'System operacyjny': 'macOS Sequoia lub nowszy'}"
"Laptop gamingowy Lenovo Legion Slim 5 16AHP9 16"" 240Hz R7 8845HS 16GB RAM 512GB Dysk SSD RTX4070 DLSS3 Szary Funkcje AI",,"https://f00.esfr.pl/foto/2/162880341225/585af0672d588b16cb5a6871ee53fbb/lenovo-laptop-legion-r7-16gb-512gb-4070-no-os,162880341225_7.webp","{'Ekran': '16 "",  2560 x 1600 pikseli 240 Hz', 'Procesor': 'AMD Ryzen™ 7 8845HS', 'Pamięć': '16 GB  DDR5 5600 Mhz RAM', 'Grafika': 'NVIDIA® GeForce RTX™ 4070 + AMD Radeon™ 780M', 'Dysk': '512 GB SSD', 'System operacyjny': 'bez systemu'}"
"Laptop Acer Aspire 3 A315-58-59PM 15,6"" i5-1135G7 16GB RAM 512GB Dysk SSD Win11 Srebrny",,"https://f00.esfr.pl/foto/7/109561895529/4b669fd30ddfbd2948d20ad765d05121/acer-laptop-aspire-3-i5-16gb-512ssd-w11,109561895529_7.webp","{'Ekran': '15,6 "",  1920 x 1080 pikseli 60 Hz', 'Procesor': 'Intel® Core™ i5 11gen 1135G7', 'Pamięć': '16 GB  DDR4 RAM', 'Grafika': 'Intel®  Iris Xe Graphics', 'Dysk': '512 GB SSD', 'System operacyjny': 'Windows 11 Home Edition'}"
"Laptop gamingowy Acer Nitro 5 AN515-57-58BA 15,6"" 144Hz i5-11400H 16GB RAM 512GB Dysk SSD RTX3050 Win11 Czarny",,"https://f00.esfr.pl/foto/6/113046176313/f79506f3a7c777a46b370788a9047f8c/acer-laptop-nitro-5-i5-16gb-512ssd-3050-w11,113046176313_7.webp","{'Ekran': '15,6 "",  1920 x 1080 pikseli 144 Hz', 'Procesor': 'Intel® Core™ i5 11gen 11400H', 'Pamięć': '16 GB  DDR4 RAM', 'Grafika': 'NVIDIA® GeForce RTX™3050 + Intel UHD Graphics', 'Dysk': '512 GB SSD', 'System operacyjny': 'Windows 11 Home Edition'}"
"Laptop 2w1 Microsoft Surface Go 3 10,5"" ® Pentium™ Gold 6500Y 4GB RAM 64GB Dysk Win11 S + klawiatura",,"https://f00.esfr.pl/foto/7/119344457281/9e556532b99c4785f3f4fb84d9a3baf9/microsoft-laptop-surface-go3-4gb-64gb-w11-cover,119344457281_7.webp","{'Ekran': '10,5 "", ekran dotykowy 1920 x 1280 pikseli', 'Procesor': 'Intel® Pentium® Gold 6500Y', 'Pamięć': '4 GB  LPDDR3 RAM', 'Grafika': 'Intel®  UHD Graphics 615', 'Dysk': '64 GB eMMC', 'System operacyjny': 'Windows 11 S'}"
"Laptop HP OmniBook 7 14-fs0219nw OLED 14"" Core 5 210H 16GB RAM 512GB Dysk SSD Win11 Srebrny Funkcje AI",,"https://f00.esfr.pl/foto/8/173883158777/70dc9011d348ab9b37e1e662764f8db7/hp-laptop-hp-ob-i5-16-512gb-w11,173883158777_7.webp","{'Ekran': '14 "",  1920 x 1200 pikseli', 'Procesor': 'Intel® Core™ 5 15gen 210H', 'Pamięć': '16 GB  LPDDR5 5200 Mhz RAM', 'Grafika': 'Intel®  Graphics', 'Dysk': '512 GB SSD', 'System operacyjny': 'Windows 11 Home Edition'}"
"Apple MacBook Air 2025 13,6"" M4 16GB RAM 512GB Dysk macOS Błękitny 70W Funkcje AI",,"https://f00.esfr.pl/foto/6/165147941921/42tojj3yk2o5/apple-laptop-mba-13-m4-10-10-16gb-512gb-sb-70w,165147941921_7.webp","{'Ekran': '13,6 "",  2560 x 1664 pikseli', 'Procesor': 'Apple M4', 'Pamięć': '16 GB  zunifikowana RAM', 'Grafika': 'Apple  M4 (10-rdzeni)', 'Dysk': '512 GB SSD', 'System operacyjny': 'macOS Sequoia lub nowszy'}"
"Apple MacBook Air 2025 13,6"" M4 24GB RAM 512GB Dysk macOS Księżycowa poświata Funkcje AI",,"https://f00.esfr.pl/foto/2/159937859537/1apkxcltaczbh/apple-laptop-mba-13-m4-10-10-24gb-512gb-sl,159937859537_7.webp","{'Ekran': '13,6 "",  2560 x 1664 pikseli', 'Procesor': 'Apple M4', 'Pamięć': '24 GB  zunifikowana RAM', 'Grafika': 'Apple  M4 (10-rdzeni)', 'Dysk': '512 GB SSD', 'System operacyjny': 'macOS Sequoia lub nowszy'}"
"Apple MacBook Air 2025 13,6"" M4 24GB RAM 512GB Dysk macOS Księżycowa poświata 70W Funkcje AI",,"https://f00.esfr.pl/foto/3/165147791753/1slovb1vbd4br/apple-laptop-mba-13-m4-10-10-24gb-512gb-sl-70w,165147791753_7.webp","{'Ekran': '13,6 "",  2560 x 1664 pikseli', 'Procesor': 'Apple M4', 'Pamięć': '24 GB  zunifikowana RAM', 'Grafika': 'Apple  M4 (10-rdzeni)', 'Dysk': '512 GB SSD', 'System operacyjny': 'macOS Sequoia lub nowszy'}"
"Laptop biznesowy HP EliteBook 8 G1i 16"" Ultra 7 255U 16GB RAM 512GB Dysk SSD Win11 Pro Srebrny Funkcje AI",,"https://f00.esfr.pl/foto/9/183280800617/321e07eee3848023062ff862715c5d14/hp-laptop-hp-eb8-u7255u-16gb-512gb-16-w11p,183280800617_7.webp","{'Ekran': '16 "",  1920 x 1200 pikseli', 'Procesor': 'Intel® Core™ Ultra 7 15gen 255U', 'Pamięć': '16 GB  DDR5 5600 Mhz RAM', 'Grafika': 'Intel®  Graphics', 'Dysk': '512 GB SSD', 'System operacyjny': 'Windows 11 Professional'}"
"Laptop biznesowy Dell Pro 14 Plus PB14255 14"" Ryzen AI 5 Pro 340 32GB RAM 512GB Dysk SSD Win11 Pro Srebrny Funkcje AI",,"https://f00.esfr.pl/foto/9/172660938433/c8adb06fbb1b6655447fbea08baaac4c/dell-laptop-dell-rai5pro-340-32gb-512-14-w11p,172660938433_7.webp","{'Ekran': '14 "",  1920 x 1200 pikseli 60 Hz', 'Procesor': 'AMD Ryzen™ AI 5 Pro 340', 'Pamięć': '32 GB  LPDDR5x 7500 Mhz RAM', 'Grafika': 'AMD  Radeon™ 840M', 'Dysk': '512 GB SSD', 'System operacyjny': 'Windows 11 Professional'}"
"Laptop 2w1 HP Spectre x360 14-ea1442nw OLED 13,5'' i7-1195G7 16GB RAM 1TB Dysk SSD Win11 Pro Czarny",,"https://f00.esfr.pl/foto/3/110006106705/f020a781349b528a0f573bce003cbab0/hp-laptop-spectre-x360-14-i7-16gb-1tb-w11p,110006106705_7.webp","{'Ekran': '13,5 "", ekran dotykowy 3000 x 2000 pikseli', 'Procesor': 'Intel® Core™ i7 11gen 1195G7', 'Pamięć': '16 GB  LPDDR4x 4266 MHz RAM', 'Grafika': 'Intel®  Iris Xe Graphics', 'Dysk': '1 TB SSD', 'System operacyjny': 'Windows 11 Professional'}"
"Laptop gamingowy Acer Nitro 16 AI AN16-61 16"" 180Hz Ryzen AI 9 365 32GB RAM 1TB Dysk SSD RTX5070Ti DLSS4 Czarny Funkcje AI",,"https://f00.esfr.pl/foto/1/176110201049/cc292b4a03dee3680a12e42f5446688d/acer-laptop-nitro-16-r9ai-32gb-1tb-5070ti-nos_1,176110201049_7.webp","{'Ekran': '16 "",  2560 x 1600 pikseli 180 Hz', 'Procesor': 'AMD Ryzen™ AI 9 365', 'Pamięć': '32 GB  DDR5 5600 Mhz RAM', 'Grafika': 'NVIDIA® GeForce RTX™ 5070 Ti + AMD Radeon™ 880M', 'Dysk': '1 TB SSD', 'System operacyjny': 'bez systemu'}"
"Laptop gamingowy Gigabyte Gaming A16 Pro 16"" 165Hz Core 7 240H 32GB RAM 1TB Dysk SSD RTX5080 DLSS4 Win11 Czarny Funkcje AI",,"https://f00.esfr.pl/foto/4/173812083001/3429f3d324ba6921d16666d51042f027/gigabyte-laptop-giga-a16p-i7-32gb-1tb-5080-w11,173812083001_7.webp","{'Ekran': '16 "",  2560 x 1600 pikseli 165 Hz', 'Procesor': 'Intel® Core™ 7 15gen 240H', 'Pamięć': '32 GB  LPDDR5x 5600 Mhz RAM', 'Grafika': 'NVIDIA® GeForce RTX 5080 + Intel Graphics', 'Dysk': '1 TB SSD', 'System operacyjny': 'Windows 11 Home Edition'}"
"Laptop biznesowy HP EliteBook X G1i B9ZY2ET 14"" Ultra 7 258V 32GB RAM 1TB Dysk SSD Win11 Pro Srebrny Funkcje AI",,"https://f00.esfr.pl/foto/2/164160325129/a24dcc72e056b1125c8f943d9b638a5a/hp-laptop-hp-u7-258v-32gb-1tb-14-w11p,164160325129_7.webp","{'Ekran': '14 "",  1920 x 1200 pikseli', 'Procesor': 'Intel® Core™ Ultra 7 15gen 258V', 'Pamięć': '32 GB  LPDDR5x 8533 Mhz RAM', 'Grafika': 'Intel®  Arc 140V', 'Dysk': '1 TB SSD', 'System operacyjny': 'Windows 11 Professional'}"
"Apple MacBook Air 2023 15,3"" M2 8GB RAM 256GB Dysk macOS Gwiezdna Szarość",,"https://f00.esfr.pl/foto/1/135890792497/c7b36b1dd5cd4eba0bbfc5589aa51818/apple-macbook-air-2023-15-3-m2-8gb-ram-256gb-dysk-macos-gwiezdna-szarosc,135890792497_7.webp","{'Ekran': '15,3"",  2880 x 1864 pikseli', 'Procesor': 'Apple M2', 'Pamięć': '8 GB  zunifikowana RAM', 'Grafika': 'Apple  M2 (10-rdzeni)', 'Dysk': '256 GB SSD', 'System operacyjny': 'macOS Ventura lub nowszy'}"
"Laptop 2w1 Dell XPS 13 9310-5376 13,4"" i7-1185G7 32GB RAM 1TB Dysk SSD Win10 Pro Srebrny",,"https://f00.esfr.pl/foto/5/90400760321/fc3f2faf5487ef627fd3903063165e86/dell-laptop-xps-9310-13-4-i7-32gb-1tbssd-w10p_1,90400760321_7.webp","{'Ekran': '13,4 "", ekran dotykowy 3840 x 2400 pikseli', 'Procesor': 'Intel® Core™ i7 1185G7', 'Pamięć': '32 GB  LPDDR4X RAM', 'Grafika': 'Intel®  UHD Graphics', 'Dysk': '1 TB SSD', 'System operacyjny': 'Windows 10 Professional'}"
"Laptop Lenovo IdeaPad 3 15ITL6 15,6"" i3-1115G4 8GB RAM 512GB Dysk SSD Win11S Szary",,"https://f00.esfr.pl/foto/4/105031344745/b4926102e1835b142eb89686f4d86274/lenovo-laptop-ip3-i3-8gb-512ssd-w11,105031344745_7.webp","{'Ekran': '15,6 "",  1920 x 1080 pikseli 60 Hz', 'Procesor': 'Intel® Core™ i3 11gen 1115G4', 'Pamięć': '8 GB  DDR4 3200 MHz RAM', 'Grafika': 'Intel®  UHD Graphics', 'Dysk': '512 GB SSD', 'System operacyjny': 'Windows 11 S'}"
"Laptop 2w1 Microsoft Surface Go 3 10,5"" Pentium Gold 6500Y 4GB RAM 64GB Dysk Win11S +klawiatura +Microsoft365 Personal",,"https://f00.esfr.pl/foto/4/115106097297/17e1a0284c68a933fd089956d945df36/microsoft-laptop-sur-go3-4gb-64gb-w11-cov-m365,115106097297_7.webp","{'Ekran': '10,5 "", ekran dotykowy 1920 x 1280 pikseli', 'Procesor': 'Intel® Pentium® Gold 6500Y', 'Pamięć': '4 GB  LPDDR3 RAM', 'Grafika': 'Intel®  UHD Graphics 615', 'Dysk': '64 GB eMMC', 'System operacyjny': 'Windows 11 S'}"
"Laptop ASUS Vivobook 14 X1407QA-LY034W 14"" Snapdragon X X1-26-100 16GB RAM 512GB Dysk SSD Win11 Niebieski Funkcje AI",,"https://f00.esfr.pl/foto/7/158146707785/9fa71f59dfb4b6293651018d8fb7cf4a/asus-laptop-asus-vb-14-x1-26100-16-512gb-w11,158146707785_7.webp","{'Ekran': '14 "",  1920 x 1200 pikseli 60 Hz', 'Procesor': 'Qualcomm® Snapdragon® X X1-26-100', 'Pamięć': '16 GB  LPDDR5X RAM', 'Grafika': 'Qualcomm®  Adreno™', 'Dysk': '512 GB SSD', 'System operacyjny': 'Windows 11 Home Edition'}"
Laptop gamingowy ASUS V16 V3607VH-RP020 16'' 144Hz Core 5 210H 16GB RAM 512G Dysk SSD RTX5050 DLSS4 Czarny Funkcje AI,,"https://f00.esfr.pl/foto/9/172163970649/c47745d95467ea216dc4f4ca8ca8841e/asus-laptop-asus-vb-16-i5-16-512gb-5050-nos,172163970649_7.webp","{'Ekran': '16 "",  1920 x 1200 pikseli 144 Hz', 'Procesor': 'Intel® Core™ 5 210H', 'Pamięć': '16 GB  DDR5 RAM', 'Grafika': 'NVIDIA® GeForce RTX 5050 + Intel Graphics', 'Dysk': '512 GB SSD', 'System operacyjny': 'bez systemu'}"
"Laptop gamingowy ASUS TUF Gaming A15 FA506NCR-HN008W 15,6''144Hz R7 7435HS 16GB RAM 512GB Dysk SSD RTX3050 Win11 Czarny",,"https://f00.esfr.pl/foto/2/152235701065/bade6374f34fd874aed719ed8750a6c5/asus-laptop-asus-tuf-r7-16gb-512gb-3050-w11,152235701065_7.webp","{'Ekran': '15,6 "",  1920 x 1080 pikseli 144 Hz', 'Procesor': 'AMD Ryzen™ 7 7435HS', 'Pamięć': '16 GB  DDR5 4800 Mhz RAM', 'Grafika': 'NVIDIA® Geforce RTX 3050', 'Dysk': '512 GB SSD', 'System operacyjny': 'Windows 11 Home Edition'}"
"Apple MacBook Air 2024 13,6"" M3 16GB RAM 512GB Dysk macOS Gwiezdna Szarość",,"https://f00.esfr.pl/foto/3/139294467305/5ed62292cd7566644f6cf6f4c7905583/apple-laptop-mba-13-6-16gb-512gb-grey,139294467305_7.webp","{'Ekran': '13,6 "",  2560 x 1664 pikseli', 'Procesor': 'Apple M3', 'Pamięć': '16 GB  zunifikowana RAM', 'Grafika': 'Apple  M3 (10-rdzeni)', 'Dysk': '512 GB SSD', 'System operacyjny': 'macOS Sonoma lub nowszy'}"
"Apple MacBook Air 2025 13,6"" M4 16GB RAM 512GB Dysk macOS Srebrny 70W Funkcje AI",,"https://f00.esfr.pl/foto/1/165147742169/44ay4cpt9hk6/apple-laptop-mba-13-m4-10-10-16gb-512gb-s-70w,165147742169_7.webp","{'Ekran': '13,6 "",  2560 x 1664 pikseli', 'Procesor': 'Apple M4', 'Pamięć': '16 GB  zunifikowana RAM', 'Grafika': 'Apple  M4 (10-rdzeni)', 'Dysk': '512 GB SSD', 'System operacyjny': 'macOS Sequoia lub nowszy'}"
"Laptop gamingowy Lenovo LOQ 15AHP10 15,6"" 144Hz R5 220 16GB RAM 512GB Dysk SSD RTX5050 DLSS4 Win11 Szary Funkcje AI",,"https://f00.esfr.pl/foto/3/179829259833/c2e4187a0163779c37938dc46f51f6be/lenovo-laptop-loq-15-6-r5-16gb-512gb-5050-w11,179829259833_7.webp","{'Ekran': '15,6 "",  1920 x 1080 pikseli 144 Hz', 'Procesor': 'AMD Ryzen™ 5 220', 'Pamięć': '16 GB  DDR5 5600 Mhz RAM', 'Grafika': 'NVIDIA® GeForce RTX™ 5050 + AMD Radeon™ 780M', 'Dysk': '512 GB SSD', 'System operacyjny': 'Windows 11 Home Edition'}"
"Laptop gamingowy HP Victus 16-e0212nw 16,1"" 144Hz R7 5800H 16GB RAM 1TB Dysk SSD RTX3060 Win11 Czarno-srebrny",,"https://f00.esfr.pl/foto/9/99378339521/9d2e55c14e1028923ab21ce29c971448/hp-laptop-victus-r7-16gb-1tb-rtx3060-w10,99378339521_7.webp","{'Ekran': '16,1 "",  1920 x 1080 pikseli 144 Hz', 'Procesor': 'AMD Ryzen™ 7 5800H', 'Pamięć': '16 GB  DDR4 3200 MHz RAM', 'Grafika': 'NVIDIA® GeForce RTX™ 3060 + AMD Radeon™  Graphics', 'Dysk': '1 TB SSD', 'System operacyjny': 'Windows 11 Home Edition'}"
"Laptop biznesowy Dell Pro 14 PC14255 14"" R5 Pro 230 16GB RAM 512GB Dysk SSD Win11 Pro Czarny Funkcje AI",,"https://f00.esfr.pl/foto/1/183280264913/281ec555f3e33015a5f5efe4e47302d0/dell-laptop-dell-p14-r5pro230-16-512-14-w11p,183280264913_7.webp","{'Ekran': '14 "",  1920 x 1200 pikseli 60 Hz', 'Procesor': 'AMD Ryzen™ 5 Pro 230', 'Pamięć': '16 GB  DDR5 5600 Mhz RAM', 'Grafika': 'AMD  Radeon™ 760M', 'Dysk': '512 GB SSD', 'System operacyjny': 'Windows 11 Professional'}"
"Laptop biznesowy ASUS ExpertBook B5404CMA-Q51623X 14"" Ultra 7 155H 16GB RAM 1TB Dysk SSD Win11 Pro Granatowy",,"https://f00.esfr.pl/foto/5/184605280633/1d5a7b009338b3361bc8ae661baf61ef/asus-laptop-asus-u7-155h-16gb-1tb-14-w11p,184605280633_7.webp","{'Ekran': '14 "",  1920 x 1200 pikseli 60 Hz', 'Procesor': 'Intel® Core™ Ultra 7 14gen 155H', 'Pamięć': '16 GB  DDR5 5600 Mhz RAM', 'Grafika': 'Intel®  Arc™ Graphics', 'Dysk': '1 TB SSD', 'System operacyjny': 'Windows 11 Professional'}"
"Laptop gamingowy HP Victus 16-d0242nw 16,1"" 144Hz i5-11400H 16GB RAM 512GB Dysk SSD RTX3050Ti Win11 Czarno-srebrny",,"https://f00.esfr.pl/foto/6/104381992977/ac74e86dde88a24e75d21e58e9e40a2f/hp-laptop-vict-i5-16gb-512ssd-rtx3050ti-w11,104381992977_7.webp","{'Ekran': '16,1 "",  1920 x 1080 pikseli 144 Hz', 'Procesor': 'Intel® Core™ i5 11gen 11400H', 'Pamięć': '16 GB  DDR4 2933 MHz RAM', 'Grafika': 'NVIDIA® GeForce RTX™ 3050 Ti + Intel UHD Graphics', 'Dysk': '512 GB SSD', 'System operacyjny': 'Windows 11 Home Edition'}"
"Apple MacBook Air 2025 13,6"" M4 24GB RAM 512GB Dysk macOS Błękitny 70W Funkcje AI",,"https://f00.esfr.pl/foto/3/165147758777/19yyh1hvv2e9n/apple-laptop-mba-13-m4-10-10-24gb-512gb-sb-70w,165147758777_7.webp","{'Ekran': '13,6 "",  2560 x 1664 pikseli', 'Procesor': 'Apple M4', 'Pamięć': '24 GB  zunifikowana RAM', 'Grafika': 'Apple  M4 (10-rdzeni)', 'Dysk': '512 GB SSD', 'System operacyjny': 'macOS Sequoia lub nowszy'}"
"Laptop ultrabook MSI Prestige 13 AI+ A3MG-021PL OLED 13,3"" Ultra 7 355 32GB RAM 1TB Dysk SSD Win11 Pro Szary Funkcje AI",,"https://f00.esfr.pl/foto/6/190295121097/aca4ab215e174ac4848247316c12901/msi-laptop-msi-prestige-13-u7-32-1-w11p,190295121097_7.webp","{'Ekran': '13,3 "",  2880 x 1800 pikseli 60 Hz', 'Procesor': 'Intel® Core™ Ultra 7 Series 3 355', 'Pamięć': '32 GB  LPDDR5X RAM', 'Grafika': 'Intel®  Graphics', 'Dysk': '1 TB SSD', 'System operacyjny': 'Windows 11 Professional'}"
"Laptop gamingowy HP Victus 16-s0452nw 16,1"" 144Hz R7 7840HS 16GB RAM 512GB Dysk SSD RTX4060 DLSS3 Win11 Czarno-srebrny",,"https://f00.esfr.pl/foto/2/134510026497/d12d7e50672ed2b93d7a41ef31bc00f5/hp-laptop-victus-16-r7-16gb-512gb-4060-w11,134510026497_7.webp","{'Ekran': '16,1 "",  1920 x 1080 pikseli 144 Hz', 'Procesor': 'AMD Ryzen™ 7 7840HS', 'Pamięć': '16 GB  DDR5 5600 Mhz RAM', 'Grafika': 'NVIDIA® GeForce RTX™ 4060 + AMD Radeon™ 780M', 'Dysk': '512 GB SSD', 'System operacyjny': 'Windows 11 Home Edition'}"
"Laptop ASUS Zenbook S 14 OLED UX5406SA-PV029W 14"" Ultra 7 258V 32GB RAM 1TB Dysk SSD Win11 Szary Funkcje AI",,"https://f00.esfr.pl/foto/9/151267230385/6e83511b348a22158ec2d65c70002107/asus-laptop-asus-zenbook-s14-u7-32gb-1tb-w11,151267230385_7.webp","{'Ekran': '14 "",  2880 x 1800 pikseli 120 Hz', 'Procesor': 'Intel® Core™ Ultra 7 14gen 258V', 'Pamięć': '32 GB  LPDDR5X RAM', 'Grafika': 'Intel®  Arc™ Graphics 140V', 'Dysk': '1 TB SSD', 'System operacyjny': 'Windows 11 Home Edition'}"
"Laptop ultrabook MSI Prestige 13 AI+ Ukiyoe Edition A2VMG-202PL OLED 13,3"" Ultra 9 288V 32GB RAM 2TB Dysk SSD Win11 Czarny Funkcje AI",,"https://f00.esfr.pl/foto/3/176398137273/2555f136132bd9b948bea0c04a9add69/msi-laptop-pres-13-u9-32-2tb-w11,176398137273_7.webp","{'Ekran': '13,3 "",  2880 x 1800 pikseli 60 Hz', 'Procesor': 'Intel® Core™ Ultra 9 15gen 288V', 'Pamięć': '32 GB  LPDDR5x 8533 Mhz RAM', 'Grafika': 'Intel®  Arc Graphics 140V', 'Dysk': '2 TB SSD', 'System operacyjny': 'Windows 11 Home Edition'}"
"Laptop ultrabook Acer Aspire 5 A514-54-57KA 14"" i5-1135G7 16GB RAM 512GB Dysk SSD Win11 Srebrny",,"https://f00.esfr.pl/foto/9/99693343073/1eca5e1faa7f8a42d8c52b051ea45b45/acer-laptop-a5-14-i5-16gb-512ssd-w11,99693343073_7.webp","{'Ekran': '14 "",  1920 x 1080 pikseli 60 Hz', 'Procesor': 'Intel® Core™ i5 11gen 1135G7', 'Pamięć': '16 GB  DDR4 RAM', 'Grafika': 'Intel®  Iris Xe Graphics', 'Dysk': '512 GB SSD', 'System operacyjny': 'Windows 11 Home Edition'}"
"Apple Macbook Pro M2 13,3"" M2 8GB RAM 256GB Dysk macOS Gwiezdna Szarość",,"https://f00.esfr.pl/foto/3/106540870009/acf30858ad6c4ad0abc24cc6c4ba71ff/apple-laptop-mbp-13-m2-8gb-256ssd-grey-22,106540870009_7.webp","{'Ekran': '13,3 "",  2560 x 1600 pikseli', 'Procesor': 'Apple M2', 'Pamięć': '8 GB  zunifikowana RAM', 'Grafika': 'Apple  M2 (10-rdzeni)', 'Dysk': '256 GB SSD', 'System operacyjny': 'macOS Monterey lub nowszy'}"
"Laptop LG Gram 14"" 2021 14Z90P-G.AA66Y i5-1135G7 16GB RAM 512GB Dysk SSD Win11 Srebrny",,"https://f00.esfr.pl/foto/5/94131329465/1f4d7b15dbc4cf0c4f18e719cb812e97/lg-laptop-lg-14-i5-16gb-512ssd-w11-silver,94131329465_7.webp","{'Ekran': '14 "",  1920 x 1200 pikseli', 'Procesor': 'Intel® Core™ i5 11gen 1135G7', 'Pamięć': '16 GB  LPDDR4X RAM', 'Grafika': 'Intel®  Iris Xe Graphics', 'Dysk': '512 GB SSD', 'System operacyjny': 'Windows 11 Home Edition'}"
"Laptop 2w1 HP Envy x360 16-ac0014nw OLED 16"" 120Hz Ultra 5 125U 16GB RAM 1TB Dysk SSD Win11 Srebrny Funkcje AI",,"https://f00.esfr.pl/foto/9/157452644537/528c4253cc3d7b9679d31a12dd7a8080/hp-laptop-envy-0014nw-16-u5-125u16-1tb-w11,157452644537_7.webp","{'Ekran': '16 "", ekran dotykowy 2880 x 1800 pikseli 120 Hz', 'Procesor': 'Intel® Core™ Ultra 5 14gen 125U', 'Pamięć': '16 GB  LPDDR5 6400 Mhz RAM', 'Grafika': 'Intel®  Graphics', 'Dysk': '1 TB SSD', 'System operacyjny': 'Windows 11 Home Edition'}"
"Laptop ASUS Vivobook 15 M1502YA-BQ135W 15,6"" R5 7530U 8GB RAM 512GB Dysk SSD Win11 Niebieski",,"https://f00.esfr.pl/foto/1/137950306553/4cd143762b9c9083a7e0173fab12d9e3/asus-laptop-m1502-r5-8gb-512gb-w11,137950306553_7.webp","{'Ekran': '15,6 "",  1920 x 1080 pikseli 60 Hz', 'Procesor': 'AMD Ryzen™ 5 7530U', 'Pamięć': '8 GB  DDR4 RAM', 'Grafika': 'AMD  Radeon™ Graphics', 'Dysk': '512 GB SSD', 'System operacyjny': 'Windows 11 Home Edition'}"
"Laptop ASUS Vivobook 16 M1605YA-MB204 16"" R7 7730U 16GB RAM 512GB Dysk SSD Czarny Funkcje AI",,"https://f00.esfr.pl/foto/6/172163935001/5d87669c057bc5fad19dc95a9f9c0c1b/asus-laptop-asus-vb-16-oled-r7-16-512gb-nos,172163935001_7.webp","{'Ekran': '16 "",  1920 x 1200 pikseli 60 Hz', 'Procesor': 'AMD Ryzen™ 7 7730U', 'Pamięć': '16 GB  DDR4 RAM', 'Grafika': 'AMD  Radeon™ Graphics', 'Dysk': '512 GB SSD', 'System operacyjny': 'bez systemu'}"
"Laptop biznesowy HP 255 G9 15,6"" R5 5625U 8GB RAM 512GB Dysk SSD Win11 Pro Szary",,"https://f00.esfr.pl/foto/7/111374483809/d8f3f186c6fc1b0dc07a64e408eeecd0/hp-laptop-hp-r5-5625u-8gb-512gb-w11p,111374483809_7.webp","{'Ekran': '15,6 "",  1920 x 1080 pikseli', 'Procesor': 'AMD Ryzen™ 5 5625U', 'Pamięć': '8 GB  DDR4 3200 MHz RAM', 'Grafika': 'AMD  Radeon™ Graphics', 'Dysk': '512 GB SSD', 'System operacyjny': 'Windows 11 Professional'}"
"Apple MacBook Air 13,6"" M2 16GB RAM 256GB Dysk macOS Gwiezdna Szarość US",,"https://f00.esfr.pl/foto/7/109371234265/1d39cecccfebe593a643da180e3daf99/apple-laptop-mba-z15s00150-m2-16gb-256-grey-us,109371234265_7.webp","{'Ekran': '13,6 "",  2560 x 1664 pikseli', 'Procesor': 'Apple M2', 'Pamięć': '16 GB  zunifikowana RAM', 'Grafika': 'Apple  M2 (8-rdzeni)', 'Dysk': '256 GB SSD', 'System operacyjny': 'macOS Monterey lub nowszy'}"
"Laptop gamingowy MSI Cyborg 15 A13VE-1613XPL 15,6""144Hz i5-13420H 16GB RAM 512GB Dysk SSD RTX4050 DLSS3 Czarny",,"https://f00.esfr.pl/foto/5/157452733265/9b1142b5fb1dbeba3739e0d322f02ae4/msi-laptop-cyborg-15-6-i5-16-512gb-4050-nos,157452733265_7.webp","{'Ekran': '15,6 "",  1920 x 1080 pikseli 144 Hz', 'Procesor': 'Intel® Core™ i5 13gen 13420H', 'Pamięć': '16 GB  DDR5 5200 Mhz RAM', 'Grafika': 'NVIDIA® GeForce RTX™ 4050 + Intel UHD Graphics', 'Dysk': '512 GB SSD', 'System operacyjny': 'bez systemu'}"
"Laptop gamingowy ASUS TUF Gaming A15 FA506NFR-HN009W 15,6''144Hz R7 7435HS 16GB RAM 512GB Dysk SSD RTX2050 Win11 Czarny",,"https://f00.esfr.pl/foto/1/152235681825/d6b390b52583dfae71aeddaf670951a9/asus-laptop-asus-tuf-r7-16gb-512gb-2050-w11,152235681825_7.webp","{'Ekran': '15,6 "",  1920 x 1080 pikseli 144 Hz', 'Procesor': 'AMD Ryzen™ 7 7435HS', 'Pamięć': '16 GB  DDR5 4800 Mhz RAM', 'Grafika': 'NVIDIA® Geforce RTX 2050', 'Dysk': '512 GB SSD', 'System operacyjny': 'Windows 11 Home Edition'}"
"Laptop biznesowy HP ProBook 450 G9 15,6"" i5-1235U 16GB RAM 512GB Dysk SSD Win11 Pro Srebrny",,"https://f00.esfr.pl/foto/9/133344604169/3255b2df8e2c612b4384e6cb7a6d618a/hp-laptop-hp-i5-1235u-16gb-512gb-w11p_3,133344604169_7.webp","{'Ekran': '15,6 "",  1920 x 1080 pikseli 60 Hz', 'Procesor': 'Intel® Core™ i5 12gen 1235U', 'Pamięć': '16 GB  DDR4 3200 MHz RAM', 'Grafika': 'Intel®  UHD Graphics', 'Dysk': '512 GB SSD', 'System operacyjny': 'Windows 11 Professional'}"
"Laptop gamingowy Gigabyte Gaming  A16 CTHH3EE893SD 16"" 165Hz i7-13620H 16GB RAM 512GB Dysk SSD RTX5050 DLSS4 Czarny",,"https://f00.esfr.pl/foto/4/168499128561/2e07be5ebaa8c977ed1a3225349573e0/gigabyte-laptop-giga-a16-i7-16-16-512gb-5050-dos,168499128561_7.webp","{'Ekran': '16 "",  1920 x 1200 pikseli 165 Hz', 'Procesor': 'Intel® Core™ i7 13gen 13620H', 'Pamięć': '16 GB  DDR5 5200 Mhz RAM', 'Grafika': 'NVIDIA® GeForce RTX 5050 + Intel UHD Graphics', 'Dysk': '512 GB SSD', 'System operacyjny': 'bez systemu'}"
"Laptop biznesowy ASUS ExpertBook B3 B3404CVA-Q50016X 14"" i5-1335U 16GB RAM 512GB Dysk SSD Win11 Pro Czarny",,"https://f00.esfr.pl/foto/5/152465882393/a28cc726878ab1b688bd8c0892d9e332/asus-laptop-asus-14-i5-16gb-512gb-w11p_5,152465882393_7.webp","{'Ekran': '14 "",  1920 x 1200 pikseli 60 Hz', 'Procesor': 'Intel® Core™ i5 13gen 1335U', 'Pamięć': '16 GB  DDR5 RAM', 'Grafika': 'Intel®  UHD Graphics', 'Dysk': '512 GB SSD', 'System operacyjny': 'Windows 11 Professional'}"
Laptop ASUS TUF Gaming A16 FA607NU-R5165W 16'' 144Hz R5 7535HS 16GB RAM 512GB Dysk SSD RTX4050 Win11 Szary,,"https://f00.esfr.pl/foto/2/158146674297/f3f904619270fb766ee9ea18740b9eb6/asus-laptop-asus-tuf-a16-r5-16-512gb-4050-w11,158146674297_7.webp","{'Ekran': '16 "",  1920 x 1200 pikseli 144 Hz', 'Procesor': 'AMD Ryzen™ 5 7535HS', 'Pamięć': '16 GB  DDR5 4800 Mhz RAM', 'Grafika': 'NVIDIA® GeForce RTX 4050 + AMD Radeon™ 660M', 'Dysk': '512 GB SSD', 'System operacyjny': 'Windows 11 Home Edition'}"
"Laptop biznesowy ASUS ExpertBook P3 P3405CVA-NZ0326X 14"" 144Hz i7-13620H 16GB RAM 512GB Dysk SSD Win11 Pro Szary Funkcje AI",,"https://f00.esfr.pl/foto/4/184605771977/4c219ff8e50457bcdf5c17500e13fcbe/asus-laptop-asus-i7-13620h-16-512gb-14-w11p,184605771977_7.webp","{'Ekran': '14 "",  2560 x 1600 pikseli 144 Hz', 'Procesor': 'Intel® Core™ i7 13gen 13620H', 'Pamięć': '16 GB  DDR5 RAM', 'Grafika': 'Intel®  UHD Graphics', 'Dysk': '512 GB SSD', 'System operacyjny': 'Windows 11 Professional'}"
"Laptop 2w1 HP Envy x360 14-fc0015nw 14"" Ultra 5 125U 16GB RAM 512GB Dysk SSD Win11 Srebrny Funkcje AI",,"https://f00.esfr.pl/foto/7/157014345225/12d774c1c55307bc3a5fce0f32e03206/hp-laptop-envy-x360-14-u5-16-512gb-w11h,157014345225_7.webp","{'Ekran': '14 "", ekran dotykowy 1920 x 1200 pikseli 60 Hz', 'Procesor': 'Intel® Core™ Ultra 5 14gen 125U', 'Pamięć': '16 GB  LPDDR5 6400 Mhz RAM', 'Grafika': 'Intel®  Graphics', 'Dysk': '512 GB SSD', 'System operacyjny': 'Windows 11 Home Edition'}"
"Laptop gamingowy HP Victus 15-fa1151nw 15,6"" 144Hz i5-13420H 16GB RAM 512GB Dysk SSD RTX4050 Win11 Czarno-srebrny",,"https://f00.esfr.pl/foto/8/157014359153/ca01ff5168ea1bbff99df631659bbd5f/hp-laptop-victus-i5-16-512gb-6gb-w11-4050,157014359153_7.webp","{'Ekran': '15,6 "",  1920 x 1080 pikseli 144 Hz', 'Procesor': 'Intel® Core™ i5 13gen 13420H', 'Pamięć': '16 GB  DDR4 3200 MHz RAM', 'Grafika': 'NVIDIA® GeForce RTX™ 4050 + Intel UHD Graphics', 'Dysk': '512 GB SSD', 'System operacyjny': 'Windows 11 Home Edition'}"
"Laptop biznesowy ASUS ExpertBook B3 B3405CCA-LY0181X 14"" Ultra 7 155H 16GB RAM 512GB Dysk SSD Win11 Pro Szary Funkcje AI",,"https://f00.esfr.pl/foto/4/184605385441/5bd655be58f9b222c20f1ad3e9132e26/asus-laptop-asus-u7-155h-16-512gb-14-w11p,184605385441_7.webp","{'Ekran': '14 "",  1920 x 1200 pikseli 60 Hz', 'Procesor': 'Intel® Core™ Ultra 7 14gen 155H', 'Pamięć': '16 GB  DDR5 RAM', 'Grafika': 'Intel®  Graphics', 'Dysk': '512 GB SSD', 'System operacyjny': 'Windows 11 Professional'}"
"Laptop biznesowy HP ProBook 4 G1i 14"" Ultra 5 225U 16GB RAM 512GB Dysk SSD Win11 Pro Srebrny Funkcje AI",,"https://f00.esfr.pl/foto/4/183279886393/a1e15c1c621ecd53db1c5b722020abf5/hp-laptop-hp-pb4-u5225u-16gb-512gb-14-w11p,183279886393_7.webp","{'Ekran': '14 "",  1920 x 1200 pikseli', 'Procesor': 'Intel® Core™ Ultra 5 15gen 225U', 'Pamięć': '16 GB  DDR5 5600 Mhz RAM', 'Grafika': 'Intel®  Graphics', 'Dysk': '512 GB SSD', 'System operacyjny': 'Windows 11 Professional'}"
"Apple MacBook Air 2025 13,6"" M4 16GB RAM 512GB Dysk macOS Księżycowa poświata 70W Funkcje AI",,"https://f00.esfr.pl/foto/2/165147732657/1p0j47cldhejf/apple-laptop-mba-13-m4-10-10-16gb-512gb-sl-70w,165147732657_7.webp","{'Ekran': '13,6 "",  2560 x 1664 pikseli', 'Procesor': 'Apple M4', 'Pamięć': '16 GB  zunifikowana RAM', 'Grafika': 'Apple  M4 (10-rdzeni)', 'Dysk': '512 GB SSD', 'System operacyjny': 'macOS Sequoia lub nowszy'}"
"Laptop HP Victus 15-fa2056nw 15,6"" 144Hz Core 7 240H 16GB RAM 512GB Dysk SSD RTX5050 DLSS4 Win11 Czarno-srebrny Funkcje AI",,"https://f00.esfr.pl/foto/3/172741834337/4721cb8f133b6541b57e4f8072508712/hp-laptop-hp-vic-15-i7-16-512-5050-w11,172741834337_7.webp","{'Ekran': '15,6 "",  1920 x 1080 pikseli 144 Hz', 'Procesor': 'Intel® Core™ 7 15gen 240H', 'Pamięć': '16 GB  DDR5 5600 Mhz RAM', 'Grafika': 'NVIDIA® GeForce RTX™ 5050 + Intel Graphics', 'Dysk': '512 GB SSD', 'System operacyjny': 'Windows 11 Home Edition'}"
"Laptop ultrabook ASUS Zenbook 14X OLED UX5401EA-L7099W OLED 14"" 90Hz i7-1165G7 16GB RAM 512GB Dysk SSD Win11 Szary",,"https://f00.esfr.pl/foto/3/111110483289/91053ace1e82d1d3a981a20535600c99/asus-laptop-ux5401-14-i7-16gb-512ssd-w11,111110483289_7.webp","{'Ekran': '14 "",  2880 x 1800 pikseli 90 Hz', 'Procesor': 'Intel® Core™ i7 11gen 1165G7', 'Pamięć': '16 GB  LPDDR4X RAM', 'Grafika': 'Intel®  Iris Xe Graphics', 'Dysk': '512 GB SSD', 'System operacyjny': 'Windows 11 Home Edition'}"
"Apple MacBook Pro 2024 14,2"" M4 16GB RAM 1TB Dysk macOS Srebrny Funkcje AI",,"https://f00.esfr.pl/foto/1/152647202649/5434d884e52512b662957537ff0c5b3/apple-laptop-mbp-14-m4-10-10-16gb-1tb-silver,152647202649_7.webp","{'Ekran': '14,2 "",  3024 x 1964 pikseli 120 Hz', 'Procesor': 'Apple M4', 'Pamięć': '16 GB  zunifikowana RAM', 'Grafika': 'Apple  M4 (10-rdzeni)', 'Dysk': '1 TB SSD', 'System operacyjny': 'macOS Sequoia lub nowszy'}"
"Laptop biznesowy HP EliteBook 8 G1i 16"" Ultra 5 225U 32GB RAM 512GB Dysk SSD Win11 Pro Srebrny Funkcje AI",,"https://f00.esfr.pl/foto/6/184605240697/2d603b11a759fb2911c8e7c714bd57e1/hp-laptop-hp-eb-u5-225u-32-512gb-16-w11p,184605240697_7.webp","{'Ekran': '16 "",  1920 x 1200 pikseli 60 Hz', 'Procesor': 'Intel® Core™ Ultra 5 15gen 225U', 'Pamięć': '32 GB  DDR5 5600 Mhz RAM', 'Grafika': 'Intel®  Graphics', 'Dysk': '512 GB SSD', 'System operacyjny': 'Windows 11 Professional'}"
"Laptop biznesowy HP EliteBook 8 G1i 14"" Ultra 5 225U 32GB RAM 512GB Dysk SSD Win11 Pro Srebrny Funkcje AI",,"https://f00.esfr.pl/foto/7/184605370977/896ec06196548c23bbe54563c2265d8d/hp-laptop-hp-8g1i-u5-225u-32-512gb-14-w11,184605370977_7.webp","{'Ekran': '14 "",  1920 x 1200 pikseli 60 Hz', 'Procesor': 'Intel® Core™ Ultra 5 15gen 225U', 'Pamięć': '32 GB  DDR5 5600 Mhz RAM', 'Grafika': 'Intel®  Graphics', 'Dysk': '512 GB SSD', 'System operacyjny': 'Windows 11 Professional'}"
"Laptop biznesowy Dell Alienware 16 Aurora AC16250 16"" 120Hz Core 9 270H 16GB RAM 1TB Dysk SSD RTX5060 DLSS4 W11 Pro Granatowy Funkcje AI",,"https://f00.esfr.pl/foto/8/183280899041/81ddaec2eadc55eed6ca76c6a3e1cf97/dell-laptop-dell-al-c9270h-16-1tb-13-3-w11p,183280899041_7.webp","{'Ekran': '16 "",  2560 x 1600 pikseli 120 Hz', 'Procesor': 'Intel® Core™ 9 15gen 270H', 'Pamięć': '16 GB  DDR5 5600 Mhz RAM', 'Grafika': 'NVIDIA® GeForce RTX™ 5060 + Intel Graphics', 'Dysk': '1 TB SSD', 'System operacyjny': 'Windows 11 Professional'}"
"Laptop 2w1 Lenovo ThinkPad T14s 2-in-1 Gen 1 14"" Ultra 7 255U 32GB RAM 1TB Dysk SSD Win11 Pro Czarny Funkcje AI",,"https://f00.esfr.pl/foto/1/174092233953/16b81b35ae8674a813d6f167b89b4362/lenovo-laptop-lenovo-tp-14-u7-32gb-1tb-w11p_3,174092233953_7.webp","{'Ekran': '14 "", ekran dotykowy 1920 x 1200 pikseli', 'Procesor': 'Intel® Core™ Ultra 7 15gen 255U', 'Pamięć': '32 GB  LPDDR5x 7467 Mhz RAM', 'Grafika': 'Intel®  Graphics', 'Dysk': '1 TB SSD', 'System operacyjny': 'Windows 11 Professional'}"
"Laptop gamingowy ASUS ROG Zephyrus S GX701GXR 17,3"" i7-9750H 16GB RAM 1TB Dysk SSD RTX2080 Max-Q Win10 Czarny",,"https://f00.esfr.pl/foto/5/49148382433/15128d3166b24d2306ac7018fd597fd2/asus-laptop-gx701-17-i7-16gb-1tssd-rtx2080-w1,49148382433_7.webp","{'Ekran': '17,3 "",  1920 x 1080 pikseli 144 Hz', 'Procesor': 'Intel® Core™ i7 9gen 9750H', 'Pamięć': '16 GB  DDR4 2666 MHz RAM', 'Grafika': 'NVIDIA® GeForce RTX™ 2080 Max-Q + Intel UHD Graphics 630', 'Dysk': '1 TB SSD', 'System operacyjny': 'Windows 10 Home Edition'}"
"Laptop biznesowy Lenovo ThinkBook 16p G6 ADR 16"" 240Hz R9 8940HX 32GB RAM 1TB Dysk SSD RTX5060 Win11 Pro Szary",,"https://f00.esfr.pl/foto/2/184605609457/5919ce553b03809efd8f1be6bb649fac/lenovo-laptop-lenovo-r9-8940hx-32gb-rtx5060-w11,184605609457_7.webp","{'Ekran': '16 "",  2560 x 1600 pikseli 240 Hz', 'Procesor': 'AMD Ryzen™ 9 8940HX', 'Pamięć': '32 GB  DDR5 5200 Mhz RAM', 'Grafika': 'NVIDIA® GeForce RTX™ 5060 + AMD Radeon™ 610M', 'Dysk': '1 TB SSD', 'System operacyjny': 'Windows 11 Professional'}"
"Laptop 2w1 HP EliteBook X Flip G1i 14"" Ultra 7 268V 32GB RAM 1TB Dysk SSD Win11 Pro Niebieski Funkcje AI",,"https://f00.esfr.pl/foto/5/170019163769/8aa0eeab423a2e36868ee25cd09e4b37/hp-laptop-hp-eb-14-u7-32-1tb-w11p_2,170019163769_7.webp","{'Ekran': '14 "", ekran dotykowy 1920 x 1200 pikseli 120 Hz', 'Procesor': 'Intel® Core™ Ultra 7 15gen 268V', 'Pamięć': '32 GB  LPDDR5x 8533 Mhz RAM', 'Grafika': 'Intel®  Arc 140V', 'Dysk': '1 TB SSD', 'System operacyjny': 'Windows 11 Professional'}"
"Laptop Acer Aspire 3 A315-58-39PH 15,6"" i3-1115G4 4GB RAM 256GB Dysk SSD Win11S Srebrny",,"https://f00.esfr.pl/foto/7/113659379529/4b669fd30ddfbd2948d20ad765d05121/acer-laptop-aspire-3-i3-4gb-256gb-w11,113659379529_7.webp","{'Ekran': '15,6 "",  1920 x 1080 pikseli 60 Hz', 'Procesor': 'Intel® Core™ i3 11gen 1115G4', 'Pamięć': '4 GB  DDR4 RAM', 'Grafika': 'Intel®  UHD Graphics', 'Dysk': '256 GB SSD', 'System operacyjny': 'Windows 11 S'}"
"Laptop Acer Aspire 3 A315-56-55MF 15,6"" i5-1035G1 8GB RAM 512GB Dysk SSD Win11 Czarny",,"https://f00.esfr.pl/foto/1/102413614385/96cfd2e8b3ac9cc17a45e3586cc5c8b1/acer-laptop-aspire-3-i5-8gb-512ssd-w11,102413614385_7.webp","{'Ekran': '15,6 "",  1920 x 1080 pikseli 60 Hz', 'Procesor': 'Intel® Core™ i5 10gen 1035G1', 'Pamięć': '8 GB  DDR4 RAM', 'Grafika': 'Intel®  UHD Graphics', 'Dysk': '512 GB SSD', 'System operacyjny': 'Windows 11 Home Edition'}"
"Laptop 2w1 Acer Aspire 3 Spin A3SP14-31PT-39P6 14"" i3-N305 8GB RAM 256GB Dysk SSD Win11S Srebrny",,"https://f00.esfr.pl/foto/9/131046586569/10b053923542f07a24cfa8c00ca13a30/acer-laptop-spin-3-14-i3-n305-8gb-256gb-w11,131046586569_7.webp","{'Ekran': '14 "", ekran dotykowy 1920 x 1200 pikseli 60 Hz', 'Procesor': 'Intel® Core™ i3 N305', 'Pamięć': '8 GB  LPDDR5 RAM', 'Grafika': 'Intel®  UHD Graphics', 'Dysk': '256 GB SSD', 'System operacyjny': 'Windows 11 S'}"
Laptop LG Gram 14'' 2022 14Z90Q-G.AA55Y i5-1240P 16GB RAM 512GB Dysk SSD Win11 Czarny,,"https://f00.esfr.pl/foto/3/106532653529/a21560e63a23e6922f6c634eea5b9732/lg-laptop-gram-14-i5-16gb-512ssd-w11_2,106532653529_7.webp","{'Ekran': '14 "",  1920 x 1200 pikseli', 'Procesor': 'Intel® Core™ i5 12gen 1240P', 'Pamięć': '16 GB  LPDDR5 5200 Mhz RAM', 'Grafika': 'Intel®  Iris Xe Graphics', 'Dysk': '512 GB SSD', 'System operacyjny': 'Windows 11 Home Edition'}"
Laptop ultrabook Dell Inspiron 5402-6378 14'' i5-1135G7 8GB RAM 512GB Dysk SSD Win11 Srebrny,,"https://f00.esfr.pl/foto/2/97537775657/104d19425a56e06c425ece3242e8f23b/dell-laptop-5402-14-i5-8gb-512ssd-w11,97537775657_7.webp","{'Ekran': '14 "",  1920 x 1080 pikseli', 'Procesor': 'Intel® Core™ i5 11gen 1135G7', 'Pamięć': '8 GB  DDR4 3200 MHz RAM', 'Grafika': 'Intel®  Iris Xe Graphics', 'Dysk': '512 GB SSD', 'System operacyjny': 'Windows 11 Home Edition'}"
"Laptop HP 15s-fq2622nw 15,6"" i3-1115G4 8GB RAM 256GB Dysk SSD Win11 Srebrny",,"https://f00.esfr.pl/foto/9/120246788809/daaa440e3997d4dcfad7aba013c3e676/hp-laptop-hp15s-i3-8gb-256ssd-w11_1,120246788809_7.webp","{'Ekran': '15,6 "",  1920 x 1080 pikseli', 'Procesor': 'Intel® Core™ i3 11gen 1115G4', 'Pamięć': '8 GB  DDR4 3200 MHz RAM', 'Grafika': 'Intel®  UHD Graphics', 'Dysk': '256 GB SSD', 'System operacyjny': 'Windows 11 Home Edition'}"
"Laptop HP 15s-eq1125nw 15,6"" R5 4500U 8GB RAM 512GB Dysk Srebrny",,"https://f00.esfr.pl/foto/3/84058312457/bf91c428eb88583e2462d13996e4a4f0/hp-laptop-hp15s-r5-4500-8gb-512ssd-dos,84058312457_7.webp","{'Ekran': '15,6 "",  1920 x 1080 pikseli', 'Procesor': 'AMD Ryzen™ 5 4500U', 'Pamięć': '8 GB  DDR4 2666 MHz RAM', 'Grafika': 'AMD  Radeon™ Graphics', 'Dysk': '512 GB SSD', 'System operacyjny': 'bez systemu'}"
"Laptop ASUS Vivobook S16 S3607VA-RP004W 16"" 144Hz i5-13420H 16GB RAM 512GB Dysk SSD Win11 Srebrny",,"https://f00.esfr.pl/foto/2/172163937673/6248177fbe595cb8b7c6226e38c3e56/asus-laptop-asus-vb-16-i5-16-512gb-w11,172163937673_7.webp","{'Ekran': '16 "",  1920 x 1200 pikseli 144 Hz', 'Procesor': 'Intel® Core™ i5 13gen 13420H', 'Pamięć': '16 GB  DDR5 RAM', 'Grafika': 'Intel®  UHD Graphics', 'Dysk': '512 GB SSD', 'System operacyjny': 'Windows 11 Home Edition'}"
"Laptop HP OmniBook 5 16-bc1218nw 16"" R5 8540U 16GB RAM 512GB Dysk SSD Win11 Srebrny Funkcje AI",,"https://f00.esfr.pl/foto/1/172741837665/7cdc3d0b802a65f754212969a19fb5db/hp-laptop-hp-ob-5-c-16-r5-16-512gb-w11,172741837665_7.webp","{'Ekran': '16 "", ekran dotykowy 1920 x 1200 pikseli', 'Procesor': 'AMD Ryzen™ 5 8540U', 'Pamięć': '16 GB  LPDDR5 6400 Mhz RAM', 'Grafika': 'AMD  Radeon™ 740M', 'Dysk': '512 GB SSD', 'System operacyjny': 'Windows 11 Home Edition'}"
"Laptop Lenovo ThinkBook 16 G6 IRL 16"" i5-1335U 16GB RAM 512GB Dysk SSD Win11 Pro Szary",,"https://f00.esfr.pl/foto/7/131773265177/aa8d8659e3f184e853aa55897740821b/lenovo-laptop-leno-i5-1335u-16gb-512gb-16-w11p_2,131773265177_7.webp","{'Ekran': '16 "",  1920 x 1200 pikseli 60 Hz', 'Procesor': 'Intel® Core™ i5 13gen 1335U', 'Pamięć': '16 GB  DDR5 5200 Mhz RAM', 'Grafika': 'Intel®  UHD Graphics', 'Dysk': '512 GB SSD', 'System operacyjny': 'Windows 11 Professional'}"
"Laptop biznesowy ASUS ExpertBook B3 B3604CMA-Q90306X 16"" Ultra 5 125H 16GB RAM 512GB Dysk SSD Win11 Pro Czarny Funkcje AI",,"https://f00.esfr.pl/foto/4/152465595553/4b95901776856a1b80ca710abde48e5a/asus-laptop-asus-14-u5-16gb-512gb-w11p,152465595553_7.webp","{'Ekran': '16 "",  1920 x 1200 pikseli 60 Hz', 'Procesor': 'Intel® Core™ Ultra 5 14gen 125H', 'Pamięć': '16 GB  DDR5 RAM', 'Grafika': 'Intel®  Graphics', 'Dysk': '512 GB SSD', 'System operacyjny': 'Windows 11 Professional'}"
"Laptop ultrabook ASUS Zenbook 14 UM3406KA-PP051W OLED 14"" 120Hz Ryzen AI 7 350 16GB RAM 512GB Dysk SSD Win11 Czarny Funkcje AI",,"https://f00.esfr.pl/foto/8/177079517481/9d0f8b2237f41e72a1ccc04417de679f/asus-laptop-asus-zb-14-ai-r7-16-512-w11,177079517481_7.webp","{'Ekran': '14 "",  2880 x 1800 pikseli 120 Hz', 'Procesor': 'AMD Ryzen™ AI 7 350', 'Pamięć': '16 GB  LPDDR5X RAM', 'Grafika': 'AMD  Radeon™ 860M Graphics', 'Dysk': '512 GB SSD', 'System operacyjny': 'Windows 11 Home Edition'}"
"Laptop Dell Vostro 5640 16"" Core 5 120U 16GB RAM 1TB Dysk SSD Win11 Pro Szary",,"https://f00.esfr.pl/foto/2/143005660537/78e460c0b5fe4f8f552cfb7f20a8655e/dell-laptop-dell-5-120u-16gb-1tb-ssd-16-w11p,143005660537_7.webp","{'Ekran': '16 "",  1920 x 1200 pikseli 60 Hz', 'Procesor': 'Intel® Core™ 5 120U', 'Pamięć': '16 GB  DDR5 5200 Mhz RAM', 'Grafika': 'Intel®  Graphics', 'Dysk': '1 TB SSD', 'System operacyjny': 'Windows 11 Professional'}"
"Laptop biznesowy HP EliteBook 850 G8 15,6"" i5-1145G7 8GB RAM 512GB Dysk SSD Win11 Pro Srebrny",,"https://f00.esfr.pl/foto/8/111374546825/7fb0f3f023dc2126b29ebd1525c29544/hp-laptop-hp-i5-1145g7-8gb-512gb-w11p,111374546825_7.webp","{'Ekran': '15,6 "",  1920 x 1080 pikseli', 'Procesor': 'Intel® Core™ i5 11gen 1145G7', 'Pamięć': '8 GB  DDR4 3200 MHz RAM', 'Grafika': 'Intel®  UHD Graphics', 'Dysk': '512 GB SSD', 'System operacyjny': 'Windows 11 Professional'}"
"Laptop ultrabook ASUS ZenBook 13 UX325EA-KG455W OLED 13,3"" i5-1135G7 16GB RAM 512GB Dysk SSD Win11 Szary",,"https://f00.esfr.pl/foto/9/116480226897/2bd9bbfd2614164a62ba881243218f33/asus-laptop-ux325-13-3-i5-16gb-512ssd-w11_1,116480226897_7.webp","{'Ekran': '13,3 "",  1920 x 1080 pikseli', 'Procesor': 'Intel® Core™ i5 11gen 1135G7', 'Pamięć': '16 GB  LPDDR4X RAM', 'Grafika': 'Intel®  Iris Xe Graphics', 'Dysk': '512 GB SSD', 'System operacyjny': 'Windows 11 Home Edition'}"
"Laptop ASUS Vivobook S14 S3407QA-KP002W 14"" Snapdragon X X1-26-100 16GB RAM 512GB Dysk SSD Win11 Srebrny Funkcje AI",,"https://f00.esfr.pl/foto/8/172164012385/97251c53f0c5cfcc16cac394a55f5e77/asus-laptop-asus-vb-s14-sx-16-512gb-w11,172164012385_7.webp","{'Ekran': '14 "",  2560 x 1600 pikseli 60 Hz', 'Procesor': 'Qualcomm® Snapdragon® X X1-26-100', 'Pamięć': '16 GB  LPDDR5X RAM', 'Grafika': 'Qualcomm®  Adreno™', 'Dysk': '512 GB SSD', 'System operacyjny': 'Windows 11 Home Edition'}"
"Laptop biznesowy HP ProBook 4 G1i 16"" Ultra 5 225H 24GB RAM 512GB Dysk SSD Win11 Pro Srebrny Funkcje AI",,"https://f00.esfr.pl/foto/3/181421988769/b2e8c76a7f4cba70aa80e77e455e9338/hp-laptop-hp-pb4-16-u5-24-512-w11_1,181421988769_7.webp","{'Ekran': '16 "",  1920 x 1200 pikseli', 'Procesor': 'Intel® Core™ Ultra 5 15gen 225H', 'Pamięć': '24 GB  DDR5 5600 Mhz RAM', 'Grafika': 'Intel®  Arc 130T Graphics', 'Dysk': '512 GB SSD', 'System operacyjny': 'Windows 11 Professional'}"
"Laptop biznesowy Lenovo ThinkPad E14 Gen 7 14"" Ultra 5 225U 16GB RAM 512GB Dysk SSD Win11 Pro Czarny Funkcje AI",,"https://f00.esfr.pl/foto/3/172660399761/a0409eddec356394c010ade12a7ba30d/lenovo-laptop-len-ultra5-225u-16-512gb-14-w11p,172660399761_7.webp","{'Ekran': '14 "",  1920 x 1200 pikseli 60 Hz', 'Procesor': 'Intel® Core™ Ultra 5 15gen 225U', 'Pamięć': '16 GB  DDR5 5600 Mhz RAM', 'Grafika': 'Intel®  Graphics', 'Dysk': '512 GB SSD', 'System operacyjny': 'Windows 11 Professional'}"
"Laptop gamingowy Acer Nitro 17 AN17-41-R5CS 17,3"" 165Hz R7 7840HS 16GB RAM 1TB Dysk SSD RTX4070 DLSS3 Win11 Czarny",,"https://f00.esfr.pl/foto/9/135862025033/57d46f173da2a543ed8968117d0f56f1/acer-laptop-nitro-5-17-r7-16gb-1tb-4070-w11,135862025033_7.webp","{'Ekran': '17,3 "",  2560 x 1440 pikseli 165 Hz', 'Procesor': 'AMD Ryzen™ 7 7840HS', 'Pamięć': '16 GB  DDR5 5600 Mhz RAM', 'Grafika': 'NVIDIA® GeForce RTX™ 4070 + AMD Radeon™ 780M', 'Dysk': '1 TB SSD', 'System operacyjny': 'Windows 11 Home Edition'}"
"Laptop gamingowy MSI GF65 Thin 10UE-054PL 15,6""144Hz i5-10200H 8GB RAM 512GB Dysk SSD RTX3060 Win10 Czarny",,"https://f00.esfr.pl/foto/7/81012085761/8fc163df29859f5a04c876ff93dddca5/msi-laptop-gf65-i5-8gb-512ssd-3060-w10,81012085761_7.webp","{'Ekran': '15,6 "",  1920 x 1080 pikseli 144 Hz', 'Procesor': 'Intel® Core™ i5 10gen 10200H', 'Pamięć': '8 GB  DDR4 3200 MHz RAM', 'Grafika': 'NVIDIA® GeForce RTX™ 3060 + Intel UHD Graphics', 'Dysk': '512 GB SSD', 'System operacyjny': 'Windows 10 Home Edition'}"
"Laptop gamingowy Lenovo Legion 5 15AHP10 OLED 15,1"" 165Hz R7 260 24GB RAM 1TB Dysk SSD RTX5050 DLSS4 Win11 Czarny Funkcje AI",,"https://f00.esfr.pl/foto/1/176648931297/bb32fb5d90bcb5b1266bf65d5dec0e9/lenovo-laptop-lenovo-l5-r7-24gb-1tb-5050-w11,176648931297_7.webp","{'Ekran': '15,1 "",  2560 x 1600 pikseli 165 Hz', 'Procesor': 'AMD Ryzen™ 7 260', 'Pamięć': '24 GB  DDR5 4800 Mhz RAM', 'Grafika': 'NVIDIA® GeForce RTX™ 5050 + AMD Radeon™ 780M', 'Dysk': '1 TB SSD', 'System operacyjny': 'Windows 11 Home Edition'}"
"Laptop 2w1 MSI Summit A16 AI+ A3HMTG-053PL Copilot+ PC 16"" 165Hz Ryzen AI 9 365 32GB RAM 1TB Dysk SSD Win11 Pro Czarny Funkcje AI",,"https://f00.esfr.pl/foto/8/152048845785/97f64703435a2b77579bf70250034de3/msi-laptop-summit-a16-ai-r9-32-1tb-w11-pen,152048845785_7.webp","{'Ekran': '16 "", ekran dotykowy 2560 x 1600 pikseli 165 Hz', 'Procesor': 'AMD Ryzen™ AI 9 365', 'Pamięć': '32 GB  LPDDR5x 7500 Mhz RAM', 'Grafika': 'AMD  Radeon™ 880M', 'Dysk': '1 TB SSD', 'System operacyjny': 'Windows 11 Professional'}"
"Laptop ASUS Vivobook 18 M1807GA-S8004W 18"" 144Hz Ryzen AI 7 445 32GB RAM 1TB Dysk SSD Win11 Niebieski Funkcje AI",,"https://f00.esfr.pl/foto/2/185048932689/9356af0fef86b58d4220aedd7e1a0d6e/asus-laptop-asus-vb-18-r7ai-32-1tb-w11,185048932689_7.webp","{'Ekran': '18 "",  1920 x 1200 pikseli 144 Hz', 'Procesor': 'AMD Ryzen™ AI 7 445', 'Pamięć': '32 GB  DDR5 RAM', 'Grafika': 'AMD  Radeon™ 840M', 'Dysk': '1 TB SSD', 'System operacyjny': 'Windows 11 Home Edition'}"
"Laptop MSI Prestige 16 Flip AI+ C3MTG-067PL OLED 16"" 120Hz Ultra 9 386H 32GB RAM 2TB Dysk SSD Win11 Pro Szary Funkcje AI",,"https://f00.esfr.pl/foto/8/184827869745/53c8c2390590bf104ffafdb5679e3674/msi-laptop-msi-pres-f-16-u9-32-2tb-w11p,184827869745_7.webp","{'Ekran': '16 "", ekran dotykowy 2880 x 1800 pikseli 120 Hz', 'Procesor': 'Intel® Core™ Ultra 9 Series 3 386H', 'Pamięć': '32 GB  LPDDR5X RAM', 'Grafika': 'Intel®  Graphics', 'Dysk': '2 TB SSD', 'System operacyjny': 'Windows 11 Professional'}"
"Laptop ASUS Zenbook S16 OLED UM5606WA-RK267X 16"" 120Hz Ryzen AI 9 HX 370 32GB RAM 1TB Dysk SSD Win11 Pro Biały Funkcje AI",,"https://f00.esfr.pl/foto/5/148494398489/a2e7e58abcadc8672ea6b65fa57aa26d/asus-laptop-um5606-r9-ai-32gb-1tb-w11p,148494398489_7.webp","{'Ekran': '16 "",  2880 x 1800 pikseli 120 Hz', 'Procesor': 'AMD Ryzen™ AI 9 HX 370', 'Pamięć': '32 GB  LPDDR5X RAM', 'Grafika': 'AMD  Radeon™ 890M', 'Dysk': '1 TB SSD', 'System operacyjny': 'Windows 11 Professional'}"
"Laptop biznesowy Lenovo ThinkPad T14s Gen 5 14"" Ultra 7 155U 16GB RAM 512GB Dysk SSD Win11 Pro Czarny Funkcje AI",,"https://f00.esfr.pl/foto/2/153672927281/ecc4c684a8a2153e982589953cd43b91/lenovo-laptop-lenovo-7-155u-16gb-512gb-14-w11p,153672927281_7.webp","{'Ekran': '14 "",  1920 x 1200 pikseli 60 Hz', 'Procesor': 'Intel® Core™ Ultra 7 14gen 155U', 'Pamięć': '16 GB   LPDDR5x 6400 Mhz RAM', 'Grafika': 'Intel®  Graphics', 'Dysk': '512 GB SSD', 'System operacyjny': 'Windows 11 Professional'}"
"Laptop biznesowy Lenovo ThinkPad X13 Gen 6 13,3"" Ryzen AI 7 Pro 32GB RAM 1TB Dysk SSD Win11 Pro Czarny Funkcje AI",,"https://f00.esfr.pl/foto/8/183280834529/44220f0ea2925a697af07f68e903f64a/lenovo-laptop-leno-x13-r7pro350-32-1-13-3-w11p,183280834529_7.webp","{'Ekran': '13,3 "",  1920 x 1200 pikseli', 'Procesor': 'AMD Ryzen™ AI 7 Pro 350', 'Pamięć': '16 GB  LPDDR5x 8000 Mhz RAM', 'Grafika': 'AMD  Radeon™ 860M Graphics', 'Dysk': '1 TB SSD', 'System operacyjny': 'Windows 11 Professional'}"
"Laptop gamingowy HP OMEN 17-ck1102nw 17,3'' 165Hz i7-12700H 16GB RAM 1TB Dysk SSD RTX3070Ti Win11 Czarny",,"https://f00.esfr.pl/foto/9/114381213233/c791b4cd55c2775590dd9d83e5ba1380/hp-laptop-omen-17-i7-16gb-1tb-3070ti-w11,114381213233_7.webp","{'Ekran': '17,3 "",  2560 x 1440 pikseli 165 Hz', 'Procesor': 'Intel® Core™ i7 12gen 12700H', 'Pamięć': '16 GB  DDR5 4800 Mhz RAM', 'Grafika': 'NVIDIA® GeForce RTX™ 3070 Ti + Intel Iris Xe Graphics', 'Dysk': '1 TB SSD', 'System operacyjny': 'Windows 11 Home Edition'}"
"Laptop MSI Creator Z17 HX Studio A14VFT-239PL 17"" 165Hz i7-14700HX 32GB RAM 2TB Dysk SSD RTX4060 DLSS3 Win11 Pro Szary",,"https://f00.esfr.pl/foto/3/137023328649/b0c218ce69835e49e3704a6d60639b2b/msi-laptop-crea-17-i7-32-2tb-4060-w11pro-pen,137023328649_7.webp","{'Ekran': '17 "", ekran dotykowy 2560 x 1600 pikseli 165 Hz', 'Procesor': 'Intel® Core™ i7 14gen 14700HX', 'Pamięć': '32 GB  DDR5 5600 Mhz RAM', 'Grafika': 'NVIDIA® GeForce RTX™ 4060 + Intel UHD Graphics', 'Dysk': '2 TB SSD', 'System operacyjny': 'Windows 11 Professional'}"
"Laptop Acer Swift 3 SF314-511-57GL 14"" i5-1135G7 8GB RAM 512GB Dysk SSD Win10 Srebrny",,"https://f00.esfr.pl/foto/8/85321108065/d571d01a644294ed125c228030855351/acer-laptop-swift3-14-i5-8gb-512ssd-w10,85321108065_7.webp","{'Ekran': '14 "",  1920 x 1080 pikseli 60 Hz', 'Procesor': 'Intel® Core™ i5 11gen 1135G7', 'Pamięć': '8 GB  LPDDR4X RAM', 'Grafika': 'Intel®  Iris Xe Graphics', 'Dysk': '512 GB SSD', 'System operacyjny': 'Windows 10 Home Edition'}"
"Laptop Acer Aspire 3 A315-58-75RM 15,6"" i7-1165G7 16GB RAM 1TB Dysk SSD Win11 Srebrny",,"https://f00.esfr.pl/foto/6/131046621961/4b669fd30ddfbd2948d20ad765d05121/acer-laptop-aspire-3-i7-16gb-1tb-w11,131046621961_7.webp","{'Ekran': '15,6 "",  1920 x 1080 pikseli 60 Hz', 'Procesor': 'Intel® Core™ i7 11gen 1165G7', 'Pamięć': '16 GB  DDR4 RAM', 'Grafika': 'Intel®  Iris Xe Graphics', 'Dysk': '1 TB SSD', 'System operacyjny': 'Windows 11 Home Edition'}"
"Laptop biznesowy Dell Inspiron 3520-9980 15,6"" 120Hz i5-1235U 16GB RAM 1TB Dysk SSD Win11 Pro Srebrny",,"https://f00.esfr.pl/foto/6/133445154105/12504ddbcbc287eaa641ce50372a8fb8/dell-laptop-3520-i5-16gb-1tb-w11p,133445154105_7.webp","{'Ekran': '15,6 "",  1920 x 1080 pikseli 120 Hz', 'Procesor': 'Intel® Core™ i5 12gen 1235U', 'Pamięć': '16 GB  DDR4 2666 MHz RAM', 'Grafika': 'Intel®  Iris Xe Graphics', 'Dysk': '1 TB SSD', 'System operacyjny': 'Windows 11 Professional'}"
"Laptop Dell Inspiron 3525-6488 15,6"" 120Hz R7 5825U 8GB RAM 512GB Dysk SSD Win11 Czarny",,"https://f00.esfr.pl/foto/7/100781841473/f977c64e441580462ef28d2a3794a788/dell-laptop-3525-r7-8gb-512ssd-w11,100781841473_7.webp","{'Ekran': '15,6 "",  1920 x 1080 pikseli 120 Hz', 'Procesor': 'AMD Ryzen™ 7 5825U', 'Pamięć': '8 GB  DDR4 3200 MHz RAM', 'Grafika': 'AMD  Radeon™ Graphics', 'Dysk': '512 GB SSD', 'System operacyjny': 'Windows 11 Home Edition'}"
Laptop HP 15s-eq1123nw R5 4500U 16GB RAM 512GB Dysk SSD Win10 Srebrny,,"https://f00.esfr.pl/foto/7/87420453537/b5bd4c768dd9b5cc6869b501c97bb12a/hp-laptop-hp15s-r5-4500-16gb-512ssd-w10_1,87420453537_7.webp","{'Ekran': '15,6 "",  1920 x 1080 pikseli', 'Procesor': 'AMD Ryzen™ 5 4500U', 'Pamięć': '16 GB  DDR4 2666 MHz RAM', 'Grafika': 'AMD  Radeon™ Graphics', 'Dysk': '512 GB SSD', 'System operacyjny': 'Windows 10 Home Edition'}"
"Laptop gamingowy Dell G15 5520-6600 15,6"" 120Hz i5-12500H 16GB RAM 512GB Dysk SSD RTX3050 Win11 Czarny",,"https://f00.esfr.pl/foto/2/100781801481/abb4ae8910f76bf9b115141b0cb0e7c3/dell-laptop-g15-i5-16gb-512ssd-3050-w11,100781801481_7.webp","{'Ekran': '15,6 "",  1920 x 1080 pikseli 120 Hz', 'Procesor': 'Intel® Core™ i5 12gen 12500H', 'Pamięć': '16 GB  DDR5 4800 Mhz RAM', 'Grafika': 'NVIDIA® GeForce RTX™ 3050 + Intel Iris Xe Graphics', 'Dysk': '512 GB SSD', 'System operacyjny': 'Windows 11 Home Edition'}"
"Laptop Acer Aspire 3 A315-23-R6CP 15,6"" R5 3500U 16GB RAM 512GB Dysk SSD Win11 Czarny",,"https://f00.esfr.pl/foto/7/110628222433/4cd4e67a8e769231230632d8d10ae3b1/acer-laptop-aspire-3-r5-16gb-512ssd-w11,110628222433_7.webp","{'Ekran': '15,6 "",  1920 x 1080 pikseli 60 Hz', 'Procesor': 'AMD Ryzen™ 5 3500U', 'Pamięć': '16 GB  DDR4 RAM', 'Grafika': 'AMD  Radeon™Vega 8', 'Dysk': '512 GB SSD', 'System operacyjny': 'Windows 11 Home Edition'}"
"Laptop HP 15s-eq2162nw 15,6"" R3 5300U 16GB RAM 512GB Dysk SSD Win11 Srebrny",,"https://f00.esfr.pl/foto/9/100210364849/4a87585d1203bdde677b6753ec3056d1/hp-laptop-hp15s-r3-5300-16gb-512ss-w11,100210364849_7.webp","{'Ekran': '15,6 "",  1920 x 1080 pikseli', 'Procesor': 'AMD Ryzen™ 3 5300U', 'Pamięć': '16 GB  DDR4 3200 MHz RAM', 'Grafika': 'AMD  Radeon™ Graphics', 'Dysk': '512 GB SSD', 'System operacyjny': 'Windows 11 Home Edition'}"
"Laptop 2w1 Dell Inspiron 14 7420-3615 14""  i5-1235U 16GB RAM  512GB Dysk SSD  Win11 Srebrny",,"https://f00.esfr.pl/foto/5/112373187801/6a562ccc7a03e14ca2e998d27b605e78/dell-laptop-7420-i5-16gb-512ssd-w11,112373187801_7.webp","{'Ekran': '14 "", ekran dotykowy 1920 x 1200 pikseli 60 Hz', 'Procesor': 'Intel® Core™ i5 12gen 1235U', 'Pamięć': '16 GB  DDR4 3200 MHz RAM', 'Grafika': 'Intel®  Iris Xe Graphics', 'Dysk': '512 GB SSD', 'System operacyjny': 'Windows 11 Home Edition'}"
"Laptop biznesowy HP EliteBook 840 G9 14"" i7-1255U 16GB RAM 512GB Dysk SSD Win11 Pro Srebrny",,"https://f00.esfr.pl/foto/3/133344121009/96e67ec6290dec8d6fda99e0c0671735/hp-laptop-hp-i7-1255u-16gb-512gb-14-w11p_5,133344121009_7.webp","{'Ekran': '14 "",  1920 x 1200 pikseli 60 Hz', 'Procesor': 'Intel® Core™ i7 12gen 1255U', 'Pamięć': '16 GB  DDR5 4800 Mhz RAM', 'Grafika': 'Intel®  Iris Xe Graphics', 'Dysk': '512 GB SSD', 'System operacyjny': 'Windows 11 Professional'}"
"Laptop Acer Aspire 16 AI A16-52M OLED 16"" Ultra 5 226V 16GB RAM 512GB Dysk SSD Win11 Szary Funkcje AI",,"https://f00.esfr.pl/foto/9/189715909289/bc1b366453b02659eac10d3b528906db/acer-laptop-acer-a16-cu5-16gb-512gb-w11,189715909289_7.webp","{'Ekran': '16 "",  1920 x 1200 pikseli 60 Hz', 'Procesor': 'Intel® Core™ Ultra 5 15gen 226V', 'Pamięć': '16 GB  LPDDR5X RAM', 'Grafika': 'Intel®  Arc™ Graphics 130V', 'Dysk': '512 GB SSD', 'System operacyjny': 'Windows 11 Home Edition'}"
"Laptop Dell Vostro 5640 16"" Core 7 150U 16GB RAM 1TB Dysk SSD Win11 Pro Szary Funkcje AI",,"https://f00.esfr.pl/foto/6/143005704121/78e460c0b5fe4f8f552cfb7f20a8655e/dell-laptop-dell-7-150u-16gb-1tb-ssd-16-w11p,143005704121_7.webp","{'Ekran': '16 "",  1920 x 1200 pikseli 60 Hz', 'Procesor': 'Intel® Core™ 7 150U', 'Pamięć': '16 GB  DDR5 5200 Mhz RAM', 'Grafika': 'Intel®  Graphics', 'Dysk': '1 TB SSD', 'System operacyjny': 'Windows 11 Professional'}"
"Apple MacBook Air 2025 13,6"" M4 16GB RAM 256GB Dysk macOS Księżycowa poświata 70W Funkcje AI",,"https://f00.esfr.pl/foto/4/165147844481/8pr0c63icgd2/apple-laptop-mba-13-m4-10-8-16gb-256gb-sl-70w,165147844481_7.webp","{'Ekran': '13,6 "",  2560 x 1664 pikseli', 'Procesor': 'Apple M4', 'Pamięć': '16 GB  zunifikowana RAM', 'Grafika': 'Apple  M4 (8-rdzeni)', 'Dysk': '256 GB SSD', 'System operacyjny': 'macOS Sequoia lub nowszy'}"
"Laptop Microsoft Surface Pro 6 12,3"" Intel® Core™ i5-8250U 8GB RAM  128GB Dysk SSD  Win10  Platynowy + klawiatura  Czarny",,"https://f00.esfr.pl/foto/5/50520004905/31b96a7e6b42fff384e4492db55eb6cd/microsoft-laptop-surface-6pro-i5-8gb-128gb-w10-kla,50520004905_7.webp","{'Ekran': '12,3 "", ekran dotykowy 2736 x 1824 pikseli', 'Procesor': 'Intel® Core™ i5 8gen 8250U', 'Pamięć': '8 GB   RAM', 'Grafika': 'Intel®  UHD Graphics 620', 'Dysk': '128 GB SSD', 'System operacyjny': 'Windows 10 Home Edition (możliwość darmowej aktualizacji do Windows 11)'}"
"Laptop ASUS Zenbook 15 UM3504DA-BN160W 15,6"" R7 7735U 32GB RAM 1TB Dysk SSD Win11 Niebieski",,"https://f00.esfr.pl/foto/5/149764791369/e0940d0955a1f302a80e492ca016ba1f/asus-laptop-um3504-r7-32gb-1tb-w11_1,149764791369_7.webp","{'Ekran': '15,6 "",  1920 x 1080 pikseli 60 Hz', 'Procesor': 'AMD Ryzen™ 7 7735U', 'Pamięć': '32 GB  LPDDR5 RAM', 'Grafika': 'AMD  Radeon™ 680M', 'Dysk': '1 TB SSD', 'System operacyjny': 'Windows 11 Home Edition'}"
"Laptop ASUS VivoBook 18 M1807HA-S8028X 18"" 144Hz R7 260 16GB RAM 512GB Dysk SSD Win11 Pro Granatowy Funkcje AI",,"https://f00.esfr.pl/foto/1/172164009737/872b4fa393c586ee94b76d659b1aa2d2/asus-laptop-asus-vb-18-r7-16-512gb-w11p,172164009737_7.webp","{'Ekran': '18 "",  1920 x 1200 pikseli 144 Hz', 'Procesor': 'AMD Ryzen™ 7 260', 'Pamięć': '16 GB  DDR5 RAM', 'Grafika': 'AMD  Radeon™ 780M', 'Dysk': '512 GB SSD', 'System operacyjny': 'Windows 11 Professional'}"
Laptop gamingowy ASUS TUF Gaming A16 Advantage Edition 2023 FA617NSR-N0001W 16'' 165Hz R7 7435HS 16GB RAM 512GB Dysk SSD RX7600S Win11 Czarny,,"https://f00.esfr.pl/foto/5/141717312401/69fe5cf43b79c4188a7b887b8de925ce/asus-laptop-fa617nsr-16-r7-16-512gb-7600s-w11,141717312401_7.webp","{'Ekran': '16 "",  1920 x 1200 pikseli 165 Hz', 'Procesor': 'AMD Ryzen™ 7 7435HS', 'Pamięć': '16 GB  DDR5 4800 Mhz RAM', 'Grafika': 'AMD Radeon™ RX 7600S', 'Dysk': '512 GB SSD', 'System operacyjny': 'Windows 11 Home Edition'}"
"Laptop gamingowy Dell G15 5525-9904 15,6"" 165Hz R7 6800H 16GB RAM 1TB Dysk SSD RTX3070Ti Win11 Szary",,"https://f00.esfr.pl/foto/2/112373103281/4096293a9b092aec5c935dde3be1dd3e/dell-laptop-5525-r7-16gb-1tbssd-3070ti-w11,112373103281_7.webp","{'Ekran': '15,6 "",  1920 x 1080 pikseli 165 Hz', 'Procesor': 'AMD Ryzen™ 7 6800H', 'Pamięć': '16 GB  DDR5 4800 Mhz RAM', 'Grafika': 'NVIDIA® GeForce RTX™ 3070 Ti + AMD Radeon™ 660M', 'Dysk': '1 TB SSD', 'System operacyjny': 'Windows 11 Home Edition'}"
"Laptop gamingowy Gigabyte AERO X16 1TH 16"" 165Hz Ryzen AI 7 350 16GB RAM 1TB Dysk SSD RTX5050 DLSS4 Win11 Szary Funkcje AI",,"https://f00.esfr.pl/foto/6/172331487513/36ecae07ab74877d3d8b8ea560679e2c/gigabyte-laptop-areo-x16-r7ai-16gb-1tb-5050-w11_1,172331487513_7.webp","{'Ekran': '16 "",  1920 x 1200 pikseli 165 Hz', 'Procesor': 'AMD Ryzen™ AI 7 350', 'Pamięć': '16 GB  DDR5 5600 Mhz RAM', 'Grafika': 'NVIDIA® GeForce RTX 5050 + AMD Radeon™ 860M', 'Dysk': '1 TB SSD', 'System operacyjny': 'Windows 11 Home Edition'}"
"Laptop HP Victus 15-fb3018nw 15,6"" 144Hz Ryzen AI 5 340 16GB RAM 512GB Dysk SSD RTX5050 DLSS4 Win11 Czarno-srebrny Funkcje AI",,"https://f00.esfr.pl/foto/1/172741862993/72187066ae23668577d412b55c430878/hp-laptop-hp-vic-15-rai-5-16-512-5050-w11,172741862993_7.webp","{'Ekran': '15,6 "",  1920 x 1080 pikseli 144 Hz', 'Procesor': 'AMD Ryzen™ AI 5 340', 'Pamięć': '16 GB  DDR5 5600 Mhz RAM', 'Grafika': 'NVIDIA® GeForce GTX™ 5050 + AMD Radeon™ 840M', 'Dysk': '512 GB SSD', 'System operacyjny': 'Windows 11 Home Edition'}"
"Laptop gamingowy MSI GF63 Thin 11UD-467PL 15,6""144Hz i7-11800H 16GB RAM 512GB Dysk SSD RTX3050Ti Win11 Czarny",,"https://f00.esfr.pl/foto/2/97051812577/9ff3e565916c95ee0bacbe3eef93e346/msi-laptop-gf63-i7-16gb-512ssd-3050ti-w11_1,97051812577_7.webp","{'Ekran': '15,6 "",  1920 x 1080 pikseli 144 Hz', 'Procesor': 'Intel® Core™ i7 11gen 11800H', 'Pamięć': '16 GB  DDR4 3200 MHz RAM', 'Grafika': 'NVIDIA® GeForce RTX™ 3050 Ti + Intel UHD Graphics', 'Dysk': '512 GB SSD', 'System operacyjny': 'Windows 11 Home Edition'}"
"Laptop ASUS Vivobook Pro 15 K3500PC-KJ405W 15,6"" i7-11370H 16GB RAM 512GB Dysk SSD RTX3050 Win11 Srebrny",,"https://f00.esfr.pl/foto/8/113046170369/285bce0cfda0c0a038b2456a71d0d47f/asus-laptop-k3500-i7-16gb-512ssd-w11_1,113046170369_7.webp","{'Ekran': '15,6 "",  1920 x 1080 pikseli 60 Hz', 'Procesor': 'Intel® Core™ i7 11gen 11370H', 'Pamięć': '16 GB  DDR4 RAM', 'Grafika': 'NVIDIA® GeForce RTX 3050 + Intel Iris Xe Graphics', 'Dysk': '512 GB SSD', 'System operacyjny': 'Windows 11 Home Edition'}"
"Laptop HP Envy 13-ba0001nw 13,3'' i7-1065G7 8GB RAM 512GB Dysk SSD Win10 Srebrny",,"https://f00.esfr.pl/foto/5/70484986017/e10cb335362d5e890c27c1be4087e233/hp-laptop-envy-i7-1065-8gb-512ssd-13-3-w10,70484986017_7.webp","{'Ekran': '13,3 "",  1920 x 1080 pikseli', 'Procesor': 'Intel® Core™ i7 10gen 1065G7', 'Pamięć': '8 GB  DDR4 2666 MHz RAM', 'Grafika': 'Intel®  Iris Plus Graphics', 'Dysk': '512 GB SSD', 'System operacyjny': 'Windows 10 Home Edition'}"
"Laptop biznesowy HP EliteBook 6 G1i 14"" Ultra 5 225H 16GB RAM 512GB Dysk SSD Win11 Pro Srebrny Funkcje AI",,"https://f00.esfr.pl/foto/7/184605401417/51363d0af5e7a5e61d7941eeec2f31e6/hp-laptop-hp-eb-u5-225h-16-512gb-14-w11p,184605401417_7.webp","{'Ekran': '14 "",  1920 x 1200 pikseli 60 Hz', 'Procesor': 'Intel® Core™ Ultra 5 15gen 225H', 'Pamięć': '16 GB  DDR5 5600 Mhz RAM', 'Grafika': 'Intel®  Arc™ 130T', 'Dysk': '512 GB SSD', 'System operacyjny': 'Windows 11 Professional'}"
"Laptop biznesowy Lenovo ThinkPad L13 Gen 5 13,3"" Ultra 5 125U 16GB RAM 512GB Dysk SSD Win11 Pro Czarny Funkcje AI",,"https://f00.esfr.pl/foto/4/145618731769/c4ff30386c6eddb5f0cba83097e69757/lenovo-laptop-len-ultra5125u-16-512gb-13-3-w11p,145618731769_7.webp","{'Ekran': '13,3 "",  1920 x 1200 pikseli', 'Procesor': 'Intel® Core™ Ultra 5 14gen 125U', 'Pamięć': '16 GB  LPDDR5 6400 Mhz RAM', 'Grafika': 'Intel®  Graphics', 'Dysk': '512 GB SSD', 'System operacyjny': 'Windows 11 Professional'}"
"Laptop ultrabook MSI Prestige 14 A12SC-093PL 14"" i7-1280P 16GB RAM 512GB Dysk SSD GTX1650 Max-Q Win11 Szary",,"https://f00.esfr.pl/foto/3/111225559585/7df3df83e535982ba301d63fd763ff69/msi-laptop-p14-14-i7-16gb-512ssd-1650-w11,111225559585_7.webp","{'Ekran': '14 "",  1920 x 1080 pikseli', 'Procesor': 'Intel® Core™ i7 12gen 1280P', 'Pamięć': '16 GB  LPDDR4X RAM', 'Grafika': 'NVIDIA® GeForce GTX 1650 Max-Q + Intel Iris Xe Graphics', 'Dysk': '512 GB SSD', 'System operacyjny': 'Windows 11 Home Edition'}"
"Laptop gamingowy Lenovo Legion 5 15AKP10 OLED 15,1"" 165Hz Ryzen AI 7 350 32GB RAM 512GB Dysk SSD RTX5070 DLSS4 Win11 Czarny Funkcje AI",,"https://f00.esfr.pl/foto/7/173301512241/3b3c69092b88d2cb3b792ec2c0e994e/lenovo-laptop-lenovo-l5-r7a-32gb-512gb-5070-w11,173301512241_7.webp","{'Ekran': '15,1 "",  2560 x 1600 pikseli 165 Hz', 'Procesor': 'AMD Ryzen™ AI 7 350', 'Pamięć': '32 GB  DDR5 5600 Mhz RAM', 'Grafika': 'NVIDIA® GeForce RTX™ 5070 + AMD Radeon™ 860M', 'Dysk': '512 GB SSD', 'System operacyjny': 'Windows 11 Home Edition'}"
"Laptop gamingowy HP OMEN 16-k0132nw 16,1'' 165Hz i9-12900H 32GB RAM 2TB Dysk SSD RTX3070Ti Win11 Czarny",,"https://f00.esfr.pl/foto/8/114381290609/ce4c0475bce52ad307b13a0a28c63aa5/hp-laptop-omen-16-1-i9-2tb-3070ti-w11,114381290609_7.webp","{'Ekran': '16,1 "",  2560 x 1440 pikseli 165 Hz', 'Procesor': 'Intel® Core™ i9 12gen 12900H', 'Pamięć': '32 GB  DDR5 4800 Mhz RAM', 'Grafika': 'NVIDIA® GeForce RTX™ 3070 Ti + Intel Iris Xe Graphics', 'Dysk': '2 TB SSD', 'System operacyjny': 'Windows 11 Home Edition'}"
"Apple MacBook Pro M1 13,3"" M1 8GB RAM 256GB Dysk macOS Gwiezdna Szarość",,"https://f00.esfr.pl/foto/8/74216565241/53ed1c69d06eaf3691c75370d2c543c1/apple-laptop-mcpro-m1-13-8gb-256ssd-space-grey,74216565241_7.webp","{'Ekran': '13,3 "",  2560 x 1600 pikseli', 'Procesor': 'Apple M1', 'Pamięć': '8 GB  DDR4 RAM', 'Grafika': 'Apple  M1 (8-rdzeni)', 'Dysk': '256 GB SSD', 'System operacyjny': 'macOS Big Sur lub nowszy'}"
"Laptop ASUS X515JA-BQ3409W 15,6"" i5-1035G1 16GB RAM 512GB Dysk SSD Win11 Srebrny",,"https://f00.esfr.pl/foto/1/114321200985/2f0ab003c81cf8492c2be2d2abb1637f/asus-laptop-x515-i5-16gb-512ssd-w11_3,114321200985_7.webp","{'Ekran': '15,6 "",  1920 x 1080 pikseli', 'Procesor': 'Intel® Core™ i5 10gen 1035G1', 'Pamięć': '16 GB  DDR4 RAM', 'Grafika': 'Intel®  UHD Graphics', 'Dysk': '512 GB SSD', 'System operacyjny': 'Windows 11 Home Edition'}"
"Laptop ASUS ExpertBook B1 B1503CVA-S72273W 15,6"" i5-1334U 16GB RAM 512GB Dysk SSD Win11 Czarno-szary",,"https://f00.esfr.pl/foto/8/172821717617/ab3147ba71f014c9130705dc718d74fb/asus-laptop-asus-exp-15-i5-16-512gb-w11,172821717617_7.webp","{'Ekran': '15,6 "",  1920 x 1080 pikseli 60 Hz', 'Procesor': 'Intel® Core™ i5 13gen 1334U', 'Pamięć': '16 GB  DDR5 RAM', 'Grafika': 'Intel®  Iris Xe Graphics (działający jako Intel UHD Graphics)', 'Dysk': '512 GB SSD', 'System operacyjny': 'Windows 11 Home Edition'}"
"Laptop gamingowy Acer Nitro 17 AN17-41-R7DP 17,3"" 165Hz R5 7535HS 16GB RAM 512GB Dysk SSD RTX4050 DLSS3 Win11 Czarny",,"https://f00.esfr.pl/foto/4/140262497593/57d46f173da2a543ed8968117d0f56f1/acer-laptop-nitro-5-17-r5-16gb-512gb-4050-w11,140262497593_7.webp","{'Ekran': '17,3 "",  1920 x 1080 pikseli 165 Hz', 'Procesor': 'AMD Ryzen™ 5 7535HS', 'Pamięć': '16 GB  DDR5 RAM', 'Grafika': 'NVIDIA® GeForce RTX™ 4050 + AMD Radeon™ 660M', 'Dysk': '512 GB SSD', 'System operacyjny': 'Windows 11 Home Edition'}"
"Laptop biznesowy ASUS ExpertBook B3 B3404CVA-Q50137X 14"" i5-1335U 16GB RAM 512GB Dysk SSD Win11 Pro Czarny",,"https://f00.esfr.pl/foto/9/152465780681/a28cc726878ab1b688bd8c0892d9e332/asus-laptop-asus-14-i5-16gb-512gb-w11p_3,152465780681_7.webp","{'Ekran': '14 "",  1920 x 1200 pikseli 60 Hz', 'Procesor': 'Intel® Core™ i5 13gen 1335U', 'Pamięć': '16 GB  DDR5 RAM', 'Grafika': 'Intel®  UHD Graphics', 'Dysk': '512 GB SSD', 'System operacyjny': 'Windows 11 Professional'}"
"Laptop ASUS Vivobook S16 M3607HA-RP003W 16"" 144Hz R7 260 16GB RAM 1TB Dysk SSD Win11 Szary Funkcje AI",,"https://f00.esfr.pl/foto/6/162043572985/b259ff922548069082db9110eb725cd1/asus-laptop-vivobook-s-16-r7-16-1tb-w11_1,162043572985_7.webp","{'Ekran': '16 "",  1920 x 1200 pikseli 144 Hz', 'Procesor': 'AMD Ryzen™ 7 260', 'Pamięć': '16 GB  DDR5 RAM', 'Grafika': 'AMD  Radeon™ 780M', 'Dysk': '1 TB SSD', 'System operacyjny': 'Windows 11 Home Edition'}"
"Laptop ultrabook ASUS VivoBook S13 S333EA-EG018T 13,3"" i5-1135G7 16GB RAM 512GB Dysk SSD Win10 Czarny",,"https://f00.esfr.pl/foto/2/92590424025/cd5d6138a0c0b1359955867a0953d5c9/asus-laptop-s333-13-i5-16gb-512ssd-w10,92590424025_7.webp","{'Ekran': '13,3 "",  1920 x 1080 pikseli', 'Procesor': 'Intel® Core™ i5 11gen 1135G7', 'Pamięć': '16 GB  LPDDR4X RAM', 'Grafika': 'Intel®  Iris Xe Graphics', 'Dysk': '512 GB SSD', 'System operacyjny': 'Windows 10 Home Edition'}"
"Laptop HP EliteBook 840 G11 14"" Ultra 7 155U 16GB RAM 512GB Dysk SSD Win11 Pro Srebrny",,"https://f00.esfr.pl/foto/5/149827819609/d18f4aaedee786993ec18a095eac6797/hp-laptop-hp-ultra7-155u-16gb-512-14-w11p_1,149827819609_7.webp","{'Ekran': '14 "",  1920 x 1200 pikseli 60 Hz', 'Procesor': 'Intel® Core™ Ultra 7 14gen 155U', 'Pamięć': '16 GB  DDR5 5600 Mhz RAM', 'Grafika': 'Intel®  Graphics', 'Dysk': '512 GB SSD', 'System operacyjny': 'Windows 11 Professional'}"
"Laptop biznesowy HP 470 G9 17,3"" i7-1255U 16GB RAM 512GB Dysk SSD Win11 Pro Srebrny",,"https://f00.esfr.pl/foto/9/120043513681/2a841f6c8092d70a7cea51c336d1460/hp-laptop-hp-i7-1255u16gb-512gb-17-3-w11p,120043513681_7.webp","{'Ekran': '17,3 "",  1920 x 1080 pikseli', 'Procesor': 'Intel® Core™ i7 12gen 1255U', 'Pamięć': '16 GB  DDR4 3200 MHz RAM', 'Grafika': 'Intel® UHD Graphics', 'Dysk': '512 GB SSD', 'System operacyjny': 'Windows 11 Professional'}"
"Laptop ASUS Vivobook 16 Flip TP3607SH-RJ007W OLED 16"" 120Hz Ultra 5 226V 16GB RAM 512GB Dysk SSD RTX5050 DLSS4 Win11 Szary AI",,"https://f00.esfr.pl/foto/7/172240043369/f2f3fefded7fc0c4428267d9d10b6061/asus-laptop-as-vb-f-16-16-512-5050-w11,172240043369_7.webp","{'Ekran': '16 "", ekran dotykowy 2880 x 1800 pikseli 120 Hz', 'Procesor': 'Intel® Core™ Ultra 5 15gen 226V', 'Pamięć': '16 GB  LPDDR5X RAM', 'Grafika': 'NVIDIA® GeForce RTX 5050 + Intel Arc Graphics 130V', 'Dysk': '512 GB SSD', 'System operacyjny': 'Windows 11 Home Edition'}"
Laptop biznesowy ASUS ExpertBook B9 OLED B9403CVAR-PP2122X 14'' Core 7 150U 32GB RAM 1TB Dysk SSD Win11 Pro Czarny Funkcje AI,,"https://f00.esfr.pl/foto/8/184604732593/2dc2787e6bb60614a98c608162ccf4ea/asus-laptop-asus-7-150u-32-1tb-14-oled-w11p,184604732593_7.webp","{'Ekran': '14 "",  2880 x 1800 pikseli 120 Hz', 'Procesor': 'Intel® Core™ 7 14gen 150U', 'Pamięć': '32 GB  LPDDR5X RAM', 'Grafika': 'Intel®  Graphics', 'Dysk': '1 TB SSD', 'System operacyjny': 'Windows 11 Professional'}"
Laptop gamingowy HP OMEN 16-u0042nw 16'' 240Hz i9-13900HX 32GB RAM 1TB Dysk SSD RTX4070 DLSS3 Win11 Biały,,"https://f00.esfr.pl/foto/2/137623950793/656345ac65a8ca72061ee116d73f8fb7/hp-laptop-omen-16-i9-32gb-1tb-4070-w11_1,137623950793_7.webp","{'Ekran': '16 "",  2560 x 1600 pikseli 240 Hz', 'Procesor': 'Intel® Core™ i9 13gen 13900HX', 'Pamięć': '32 GB  DDR5 5600 Mhz RAM', 'Grafika': 'NVIDIA® GeForce RTX™ 4070 + Intel UHD Graphics', 'Dysk': '1 TB SSD', 'System operacyjny': 'Windows 11 Home Edition'}"
"Laptop HP Spectre x360 14-ea0047nw 13,5'' i7-1165G7 16GB RAM 1TB Dysk SSD Win10 Srebrny",,"https://f00.esfr.pl/foto/7/82719664073/6da71e726fa264be293e89e8aa04cc1f/hp-laptop-spec-i7-16gb-1tbsssd-13-5-w10,82719664073_7.webp","{'Ekran': '13,5 "", ekran dotykowy 1920 x 1280 pikseli', 'Procesor': 'Intel® Core™ i7 11gen 1165G7', 'Pamięć': '16 GB  LPDDR4 RAM', 'Grafika': 'Intel®  Iris Xe Graphics', 'Dysk': '1 TB SSD', 'System operacyjny': 'Windows 10 Home Edition'}"
